OBJECTID,ZO_ZONE,ZO_ORDINANCE,ZO_SPEC_CODE,ZO_PROJ_NUM,ZO_UPDATE_NUM,ZO_ZONE_DATE,ZO_ZONE_ORD,ZO_MAINT_TASK_ID,ZO_GIS_START_DATE,ZO_GIS_END_DATE,ZO_UPD_DATE,SHAPE_Length,SHAPE_Area,NEW_ID,ZD_ZONE_NAME,ZD_ZONE_DESC,agstype
1,IP,2023,NONE,ZMAP-2022-0024,,2025/02/19 05:00:00+00,IP 2023,2025_0008,1902/01/01 05:00:00+00,1902/01/01 05:00:00+00,2025/04/11 04:00:00+00,10903.40805,3646629.967,1,Industrial Park,"District for office, light production, flex space, and warehousing uses.  Support limited first floor retail or other accessory uses that serve predominate uses.",IP
2,R16,2023,NV,ZMAP-2023-0007,NO VALUE,2025/02/19 05:00:00+00,R16  2023,2025_0009,1902/01/01 05:00:00+00,1902/01/01 05:00:00+00,2025/02/26 05:00:00+00,4145.403527,750856.1024,2,Townhouse/Multifamily Residential-16,Single family attached/detached and multifamily residences at a maximum density of 16 units per acre; 19.2 units per acre with ADU. Served by public water and sewer. In areas designated for infill development. Traditional design option.,R16
3,R16,2023,28,ZMAP-2019-0021,,2025/02/19 05:00:00+00,R16  2023,2025_0007,1902/01/01 05:00:00+00,1902/01/01 05:00:00+00,2025/02/25 05:00:00+00,2010.482244,210384.4081,3,Townhouse/Multifamily Residential-16,Single family attached/detached and multifamily residences at a maximum density of 16 units per acre; 19.2 units per acre with ADU. Served by public water and sewer. In areas designated for infill development. Traditional design option.,R16
4,IP,2023,NONE,, ,2023/07/31 04:00:00+00,IP 2023,2025_0006,1902/01/01 05:00:00+00,1902/01/01 05:00:00+00,2025/02/25 05:00:00+00,3001.615665,549368.6549,4,Industrial Park,"District for office, light production, flex space, and warehousing uses.  Support limited first floor retail or other accessory uses that serve predominate uses.",IP
5,R4,2023,NONE,ZMAP-2020-0008,,2024/11/07 05:00:00+00,R4  2023,2024_0020,1902/01/01 05:00:00+00,1902/01/01 05:00:00+00,2025/03/18 04:00:00+00,9355.951295,3056391.222,5,Single Family Residential-4,"Moderate density single family detached development with a maximum density of 1 unit per 10,000 square feet, 4.8 units per acre with ADU. Served by public water and sewer. Cluster, suburban, and traditional design and compact cluster options.",R4
6,JLMA20,2023,NV, , ,1900/01/01 05:00:00+00,JLMA202023,2020_0012,1902/01/01 05:00:00+00,1902/01/01 05:00:00+00,2025/02/25 05:00:00+00,27258.24763,2485845.718,6,Joint Land Management Area-20,Rural business and residential uses compatable with Leesburg Executive Airport (no cluster option); 1.0 dwelling unit per 20 acres,JLMA20
7,TOWNS,2023,NV,NO VALUE,NO VALUE,1900/01/01 05:00:00+00,TOWNS 2023,2020_0012,1902/01/01 05:00:00+00,1902/01/01 05:00:00+00,2025/01/31 05:00:00+00,127028.1196,370428628.8,7,Incorporated Towns,Districts zoned by the incorporated town and administered by the town.,TOWNS
8,TR3UBF,2023,, , ,1900/01/01 05:00:00+00,TR3UBF2023,2022_0021,1902/01/01 05:00:00+00,1902/01/01 05:00:00+00,2024/12/04 05:00:00+00,77980.38492,89131473.21,8,Transitional Residential - 3 (Upper Broad Run and Upper Foley),"Sub-district of TR3 without central utilities. Residential with cluster (50% open space); 1.0 dwelling unit per 3 acres, 1.2 dwelling units per 3 acres with ADU",TR3UBF
9,PDH6,2023,,ZMAP-2021-0008, ,2024/04/10 04:00:00+00,PDH6  2023,2024_0004,1902/01/01 05:00:00+00,1902/01/01 05:00:00+00,2025/04/09 04:00:00+00,22542.63074,10701641.93,9,Planned Development Housing-6,Mixed use residential communities including single family and multifamily housing products with supportive non-residential uses. Maximum overall residential density of 6 units per acre.,PDH6
10,PDH4,2023,,ZMAP-1991-0005, ,1993/03/03 05:00:00+00,PDH4  2023,2023_0006,1902/01/01 05:00:00+00,1902/01/01 05:00:00+00,2024/02/16 05:00:00+00,86801.8761,75371002.4,10,Planned Development Housing-4,Mixed use residential communities including single family and multifamily housing products with supportive non-residential uses. Maximum overall residential density of 4 units per acre.,PDH4
11,IP,2023,NV,ZRTD-2022-0005,,2023/06/20 04:00:00+00,IP 2023,2023_0027,1902/01/01 05:00:00+00,1902/01/01 05:00:00+00,2025/04/09 04:00:00+00,2499.225953,350980.213,11,Industrial Park,"District for office, light production, flex space, and warehousing uses.  Support limited first floor retail or other accessory uses that serve predominate uses.",IP
12,TR10,2023,, , ,1900/01/01 05:00:00+00,TR10  2023,2021_0028,1902/01/01 05:00:00+00,1902/01/01 05:00:00+00,2025/02/25 05:00:00+00,69622.44122,69571485.79,12,Transitional Residential - 10,"Residential with cluster (70% open space); 1.0 dwelling unit per 10 acres, 1.2 dwelling units per 10 acres with ADU",TR10
13,TR3UBF,2023,NV,ZMAP-2012-0013,NO VALUE,2015/01/21 05:00:00+00,TR3UBF2023,,1902/01/01 05:00:00+00,1902/01/01 05:00:00+00,2025/03/18 04:00:00+00,9653.756905,3733977.957,13,Transitional Residential - 3 (Upper Broad Run and Upper Foley),"Sub-district of TR3 without central utilities. Residential with cluster (50% open space); 1.0 dwelling unit per 3 acres, 1.2 dwelling units per 3 acres with ADU",TR3UBF
14,R1,2023,28, , ,1900/01/01 05:00:00+00,R1  2023,2012_0003,1902/01/01 05:00:00+00,1902/01/01 05:00:00+00,2025/02/25 05:00:00+00,9518.612417,744085.4304,14,Single Family Residential-1,"Low-density single family detached development with a maximum density of 1 unit per 40,000 square feet; 1.2 unit per 40,000 square feet with ADU. Served by public water and sewer. Cluster and compact cluster options.",R1
15,AR1,2023,NV,ZMAP-2005-0042, ,2006/12/05 05:00:00+00,AR1  2023,2023_0003,1902/01/01 05:00:00+00,1902/01/01 05:00:00+00,2025/04/11 04:00:00+00,1124537.685,6724959430,15,Agricultural Rural - 1,Rural business and residential uses: Base Density: 1.0 dwelling unit per 20 acres; Principal/Subordinate Subdivision: 1.0 dwelling unit per 10 acres; Cluster Subdivision: 1.0 dwelling unit per 5 acres,AR1
16,PDAAAR,2023,NV,ZMAP-2005-0020,0,2007/10/16 04:00:00+00,PDAAAR2023,2012_0003,1902/01/01 05:00:00+00,1902/01/01 05:00:00+00,2023/12/13 22:48:33+00,19004.91279,11114907.33,16,Planned Development-Active Adult/Age Restricted,"Planned adult residential communities 55 years or older. Max 30 dwelling units per acre, 36 dwelling units per acre with ADU, public sewer and water, and are served by one or more major arterial or collector roads. Consistent with locations designated for high-density urban residential development.",PDAAAR
17,RC,2023,, , ,1900/01/01 05:00:00+00,RC  2023,2025_0003,1902/01/01 05:00:00+00,1902/01/01 05:00:00+00,2025/02/18 05:00:00+00,4242.001081,867779.6219,17,Rural Commercial,Commercial properties predominantly located in rural Loudoun. Uses are compatible with scale and character of general open and rural character of Rural North & South Place Types.,RC
18,PDH4,2023,NV,ZMAP-2002-0011, ,2004/04/06 04:00:00+00,PDH4  2023,2012_0003,1902/01/01 05:00:00+00,1902/01/01 05:00:00+00,2025/02/25 05:00:00+00,36481.77508,37241710.26,18,Planned Development Housing-4,Mixed use residential communities including single family and multifamily housing products with supportive non-residential uses. Maximum overall residential density of 4 units per acre.,PDH4
19,CR3,2023,, , ,1900/01/01 05:00:00+00,CR3  2023,2025_0003,1902/01/01 05:00:00+00,1902/01/01 05:00:00+00,2025/02/18 05:00:00+00,11080.79312,4442388.963,19,Countryside Residential-3,"Residential development with a maximum density of 1 unit per 40,000 square feet with on-site well and wastewater. 1 unit per 15,000 square feet served by public water/sewer in cluster/complact cluster options.",CR3
20,PDH4,2023,,ZMAP-1984-0001,Z2001-0007,1984/04/16 04:00:00+00,PDH4  2023,2012_0003,1902/01/01 05:00:00+00,1902/01/01 05:00:00+00,2025/02/19 05:00:00+00,9016.695858,2709530.14,20,Planned Development Housing-4,Mixed use residential communities including single family and multifamily housing products with supportive non-residential uses. Maximum overall residential density of 4 units per acre.,PDH4
21,PDH6,1972,,ZMAP-1975-0236,2015_0009,1900/01/01 05:00:00+00,PDH6  1972, ,1902/01/01 05:00:00+00,1902/01/01 05:00:00+00,2025/02/19 05:00:00+00,8828.417898,3095526.397,21,Planned Development Housing-6,Mixed use residential communities including single family and multifamily housing products with supportive non-residential uses. Maximum overall residential density of 6 units per acre.,PDH6
22,PDH3,2023,, , ,1900/01/01 05:00:00+00,PDH3  2023,2023_0010,1902/01/01 05:00:00+00,1902/01/01 05:00:00+00,2023/12/13 22:48:33+00,27561.13843,23580793.21,22,Planned Development Housing-3,Mixed use residential communities including single family and multifamily housing products with supportive non-residential uses. Maximum overall residential density of 3 units per acre.,PDH3
23,A10,2023,,ZMAP-1997-0011,Z2000-0002,1998/06/03 04:00:00+00,A10   2023,2012_0003,1902/01/01 05:00:00+00,1902/01/01 05:00:00+00,2023/12/13 22:48:33+00,15207.9532,13333856.85,23,Agriculture,Agriculture and low density residential development with a maximum density of one unit per 10 acres. Rural hamlet options.,A10
24,A10,2023,,ZMAP-1998-0009,Z2000-0001,1900/01/01 05:00:00+00,A10   2023,2012_0003,1902/01/01 05:00:00+00,1902/01/01 05:00:00+00,2025/04/11 04:00:00+00,13643.54904,9945514.466,24,Agriculture,Agriculture and low density residential development with a maximum density of one unit per 10 acres. Rural hamlet options.,A10
25,CCSC,2023,NONE,ZMAP-2021-0016,,2024/02/14 05:00:00+00,CCSC 2023,2025_0010,1902/01/01 05:00:00+00,1902/01/01 05:00:00+00,2025/03/06 05:00:00+00,5466.881839,1218777.753,25,Commercial Center - Small Regional Center,"Small regional centers to meet shopping needs of a communitymore than a 10 minute drive from the center. Minimum of 18 acres, maximum of 60 acres. Controlled access to a major collector.",CCSC
26,PDH4,2023,NONE,ZMAP-2021-0020,,2025/01/22 05:00:00+00,PDH4  2023,2025_0002,1902/01/01 05:00:00+00,1902/01/01 05:00:00+00,2025/02/04 05:00:00+00,5172.352985,1049950.671,26,Planned Development Housing-4,Mixed use residential communities including single family and multifamily housing products with supportive non-residential uses. Maximum overall residential density of 4 units per acre.,PDH4
27,R16,2023,,ZMAP-2022-0013,,2024/10/16 04:00:00+00,R16  2023,2024_0019,1902/01/01 05:00:00+00,1902/01/01 05:00:00+00,2024/12/04 05:00:00+00,3827.520632,867296.2909,27,Townhouse/Multifamily Residential-16,Single family attached/detached and multifamily residences at a maximum density of 16 units per acre; 19.2 units per acre with ADU. Served by public water and sewer. In areas designated for infill development. Traditional design option.,R16
28,IP,2023,NONE,ZMAP-2022-0022,,2024/10/16 04:00:00+00,IP 2023,2024_0018,1902/01/01 05:00:00+00,1902/01/01 05:00:00+00,2024/12/04 05:00:00+00,3460.794221,508392.058,28,Industrial Park,"District for office, light production, flex space, and warehousing uses.  Support limited first floor retail or other accessory uses that serve predominate uses.",IP
29,R16,2023,NV,ZMAP-2020-0002,,2021/11/16 05:00:00+00,R16  2023,2021_0027,1902/01/01 05:00:00+00,1902/01/01 05:00:00+00,2024/12/11 05:00:00+00,3628.639247,708478.0429,29,Townhouse/Multifamily Residential-16,Single family attached/detached and multifamily residences at a maximum density of 16 units per acre; 19.2 units per acre with ADU. Served by public water and sewer. In areas designated for infill development. Traditional design option.,R16
30,OP,2023,NV,ZMAP-2013-0005,22,2015/05/20 04:00:00+00,OP 2023,2023_0027,1902/01/01 05:00:00+00,1902/01/01 05:00:00+00,2025/02/04 05:00:00+00,19108.58208,2839108.997,30,Office Park,"District for administrative, business and professional offices research and development, and supporting commercial and instibutional uses and facilities; support limited first floor retail.",OP
31,JLMA3,2023,NV,,22,1900/01/02 05:00:00+00,JLMA3 2023,2020_0017,1902/01/01 05:00:00+00,1902/01/01 05:00:00+00,2025/02/04 05:00:00+00,17907.15728,1958026.37,31,Joint Land Management Area-3,Appropriate mix of residential & non-residential uses with a variety of dwelling units & lot sizes; 1.0 dwelling unit per 3 acres. or 1.2 dwelling units per 3 acres. with ADU,JLMA3
32,IP,2023,NV,ZMAP-2008-0009,,2008/10/21 04:00:00+00,IP 2023,2023_0027,1902/01/01 05:00:00+00,1902/01/01 05:00:00+00,2025/01/31 05:00:00+00,6773.783424,134860.5851,32,Industrial Park,"District for office, light production, flex space, and warehousing uses.  Support limited first floor retail or other accessory uses that serve predominate uses.",IP
33,JLMA20,2023,, , ,1900/01/01 05:00:00+00,JLMA202023,2022_0007,1902/01/01 05:00:00+00,1902/01/01 05:00:00+00,2023/12/13 22:48:33+00,52324.8674,17164172.54,33,Joint Land Management Area-20,Rural business and residential uses compatable with Leesburg Executive Airport (no cluster option); 1.0 dwelling unit per 20 acres,JLMA20
34,OP,2023,NV,ZMAP-2003-0008, ,2005/07/19 04:00:00+00,OP 2023,2023_0027,1902/01/01 05:00:00+00,1902/01/01 05:00:00+00,2023/12/13 22:48:33+00,8197.646571,920319.7571,34,Office Park,"District for administrative, business and professional offices research and development, and supporting commercial and instibutional uses and facilities; support limited first floor retail.",OP
35,IP,2023,, , ,1900/01/01 05:00:00+00,IP 2023,2024_0017,1902/01/01 05:00:00+00,1902/01/01 05:00:00+00,2024/12/04 05:00:00+00,7977.090498,3398230.279,35,Industrial Park,"District for office, light production, flex space, and warehousing uses.  Support limited first floor retail or other accessory uses that serve predominate uses.",IP
36,OP,2023,NV,ZMAP-1997-0009, ,2004/12/21 05:00:00+00,OP 2023,2023_0027,1902/01/01 05:00:00+00,1902/01/01 05:00:00+00,2024/12/11 05:00:00+00,16401.92667,1728011.415,36,Office Park,"District for administrative, business and professional offices research and development, and supporting commercial and instibutional uses and facilities; support limited first floor retail.",OP
37,R16,2023,,ZMAP-2005-0003, ,2006/02/21 05:00:00+00,R16  2023,2012_0003,1902/01/01 05:00:00+00,1902/01/01 05:00:00+00,2023/12/13 22:48:33+00,3975.445942,805504.5924,37,Townhouse/Multifamily Residential-16,Single family attached/detached and multifamily residences at a maximum density of 16 units per acre; 19.2 units per acre with ADU. Served by public water and sewer. In areas designated for infill development. Traditional design option.,R16
38,R16,2023,,ZMAP-2022-0003,,2024/07/02 04:00:00+00,R16  2023,2024_0012,1902/01/01 05:00:00+00,1902/01/01 05:00:00+00,2024/07/08 04:00:00+00,3544.194033,809133.0821,38,Townhouse/Multifamily Residential-16,Single family attached/detached and multifamily residences at a maximum density of 16 units per acre; 19.2 units per acre with ADU. Served by public water and sewer. In areas designated for infill development. Traditional design option.,R16
39,R8,2023,,ZMAP-2022-0003, ,2024/07/02 04:00:00+00,R8  2023,2024_0012,1902/01/01 05:00:00+00,1902/01/01 05:00:00+00,2024/07/08 04:00:00+00,5068.400707,1353217.808,39,Single Family Residential-8,"Moderate to medium density single family detached, duplex, townhouse, and single family attached development with a maximum density of 8 units per acre, 9.6 units per acre with ADU. Served by public water and sewer. Traditional and suburban design options.",R8
40,R4,2023,NONE,ZMAP-2022-0006,,2024/07/02 04:00:00+00,R4  2023,2024_0011,1902/01/01 05:00:00+00,1902/01/01 05:00:00+00,2024/07/08 04:00:00+00,9856.504249,3562797.948,40,Single Family Residential-4,"Moderate density single family detached development with a maximum density of 1 unit per 10,000 square feet, 4.8 units per acre with ADU. Served by public water and sewer. Cluster, suburban, and traditional design and compact cluster options.",R4
41,IP,2023,NV,ZRTD-2022-0008,,2024/06/12 04:00:00+00,IP 2023,2024_0010,1902/01/01 05:00:00+00,1902/01/01 05:00:00+00,2024/07/05 04:00:00+00,1077.65272,65546.46953,41,Industrial Park,"District for office, light production, flex space, and warehousing uses.  Support limited first floor retail or other accessory uses that serve predominate uses.",IP
42,R24,2023,NV,ZMAP-2019-0013,,2022/02/15 05:00:00+00,R4  2023,2022_0004,1902/01/01 05:00:00+00,1902/01/01 05:00:00+00,2023/12/13 22:48:33+00,2962.611545,334008.3528,42,Multifamily Residential-24,"Multifamily residences at a maximum density of 24 dwelling units per acre, 28.8 dwelling units per acre with ADU. Served by public water and sewer. In areas designated for infill development.",R24
43,PDH4,2023,,ZMAP-2022-0019, ,2024/05/15 04:00:00+00,PDH4  2023,2024_0008,2024/05/16 04:00:00+00,2024/05/16 04:00:00+00,2024/05/16 04:00:00+00,7201.492057,1156441.464,43,Planned Development Housing-4,Mixed use residential communities including single family and multifamily housing products with supportive non-residential uses. Maximum overall residential density of 4 units per acre.,PDH4
44,IP,2023,,ZMAP-2022-0021, ,2024/04/10 04:00:00+00,IP 2023,2024_0005,1902/01/01 05:00:00+00,1902/01/01 05:00:00+00,2024/04/16 04:00:00+00,9942.144643,4837369.382,44,Industrial Park,"District for office, light production, flex space, and warehousing uses.  Support limited first floor retail or other accessory uses that serve predominate uses.",IP
45,GI,2023,,ZMAP-2022-0020,,2023/11/15 05:00:00+00,GI 2023,2024_0002,1902/01/01 05:00:00+00,1902/01/01 05:00:00+00,2024/03/26 04:00:00+00,2705.550634,383963.0925,45,General Industry,District for industrial uses that are incompatible with residential uses due to the prevelance of outdoor storage and emissions of noise and odor. ,GI
46,R16,2023,NV,ZMAP-2021-0024,NO VALUE,2023/12/13 05:00:00+00,R16  2023,2023_031,1902/01/01 05:00:00+00,1902/01/01 05:00:00+00,2023/12/14 05:00:00+00,2510.881642,401190.2906,46,Townhouse/Multifamily Residential-16,Single family attached/detached and multifamily residences at a maximum density of 16 units per acre; 19.2 units per acre with ADU. Served by public water and sewer. In areas designated for infill development. Traditional design option.,R16
47,TC,2023,NV,ZMAP-2022-0015,NO VALUE,2023/12/13 05:00:00+00,TC 2023,2023_030,1902/01/01 05:00:00+00,1902/01/01 05:00:00+00,2023/12/14 05:00:00+00,5413.885328,1408506.302,47,Town Center,"A district established to provide for a compatible mixture of commercial, cultural, institutional, governmental, and residential uses in compact pedestrian oriented, traditional town centers, in areas consistent with the General Plan & serving as focal points for substantial residential areas.",TC
48,R24,2023,NV,ZMAP-2022-0014,12,2023/11/15 05:00:00+00,R4  2023,2023_0025,1902/01/01 05:00:00+00,1902/01/01 05:00:00+00,2023/12/13 22:48:33+00,5990.100828,841472.0537,48,Multifamily Residential-24,"Multifamily residences at a maximum density of 24 dwelling units per acre, 28.8 dwelling units per acre with ADU. Served by public water and sewer. In areas designated for infill development.",R24
49,CCSC,2023,NV,ZMAP-2016-0017,,2017/12/05 05:00:00+00,CCSC 2023,2022_0015,1902/01/01 05:00:00+00,1902/01/01 05:00:00+00,2023/12/13 22:48:33+00,5836.829031,358434.1974,49,Commercial Center - Small Regional Center,"Small regional centers to meet shopping needs of a communitymore than a 10 minute drive from the center. Minimum of 18 acres, maximum of 60 acres. Controlled access to a major collector.",CCSC
50,R24,2023,NV,ZMAP-2022-0016,,2023/11/15 05:00:00+00,R4  2023,2023_0026,1902/01/01 05:00:00+00,1902/01/01 05:00:00+00,2023/12/13 22:48:33+00,9599.561143,1238941.475,50,Multifamily Residential-24,"Multifamily residences at a maximum density of 24 dwelling units per acre, 28.8 dwelling units per acre with ADU. Served by public water and sewer. In areas designated for infill development.",R24
51,R24,2023,NV,ZMAP-2021-0010,NO VALUE,2023/11/15 05:00:00+00,R4  2023,2023_0024,1902/01/01 05:00:00+00,1902/01/01 05:00:00+00,2023/12/13 22:48:33+00,4395.101988,870909.272,51,Multifamily Residential-24,"Multifamily residences at a maximum density of 24 dwelling units per acre, 28.8 dwelling units per acre with ADU. Served by public water and sewer. In areas designated for infill development.",R24
52,A3,2023,NV, , ,1900/01/01 05:00:00+00,A3   2023,2022_0001,1902/01/01 05:00:00+00,1902/01/01 05:00:00+00,2023/12/13 22:48:33+00,17491.78184,6773256.032,52,Agricultural/Residential,Agriculture and low density residential development with a maximum density of one unit per 3 acres with a predominantly agricultural character. Rural hamlet options.,A3
53,R16,2023,NONE,ZMAP-2022-0005,NO VALUE,2023/10/11 04:00:00+00,R16  2023,2023_0022,1902/01/01 05:00:00+00,1902/01/01 05:00:00+00,2023/12/13 22:48:33+00,3119.145894,483137.2233,53,Townhouse/Multifamily Residential-16,Single family attached/detached and multifamily residences at a maximum density of 16 units per acre; 19.2 units per acre with ADU. Served by public water and sewer. In areas designated for infill development. Traditional design option.,R16
54,IP,2023,28,ZRTD-2022-0006,NO VALUE,2023/09/13 04:00:00+00,IP 2023,2023_0027,1902/01/01 05:00:00+00,1902/01/01 05:00:00+00,2023/12/13 22:48:33+00,4835.673385,1417059.947,54,Industrial Park,"District for office, light production, flex space, and warehousing uses.  Support limited first floor retail or other accessory uses that serve predominate uses.",IP
55,R8,2023,NV,ZMAP-2022-0004,NO VALUE,2023/09/13 04:00:00+00,R8  2023,2023_0020,1902/01/01 05:00:00+00,1902/01/01 05:00:00+00,2023/12/13 22:48:33+00,2885.041659,421982.2095,55,Single Family Residential-8,"Moderate to medium density single family detached, duplex, townhouse, and single family attached development with a maximum density of 8 units per acre, 9.6 units per acre with ADU. Served by public water and sewer. Traditional and suburban design options.",R8
56,IP,2023,28,ZRTD-2023-0001,NO VALUE,2023/09/13 04:00:00+00,IP 2023,2023_0027,1902/01/01 05:00:00+00,1902/01/01 05:00:00+00,2023/12/13 22:48:33+00,2998.255593,426849.6688,56,Industrial Park,"District for office, light production, flex space, and warehousing uses.  Support limited first floor retail or other accessory uses that serve predominate uses.",IP
57,IP,2023,NV,ZRTD-2022-0004,,2023/06/20 04:00:00+00,IP 2023,2023_0027,1902/01/01 05:00:00+00,1902/01/01 05:00:00+00,2023/12/13 22:48:33+00,2882.651385,382763.5416,57,Industrial Park,"District for office, light production, flex space, and warehousing uses.  Support limited first floor retail or other accessory uses that serve predominate uses.",IP
58,IP,2023,28,ZRTD-2022-0001,,2023/06/06 04:00:00+00,IP 2023,2023_0027,1902/01/01 05:00:00+00,1902/01/01 05:00:00+00,2023/12/13 22:48:33+00,5856.20304,1876681.101,58,Industrial Park,"District for office, light production, flex space, and warehousing uses.  Support limited first floor retail or other accessory uses that serve predominate uses.",IP
59,TC,2023,NV,ZMAP-2021-0003,,2023/05/16 04:00:00+00,TC 2023,2023_0027,1902/01/01 05:00:00+00,1902/01/01 05:00:00+00,2023/12/13 22:48:33+00,8226.006205,3452902.959,59,Town Center,"A district established to provide for a compatible mixture of commercial, cultural, institutional, governmental, and residential uses in compact pedestrian oriented, traditional town centers, in areas consistent with the General Plan & serving as focal points for substantial residential areas.",TC
60,PDRDP,1972,NV,ZMAP-1985-0009, ,1989/02/06 05:00:00+00,PDRDP 1972, ,1902/01/01 05:00:00+00,1902/01/01 05:00:00+00,1900/01/01 05:00:00+00,909.434739,34379.6429,60,Planned Development-Research and Development Park,"Planned mixed employment park a mininum of 20 acres in size & within the Rt 28 Tax District, subject to an adopted concept development plan, which allows the mixing of research and development firms, office complexes, certain types of manufacturing and interrelated land uses. This Zoning District is found under the 1972 Zoning Ordinance.",PDRDP
61,TC,2023,NV,ZMAP-2008-0018,193,2011/03/15 04:00:00+00,TC 2023,2023_0027,1902/01/01 05:00:00+00,1902/01/01 05:00:00+00,2023/12/13 22:48:33+00,3849.394279,215207.3499,61,Town Center,"A district established to provide for a compatible mixture of commercial, cultural, institutional, governmental, and residential uses in compact pedestrian oriented, traditional town centers, in areas consistent with the General Plan & serving as focal points for substantial residential areas.",TC
62,OP,2023,NV,ZMAP-2008-0018,193,2011/03/15 04:00:00+00,OP 2023,2023_0027,1902/01/01 05:00:00+00,1902/01/01 05:00:00+00,2023/12/13 22:48:33+00,1887.206733,100137.9573,62,Office Park,"District for administrative, business and professional offices research and development, and supporting commercial and instibutional uses and facilities; support limited first floor retail.",OP
63,IP,2023,NV,ZMAP-2021-0018,,2023/04/18 04:00:00+00,IP 2023,2023_0027,1902/01/01 05:00:00+00,1902/01/01 05:00:00+00,2023/12/13 22:48:33+00,4828.888567,1072598.473,63,Industrial Park,"District for office, light production, flex space, and warehousing uses.  Support limited first floor retail or other accessory uses that serve predominate uses.",IP
64,R24,2023,NONE,ZMAP-2021-0022,,2023/04/18 04:00:00+00,R4  2023,2023-0013,1902/01/01 05:00:00+00,1902/01/01 05:00:00+00,2023/12/13 22:48:33+00,6674.225562,938889.3947,64,Multifamily Residential-24,"Multifamily residences at a maximum density of 24 dwelling units per acre, 28.8 dwelling units per acre with ADU. Served by public water and sewer. In areas designated for infill development.",R24
65,IP,2023,28,ZRTD-2021-0010,,2023/04/04 04:00:00+00,IP 2023,2023_0027,1902/01/01 05:00:00+00,1902/01/01 05:00:00+00,2023/12/13 22:48:33+00,2920.585154,167782.8882,65,Industrial Park,"District for office, light production, flex space, and warehousing uses.  Support limited first floor retail or other accessory uses that serve predominate uses.",IP
66,IP,2023,28,ZMAP-2022-0007,,2023/03/21 04:00:00+00,IP 2023,2023_0027,1902/01/01 05:00:00+00,1902/01/01 05:00:00+00,2023/12/13 22:48:33+00,3875.168325,812967.0767,66,Industrial Park,"District for office, light production, flex space, and warehousing uses.  Support limited first floor retail or other accessory uses that serve predominate uses.",IP
67,PDH3,2023,NV,ZMAP-0000-0259,,1978/04/17 04:00:00+00,PDH3  2023,2023_0010,1902/01/01 05:00:00+00,1902/01/01 05:00:00+00,2023/12/13 22:48:33+00,3362.405871,696946.6846,67,Planned Development Housing-3,Mixed use residential communities including single family and multifamily housing products with supportive non-residential uses. Maximum overall residential density of 3 units per acre.,PDH3
68,CCSC,2023,NV,ZMAP-2022-0009,,2023/02/15 05:00:00+00,CCSC 2023,2023_0004,1902/01/01 05:00:00+00,1902/01/01 05:00:00+00,2023/12/13 22:48:33+00,1103.712369,66769.96729,68,Commercial Center - Small Regional Center,"Small regional centers to meet shopping needs of a communitymore than a 10 minute drive from the center. Minimum of 18 acres, maximum of 60 acres. Controlled access to a major collector.",CCSC
69,TOWNS,2023,NV,,,1900/01/02 05:00:00+00,TOWNS 2023,2023_0003,1902/01/01 05:00:00+00,1902/01/01 05:00:00+00,2023/12/13 22:48:33+00,19006.96239,5503892.583,69,Incorporated Towns,Districts zoned by the incorporated town and administered by the town.,TOWNS
70,R16,2023,NV,ZMAP-2021-0005,,2023/01/17 05:00:00+00,R16  2023,2023_0001,1902/01/01 05:00:00+00,1902/01/01 05:00:00+00,2023/12/13 22:48:33+00,3064.644317,530057.8789,70,Townhouse/Multifamily Residential-16,Single family attached/detached and multifamily residences at a maximum density of 16 units per acre; 19.2 units per acre with ADU. Served by public water and sewer. In areas designated for infill development. Traditional design option.,R16
71,IP,2023,28,ZRTD-2020-0004,,2022/12/06 05:00:00+00,IP 2023,2023_0027,1902/01/01 05:00:00+00,1902/01/01 05:00:00+00,2023/12/13 22:48:33+00,1151.585263,61703.34073,71,Industrial Park,"District for office, light production, flex space, and warehousing uses.  Support limited first floor retail or other accessory uses that serve predominate uses.",IP
72,TC,2023,NONE,ZMAP-2021-0007,,2022/11/15 05:00:00+00,TC 2023,2023_0027,1902/01/01 05:00:00+00,1902/01/01 05:00:00+00,2023/12/13 22:48:33+00,2182.876253,211167.4318,72,Town Center,"A district established to provide for a compatible mixture of commercial, cultural, institutional, governmental, and residential uses in compact pedestrian oriented, traditional town centers, in areas consistent with the General Plan & serving as focal points for substantial residential areas.",TC
73,PDCCRC,2023,NV,ZMAP-2020-0007,,2021/10/05 04:00:00+00,PDCCRC2023,2021_0024,1902/01/01 05:00:00+00,1902/01/01 05:00:00+00,2023/12/13 22:48:33+00,6823.146578,1545038.07,73,Planned Development-Commercial Center (Regional Center),"Large scale commercial centers which provide a wide range of retail, office, and service uses, with one or more anchor stores, to the regional market. Minimum of 60 acres with controlled access to arterial roads.",PDCCRC
74,R8,2023,NONE,ZMAP-2020-0012,NO VALUE,2022/09/06 04:00:00+00,R8  2023,2022_0030,1902/01/01 05:00:00+00,1902/01/01 05:00:00+00,2023/12/13 22:48:33+00,2494.980293,272703.199,74,Single Family Residential-8,"Moderate to medium density single family detached, duplex, townhouse, and single family attached development with a maximum density of 8 units per acre, 9.6 units per acre with ADU. Served by public water and sewer. Traditional and suburban design options.",R8
75,IP,2023,NONE,ZMAP-2019-0016,,2022/07/19 04:00:00+00,IP 2023,2023_0027,1902/01/01 05:00:00+00,1902/01/01 05:00:00+00,2023/12/13 22:48:33+00,4506.35086,907957.8781,75,Industrial Park,"District for office, light production, flex space, and warehousing uses.  Support limited first floor retail or other accessory uses that serve predominate uses.",IP
76,AR1,2023,NV,NO VALUE,NO VALUE,1900/01/02 05:00:00+00,AR1  2023,2022_0026,1902/01/01 05:00:00+00,1902/01/01 05:00:00+00,2023/12/13 22:48:33+00,829.5772129,31652.55105,76,Agricultural Rural - 1,Rural business and residential uses: Base Density: 1.0 dwelling unit per 20 acres; Principal/Subordinate Subdivision: 1.0 dwelling unit per 10 acres; Cluster Subdivision: 1.0 dwelling unit per 5 acres,AR1
77,IP,2023,28,ZRTD-2021-0008,,2022/07/13 04:00:00+00,IP 2023,2023_0027,1902/01/01 05:00:00+00,1902/01/01 05:00:00+00,2023/12/13 22:48:33+00,2723.427269,332843.1933,77,Industrial Park,"District for office, light production, flex space, and warehousing uses.  Support limited first floor retail or other accessory uses that serve predominate uses.",IP
78,R24,2023,NONE,ZMAP-2020-0014,,2022/06/21 04:00:00+00,R4  2023,2022_0023,1902/01/01 05:00:00+00,1902/01/01 05:00:00+00,2023/12/13 22:48:33+00,3519.286302,302007.4432,78,Multifamily Residential-24,"Multifamily residences at a maximum density of 24 dwelling units per acre, 28.8 dwelling units per acre with ADU. Served by public water and sewer. In areas designated for infill development.",R24
79,R4,2023,NONE,ZMAP-2020-0004,,2022/06/07 04:00:00+00,R4  2023,2022_0021,1902/01/01 05:00:00+00,1902/01/01 05:00:00+00,2023/12/13 22:48:33+00,8448.818489,3777057.69,79,Single Family Residential-4,"Moderate density single family detached development with a maximum density of 1 unit per 10,000 square feet, 4.8 units per acre with ADU. Served by public water and sewer. Cluster, suburban, and traditional design and compact cluster options.",R4
80,IP,2023,28,ZRTD-2021-0006,,2022/04/19 04:00:00+00,IP 2023,2023_0027,1902/01/01 05:00:00+00,1902/01/01 05:00:00+00,2023/12/13 22:48:33+00,2624.592926,418562.8389,80,Industrial Park,"District for office, light production, flex space, and warehousing uses.  Support limited first floor retail or other accessory uses that serve predominate uses.",IP
81,R24,2023,NV,ZMAP-2016-0011,,2022/04/19 04:00:00+00,R4  2023,2022_0017,1902/01/01 05:00:00+00,1902/01/01 05:00:00+00,2023/12/13 22:48:33+00,5462.269896,676999.3937,81,Multifamily Residential-24,"Multifamily residences at a maximum density of 24 dwelling units per acre, 28.8 dwelling units per acre with ADU. Served by public water and sewer. In areas designated for infill development.",R24
82,CCSC,2023,NV,ZMAP-2016-0011,,2022/04/19 04:00:00+00,CCSC 2023,2022_0017,1902/01/01 05:00:00+00,1902/01/01 05:00:00+00,2023/12/13 22:48:33+00,3270.825116,586321.7908,82,Commercial Center - Small Regional Center,"Small regional centers to meet shopping needs of a communitymore than a 10 minute drive from the center. Minimum of 18 acres, maximum of 60 acres. Controlled access to a major collector.",CCSC
83,R8,2023,NV,ZMAP-2021-0001,,2022/04/19 04:00:00+00,R8  2023,2022_0016,1902/01/01 05:00:00+00,1902/01/01 05:00:00+00,2023/12/13 22:48:33+00,1267.892393,84344.28291,83,Single Family Residential-8,"Moderate to medium density single family detached, duplex, townhouse, and single family attached development with a maximum density of 8 units per acre, 9.6 units per acre with ADU. Served by public water and sewer. Traditional and suburban design options.",R8
84,IP,2023,28,ZRTD-2021-0005,,2022/04/05 04:00:00+00,IP 2023,2023_0027,1902/01/01 05:00:00+00,1902/01/01 05:00:00+00,2023/12/13 22:48:33+00,3364.107047,615702.1666,84,Industrial Park,"District for office, light production, flex space, and warehousing uses.  Support limited first floor retail or other accessory uses that serve predominate uses.",IP
85,IP,2023,NV,ZRTD-2021-0004,,2022/04/05 04:00:00+00,IP 2023,2023_0027,1902/01/01 05:00:00+00,1902/01/01 05:00:00+00,2023/12/13 22:48:33+00,2881.60055,480974.8142,85,Industrial Park,"District for office, light production, flex space, and warehousing uses.  Support limited first floor retail or other accessory uses that serve predominate uses.",IP
86,R8,2023,NONE,ZMAP-2021-0015,,2022/03/15 04:00:00+00,R8  2023,2022_0009,1902/01/01 05:00:00+00,1902/01/01 05:00:00+00,2023/12/13 22:48:33+00,1798.364937,187414.8381,86,Single Family Residential-8,"Moderate to medium density single family detached, duplex, townhouse, and single family attached development with a maximum density of 8 units per acre, 9.6 units per acre with ADU. Served by public water and sewer. Traditional and suburban design options.",R8
87,IP,2023,NONE,ZMAP-2020-0015,,2022/03/15 04:00:00+00,IP 2023,2023_0027,1902/01/01 05:00:00+00,1902/01/01 05:00:00+00,2023/12/13 22:48:33+00,8291.038213,1734375.785,87,Industrial Park,"District for office, light production, flex space, and warehousing uses.  Support limited first floor retail or other accessory uses that serve predominate uses.",IP
88,PDSA,2023,NONE,ZMAP-2019-0014,,2022/03/15 04:00:00+00,PDSA  2023,2022_0007,1902/01/01 05:00:00+00,1902/01/01 05:00:00+00,2023/12/13 22:48:33+00,3263.287563,485619.2372,88,Planned Development-Special Activity,"A district established to accommodate uses which require sizable land area that may require functional separation from normal residential, commercial, or industrial development (e.g. airports, zoos, stadiums, etc.).",PDSA
89,GI,2023,NV,ZRTD-2021-0007,,2022/03/09 05:00:00+00,GI 2023,2023_0027,1902/01/01 05:00:00+00,1902/01/01 05:00:00+00,2023/12/13 22:48:33+00,1160.847761,87665.18994,89,General Industry,District for industrial uses that are incompatible with residential uses due to the prevelance of outdoor storage and emissions of noise and odor. ,GI
90,GI,2023,NV,ZMAP-1993-0005,Z2000-0048,1995/11/16 05:00:00+00,GI 2023,2023_0027,1902/01/01 05:00:00+00,1902/01/01 05:00:00+00,2023/12/13 22:48:33+00,1164.008532,29371.12273,90,General Industry,District for industrial uses that are incompatible with residential uses due to the prevelance of outdoor storage and emissions of noise and odor. ,GI
91,R24,2023,28,ZMAP-2023-0013,,2024/06/12 04:00:00+00,R24  2023,2024_0009,1902/01/01 05:00:00+00,1902/01/01 05:00:00+00,2024/07/05 04:00:00+00,2236.575942,134925.1659,91,Multifamily Residential-24,"Multifamily residences at a maximum density of 24 dwelling units per acre, 28.8 dwelling units per acre with ADU. Served by public water and sewer. In areas designated for infill development.",R24
92,GI,2023,NONE,ZRTD-2021-0003,,2022/02/09 05:00:00+00,GI 2023,2023_0027,1902/01/01 05:00:00+00,1902/01/01 05:00:00+00,2023/12/13 22:48:33+00,3631.734204,848803.319,92,General Industry,District for industrial uses that are incompatible with residential uses due to the prevelance of outdoor storage and emissions of noise and odor. ,GI
93,IP,2023,NONE,ZMAP-2019-0015,NO VALUE,2022/02/02 05:00:00+00,IP 2023,2023_0027,1902/01/01 05:00:00+00,1902/01/01 05:00:00+00,2023/12/13 22:48:33+00,6481.90659,859269.4202,93,Industrial Park,"District for office, light production, flex space, and warehousing uses.  Support limited first floor retail or other accessory uses that serve predominate uses.",IP
94,PDRDP,2023,28,ZRTD-2019-0004,,2022/01/18 05:00:00+00,PDRDP 2023,2022_0001,1902/01/01 05:00:00+00,1902/01/01 05:00:00+00,2023/12/13 22:48:33+00,2406.704985,158954.5739,94,Planned Development-Research and Development Park,"Planned mixed employment park a minimum of 20 acres in size & within the Rt 28 Tax District, subject to an adopted concept development plan, which allows the mixing of research and development firms, office complexes, certain types of manufacturing and interrelated land uses.",PDRDP
95,IP,2023,NONE,ZMAP-2019-0010,NO VALUE,2021/11/16 05:00:00+00,IP 2023,2023_0027,1902/01/01 05:00:00+00,1902/01/01 05:00:00+00,2023/12/13 22:48:33+00,6605.246998,1888508.908,95,Industrial Park,"District for office, light production, flex space, and warehousing uses.  Support limited first floor retail or other accessory uses that serve predominate uses.",IP
96,IP,2023,NONE,ZMAP-2020-0007,,2021/10/05 04:00:00+00,IP 2023,2023_0027,1902/01/01 05:00:00+00,1902/01/01 05:00:00+00,2023/12/13 22:48:33+00,7597.076423,1481934.924,96,Industrial Park,"District for office, light production, flex space, and warehousing uses.  Support limited first floor retail or other accessory uses that serve predominate uses.",IP
97,GI,2023,NONE,ZMAP-2020-0001,,2021/10/05 04:00:00+00,GI 2023,2023_0027,1902/01/01 05:00:00+00,1902/01/01 05:00:00+00,2023/12/13 22:48:33+00,2127.795611,241906.492,97,General Industry,District for industrial uses that are incompatible with residential uses due to the prevelance of outdoor storage and emissions of noise and odor. ,GI
98,IP,2023,NONE,ZMAP-2020-0010,,2021/09/08 04:00:00+00,IP 2023,2023_0027,1902/01/01 05:00:00+00,1902/01/01 05:00:00+00,2023/12/13 22:48:33+00,4150.60837,1020659.238,98,Industrial Park,"District for office, light production, flex space, and warehousing uses.  Support limited first floor retail or other accessory uses that serve predominate uses.",IP
99,IP,2023,NV,ZRTD-2021-0001,,2021/06/09 04:00:00+00,IP 2023,2023_0027,1902/01/01 05:00:00+00,1902/01/01 05:00:00+00,2023/12/13 22:48:33+00,2344.324975,275731.9768,99,Industrial Park,"District for office, light production, flex space, and warehousing uses.  Support limited first floor retail or other accessory uses that serve predominate uses.",IP
100,IP,2023,28,ZRTD-2020-0007,,2021/05/12 04:00:00+00,IP 2023,2023_0027,1902/01/01 05:00:00+00,1902/01/01 05:00:00+00,2023/12/13 22:48:33+00,2585.389059,426283.5133,100,Industrial Park,"District for office, light production, flex space, and warehousing uses.  Support limited first floor retail or other accessory uses that serve predominate uses.",IP
101,PDMUB,2023,28,ZRTD-2020-0005,,2021/04/20 04:00:00+00,PDMUB R93,2021_0010,1902/01/01 05:00:00+00,1902/01/01 05:00:00+00,2023/12/13 22:48:33+00,15720.66988,3053013.46,101,Planned Development-Mixed Use Business,"A compact pedestrian oriented mixed use business district of regional office, light industrian, retail, service, civic and high density residential uses located in close proximity to each other. Minimum size of 25 acres per District.",PDMUB
102,PDMUB,2023,28,ZMAP-2018-0014,,2021/04/20 04:00:00+00,PDMUB R93,2021_0010,1902/01/01 05:00:00+00,1902/01/01 05:00:00+00,2023/12/13 22:48:33+00,3995.465109,572496.1332,102,Planned Development-Mixed Use Business,"A compact pedestrian oriented mixed use business district of regional office, light industrian, retail, service, civic and high density residential uses located in close proximity to each other. Minimum size of 25 acres per District.",PDMUB
103,PDH4,2023,,ZMAP-2002-0009, ,2004/07/06 04:00:00+00,PDH4  2023,2012_0003,1902/01/01 05:00:00+00,1902/01/01 05:00:00+00,2023/12/13 22:48:33+00,12057.77691,7226741.546,103,Planned Development Housing-4,Mixed use residential communities including single family and multifamily housing products with supportive non-residential uses. Maximum overall residential density of 4 units per acre.,PDH4
104,PDH4,2023,,ZMAP-2003-0009, ,2004/10/19 04:00:00+00,PDH4  2023,2012_0003,1902/01/01 05:00:00+00,1902/01/01 05:00:00+00,2023/12/13 22:48:33+00,6625.160287,2012037.343,104,Planned Development Housing-4,Mixed use residential communities including single family and multifamily housing products with supportive non-residential uses. Maximum overall residential density of 4 units per acre.,PDH4
105,R1,2023,, , ,1900/01/01 05:00:00+00,R1  2023,2012_0003,1902/01/01 05:00:00+00,1902/01/01 05:00:00+00,2023/12/13 22:48:33+00,7060.64479,2320830.23,105,Single Family Residential-1,"Low-density single family detached development with a maximum density of 1 unit per 40,000 square feet; 1.2 unit per 40,000 square feet with ADU. Served by public water and sewer. Cluster and compact cluster options.",R1
106,TR3LF,2023,NV,NO VALUE,NO VALUE,1900/01/02 05:00:00+00,TR3LF 2023,2020_0032,1902/01/01 05:00:00+00,1902/01/01 05:00:00+00,2023/12/13 22:48:33+00,1941.723139,132157.7516,106,Transitional Residential - 3 (Lower Foley),"Sub-district of TR3 with central utilities. Residential with cluster (50% open space); 1.0 dwelling unit per 3 acres, 1.2 dwelling units per 3 acres with ADU",TR3LF
107,IP,2023,28,ZMAP-1988-0005,NO VALUE,1988/07/18 04:00:00+00,IP 2023,2023_0027,1902/01/01 05:00:00+00,1902/01/01 05:00:00+00,2024/04/24 04:00:00+00,11948.54262,2306658.161,107,Industrial Park,"District for office, light production, flex space, and warehousing uses.  Support limited first floor retail or other accessory uses that serve predominate uses.",IP
108,IP,2023,28,ZRTD-2020-0003,NO VALUE,2021/01/19 05:00:00+00,IP 2023,2023_0027,1902/01/01 05:00:00+00,1902/01/01 05:00:00+00,2023/12/13 22:48:33+00,1529.481924,87128.3015,108,Industrial Park,"District for office, light production, flex space, and warehousing uses.  Support limited first floor retail or other accessory uses that serve predominate uses.",IP
109,IP,2023,28,ZRTD-2020-0003,,2021/01/19 05:00:00+00,IP 2023,2023_0027,1902/01/01 05:00:00+00,1902/01/01 05:00:00+00,2023/12/13 22:48:33+00,2741.650154,402340.4153,109,Industrial Park,"District for office, light production, flex space, and warehousing uses.  Support limited first floor retail or other accessory uses that serve predominate uses.",IP
110,R24,2023,NV,ZMAP-2019-0020,NO VALUE,2021/01/19 05:00:00+00,R4  2023,2021_0002,1902/01/01 05:00:00+00,1902/01/01 05:00:00+00,2023/12/13 22:48:33+00,3887.420297,817360.7953,110,Multifamily Residential-24,"Multifamily residences at a maximum density of 24 dwelling units per acre, 28.8 dwelling units per acre with ADU. Served by public water and sewer. In areas designated for infill development.",R24
111,IP,2023,28,ZRTD-2020-0006,NO VALUE,2021/01/13 05:00:00+00,IP 2023,2023_0027,1902/01/01 05:00:00+00,1902/01/01 05:00:00+00,2023/12/13 22:48:33+00,11742.31549,1194848.583,111,Industrial Park,"District for office, light production, flex space, and warehousing uses.  Support limited first floor retail or other accessory uses that serve predominate uses.",IP
112,R8,2023,NV,ZMAP-2019-0019,NO VALUE,2020/12/15 05:00:00+00,R8  2023,2020_0032,1902/01/01 05:00:00+00,1902/01/01 05:00:00+00,2023/12/13 22:48:33+00,5787.784359,1658014.33,112,Single Family Residential-8,"Moderate to medium density single family detached, duplex, townhouse, and single family attached development with a maximum density of 8 units per acre, 9.6 units per acre with ADU. Served by public water and sewer. Traditional and suburban design options.",R8
113,PDH4,2023,NV,ZMAP-2019-0009,NO VALUE,2020/12/15 05:00:00+00,PDH4  2023,2020_0031,1902/01/01 05:00:00+00,1902/01/01 05:00:00+00,2023/12/13 22:48:33+00,825.3174943,40467.09974,113,Planned Development Housing-4,Mixed use residential communities including single family and multifamily housing products with supportive non-residential uses. Maximum overall residential density of 4 units per acre.,PDH4
114,R16,2023,28,ZMAP-2019-0001,NO VALUE,2020/11/17 05:00:00+00,R16  2023,2020_0030,1902/01/01 05:00:00+00,1902/01/01 05:00:00+00,2023/12/13 22:48:33+00,1439.915955,84458.38312,114,Townhouse/Multifamily Residential-16,Single family attached/detached and multifamily residences at a maximum density of 16 units per acre; 19.2 units per acre with ADU. Served by public water and sewer. In areas designated for infill development. Traditional design option.,R16
115,GI,2023,NV,ZMAP-2019-0017,NO VALUE,2020/11/05 05:00:00+00,GI 2023,2023_0027,1902/01/01 05:00:00+00,1902/01/01 05:00:00+00,2023/12/13 22:48:33+00,8835.866394,4450850.236,115,General Industry,District for industrial uses that are incompatible with residential uses due to the prevelance of outdoor storage and emissions of noise and odor. ,GI
116,IP,2023,NONE,ZMAP-2018-0015,NO VALUE,2020/10/20 04:00:00+00,IP 2023,2023_0027,1902/01/01 05:00:00+00,1902/01/01 05:00:00+00,2023/12/13 22:48:33+00,8360.252369,3111903.755,116,Industrial Park,"District for office, light production, flex space, and warehousing uses.  Support limited first floor retail or other accessory uses that serve predominate uses.",IP
117,AR1,2023,NONE,,NO VALUE,1900/01/02 05:00:00+00,AR1  2023,2020_0024,1902/01/01 05:00:00+00,1902/01/01 05:00:00+00,2023/12/13 22:48:33+00,4739.163982,192738.3641,117,Agricultural Rural - 1,Rural business and residential uses: Base Density: 1.0 dwelling unit per 20 acres; Principal/Subordinate Subdivision: 1.0 dwelling unit per 10 acres; Cluster Subdivision: 1.0 dwelling unit per 5 acres,AR1
118,IP,2023,28,ZRTD-2020-0002,NO VALUE,2020/09/09 04:00:00+00,IP 2023,2023_0027,1902/01/01 05:00:00+00,1902/01/01 05:00:00+00,2023/12/13 22:48:33+00,2926.322399,523433.696,118,Industrial Park,"District for office, light production, flex space, and warehousing uses.  Support limited first floor retail or other accessory uses that serve predominate uses.",IP
119,IP,2023,28,ZRTD-2019-0006,NO VALUE,2020/07/15 04:00:00+00,IP 2023,2023_0027,1902/01/01 05:00:00+00,1902/01/01 05:00:00+00,2023/12/13 22:48:33+00,5982.453831,961609.5474,119,Industrial Park,"District for office, light production, flex space, and warehousing uses.  Support limited first floor retail or other accessory uses that serve predominate uses.",IP
120,IP,2023,28,ZRTD-2020-0001,,2020/07/15 04:00:00+00,IP 2023,2023_0027,1902/01/01 05:00:00+00,1902/01/01 05:00:00+00,2023/12/13 22:48:33+00,2786.024015,354662.6865,120,Industrial Park,"District for office, light production, flex space, and warehousing uses.  Support limited first floor retail or other accessory uses that serve predominate uses.",IP
121,IP,2023,28,ZRTD-2019-0005,NO VALUE,2020/07/07 04:00:00+00,IP 2023,2023_0027,1902/01/01 05:00:00+00,1902/01/01 05:00:00+00,2023/12/13 22:48:33+00,1575.796305,142884.616,121,Industrial Park,"District for office, light production, flex space, and warehousing uses.  Support limited first floor retail or other accessory uses that serve predominate uses.",IP
122,AR1,2023,NV,,,2018/11/29 05:00:00+00,AR1  2023,2020_0015,1902/01/01 05:00:00+00,1902/01/01 05:00:00+00,2023/12/13 22:48:33+00,993.2584843,23523.08078,122,Agricultural Rural - 1,Rural business and residential uses: Base Density: 1.0 dwelling unit per 20 acres; Principal/Subordinate Subdivision: 1.0 dwelling unit per 10 acres; Cluster Subdivision: 1.0 dwelling unit per 5 acres,AR1
123,GI,2023,NV,ZMAP-2018-0009,NO VALUE,2020/06/02 04:00:00+00,GI 2023,2023_0027,1902/01/01 05:00:00+00,1902/01/01 05:00:00+00,2023/12/13 22:48:33+00,7905.626316,2613031.291,123,General Industry,District for industrial uses that are incompatible with residential uses due to the prevelance of outdoor storage and emissions of noise and odor. ,GI
124,IP,2023,28,ZRTD-2019-0007,,2020/05/13 04:00:00+00,IP 2023,2023_0027,1902/01/01 05:00:00+00,1902/01/01 05:00:00+00,2023/12/13 22:48:33+00,3490.336932,801834.9061,124,Industrial Park,"District for office, light production, flex space, and warehousing uses.  Support limited first floor retail or other accessory uses that serve predominate uses.",IP
125,IP,2023,NV,ZCON-2001-0003,NO VALUE,2002/02/05 05:00:00+00,IP 2023,2023_0027,1902/01/01 05:00:00+00,1902/01/01 05:00:00+00,2023/12/13 22:48:33+00,930.7984043,51194.51236,125,Industrial Park,"District for office, light production, flex space, and warehousing uses.  Support limited first floor retail or other accessory uses that serve predominate uses.",IP
126,PDIP,1972,28,,NO VALUE,1902/01/01 05:00:00+00,PDIP 1972,2021_0016,1902/01/01 05:00:00+00,1902/01/01 05:00:00+00,2021/07/15 04:00:00+00,2260.522732,286246.7901,126,Planned Development-Industrial Park,Light and medium industrial uses with supporting accessory uses and facilities designed with a parklike environment. May be subject to a concept development plan.  It is only under the 1972 Ordinance.,PDIP
127,RC,2023,NV,ZMAP-2019-0011,NO VALUE,2020/05/05 04:00:00+00,RC  2023,2020_0011,1902/01/01 05:00:00+00,1902/01/01 05:00:00+00,2023/12/13 22:48:33+00,1601.438375,136382.9629,127,Rural Commercial,Commercial properties predominantly located in rural Loudoun. Uses are compatible with scale and character of general open and rural character of Rural North & South Place Types.,RC
128,R16,2023,NV,ZMAP-2019-0007,NO VALUE,2020/04/21 04:00:00+00,R16  2023,2020_0010,1902/01/01 05:00:00+00,1902/01/01 05:00:00+00,2023/12/13 22:48:33+00,3125.626953,437384.3501,128,Townhouse/Multifamily Residential-16,Single family attached/detached and multifamily residences at a maximum density of 16 units per acre; 19.2 units per acre with ADU. Served by public water and sewer. In areas designated for infill development. Traditional design option.,R16
129,TRC,2023,NV,ZMAP-2018-0013,NO VALUE,2020/04/07 04:00:00+00,TRC 2023,2023_0027,1902/01/01 05:00:00+00,1902/01/01 05:00:00+00,2023/12/13 22:48:33+00,2785.170807,132125.8585,129,Transit Related Center,"District established to provide for a compatible mixture of commercial, cultural, institutional, governmental, recreational, and high-density housing uses in compact, pedestrian oriented, transit oriented developments and transit-designed supportive areas. Supports General Plan.",TRC
130,PDH3,2023,NV,ZMAP-2019-0012,NO VALUE,2020/03/11 04:00:00+00,PDH3  2023,2020_0008,1902/01/01 05:00:00+00,1902/01/01 05:00:00+00,2023/12/13 22:48:33+00,8764.446336,4148616.786,130,Planned Development Housing-3,Mixed use residential communities including single family and multifamily housing products with supportive non-residential uses. Maximum overall residential density of 3 units per acre.,PDH3
131,IP,2023,NV,ZRTD-2019-0001,NO VALUE,2020/03/11 04:00:00+00,IP 2023,2023_0027,1902/01/01 05:00:00+00,1902/01/01 05:00:00+00,2023/12/13 22:48:33+00,1934.220838,176884.5052,131,Industrial Park,"District for office, light production, flex space, and warehousing uses.  Support limited first floor retail or other accessory uses that serve predominate uses.",IP
132,GI,2023,NV,ZMAP-2019-0003,NO VALUE,2020/02/18 05:00:00+00,GI 2023,2023_0027,1902/01/01 05:00:00+00,1902/01/01 05:00:00+00,2023/12/13 22:48:33+00,9117.746179,2670695.807,132,General Industry,District for industrial uses that are incompatible with residential uses due to the prevelance of outdoor storage and emissions of noise and odor. ,GI
133,IP,2023,NV,,NO VALUE,1900/01/01 05:00:00+00,IP 2023,2023_0027,1902/01/01 05:00:00+00,1902/01/01 05:00:00+00,2023/12/13 22:48:33+00,4113.269937,448770.1641,133,Industrial Park,"District for office, light production, flex space, and warehousing uses.  Support limited first floor retail or other accessory uses that serve predominate uses.",IP
134,IP,2023,NV,ZCON-1994-0001,NO VALUE,1994/12/07 05:00:00+00,IP 2023,2023_0027,1902/01/01 05:00:00+00,1902/01/01 05:00:00+00,2023/12/13 22:48:33+00,4231.150881,654949.8635,134,Industrial Park,"District for office, light production, flex space, and warehousing uses.  Support limited first floor retail or other accessory uses that serve predominate uses.",IP
135,IP,2023,28,,NO VALUE,1900/01/01 05:00:00+00,IP 2023,2023_0027,1902/01/01 05:00:00+00,1902/01/01 05:00:00+00,2023/12/13 22:48:33+00,2659.673621,295599.3714,135,Industrial Park,"District for office, light production, flex space, and warehousing uses.  Support limited first floor retail or other accessory uses that serve predominate uses.",IP
136,IP,2023,NV,,,1900/01/02 05:00:00+00,IP 2023,2023_0027,1902/01/01 05:00:00+00,1902/01/01 05:00:00+00,2023/12/13 22:48:33+00,2184.630577,259347.4707,136,Industrial Park,"District for office, light production, flex space, and warehousing uses.  Support limited first floor retail or other accessory uses that serve predominate uses.",IP
137,R24,2023,NV,ZMAP-2018-0004,NO VALUE,2019/12/11 05:00:00+00,R4  2023,2019_0038,1902/01/01 05:00:00+00,1902/01/01 05:00:00+00,2023/12/13 22:48:33+00,2947.761937,430799.2679,137,Multifamily Residential-24,"Multifamily residences at a maximum density of 24 dwelling units per acre, 28.8 dwelling units per acre with ADU. Served by public water and sewer. In areas designated for infill development.",R24
138,GI,2023,28,ZRTD-2019-0002,NO VALUE,2019/12/11 05:00:00+00,GI 2023,2023_0027,1902/01/01 05:00:00+00,1902/01/01 05:00:00+00,2023/12/13 22:48:33+00,942.4993351,47269.94306,138,General Industry,District for industrial uses that are incompatible with residential uses due to the prevelance of outdoor storage and emissions of noise and odor. ,GI
139,IP,2023,28,ZRTD-2019-0003,NO VALUE,2019/12/11 05:00:00+00,IP 2023,2023_0027,1902/01/01 05:00:00+00,1902/01/01 05:00:00+00,2023/12/13 22:48:33+00,1883.851387,219798.0168,139,Industrial Park,"District for office, light production, flex space, and warehousing uses.  Support limited first floor retail or other accessory uses that serve predominate uses.",IP
140,GI,2023,28,ZRTD-2018-0007,NO VALUE,2019/12/11 05:00:00+00,GI 2023,2023_0027,1902/01/01 05:00:00+00,1902/01/01 05:00:00+00,2023/12/13 22:48:33+00,2638.325643,308166.9798,140,General Industry,District for industrial uses that are incompatible with residential uses due to the prevelance of outdoor storage and emissions of noise and odor. ,GI
141,GB,2023,NV,ZMAP-2018-0012,NO VALUE,2019/12/03 05:00:00+00,GB  2023,2019_0033,1902/01/01 05:00:00+00,1902/01/01 05:00:00+00,2023/12/13 22:48:33+00,1730.85998,177781.4871,141,General Business,General destination retail and service businesses that serve the needs of residents and businesses in the vicinity,GB
142,R24,2023,NV,ZMAP-2018-0016,NO VALUE,2019/12/03 05:00:00+00,R4  2023,2019_0032,1902/01/01 05:00:00+00,1902/01/01 05:00:00+00,2023/12/13 22:48:33+00,3788.358301,601962.2227,142,Multifamily Residential-24,"Multifamily residences at a maximum density of 24 dwelling units per acre, 28.8 dwelling units per acre with ADU. Served by public water and sewer. In areas designated for infill development.",R24
143,R24,2023,NV,ZMAP-2018-0010,NO VALUE,2019/12/03 05:00:00+00,R4  2023,2019_0031,1902/01/01 05:00:00+00,1902/01/01 05:00:00+00,2023/12/13 22:48:33+00,2893.627195,436522.4836,143,Multifamily Residential-24,"Multifamily residences at a maximum density of 24 dwelling units per acre, 28.8 dwelling units per acre with ADU. Served by public water and sewer. In areas designated for infill development.",R24
144,R16,2023,NV,ZMAP-2018-0006,NO VALUE,2019/11/21 05:00:00+00,R16  2023,2019_0030,1902/01/01 05:00:00+00,1902/01/01 05:00:00+00,2023/12/13 22:48:33+00,1611.439652,122637.1454,144,Townhouse/Multifamily Residential-16,Single family attached/detached and multifamily residences at a maximum density of 16 units per acre; 19.2 units per acre with ADU. Served by public water and sewer. In areas designated for infill development. Traditional design option.,R16
145,TC,2023,NV,ZMAP-2018-0005,NO VALUE,2019/11/21 05:00:00+00,TC 2023,2023_0027,1902/01/01 05:00:00+00,1902/01/01 05:00:00+00,2023/12/13 22:48:33+00,6799.042372,1148526.172,145,Town Center,"A district established to provide for a compatible mixture of commercial, cultural, institutional, governmental, and residential uses in compact pedestrian oriented, traditional town centers, in areas consistent with the General Plan & serving as focal points for substantial residential areas.",TC
146,OP,2023,NV,ZMAP-2018-0005,NO VALUE,2019/11/21 05:00:00+00,OP 2023,2023_0027,1902/01/01 05:00:00+00,1902/01/01 05:00:00+00,2023/12/13 22:48:33+00,5007.149054,585377.2404,146,Office Park,"District for administrative, business and professional offices research and development, and supporting commercial and instibutional uses and facilities; support limited first floor retail.",OP
147,CCCC,2023,NV,ZMAP-2016-0023,,2019/11/13 05:00:00+00,CCCC 2023,2023_0027,1902/01/01 05:00:00+00,1902/01/01 05:00:00+00,2023/12/13 22:48:33+00,2247.353435,303631.9814,147,Commercial Center - Community Center,"Serves retail shopping needs of surrounding community with 10 minutes drive. Minimum of 4 acres, maximum of 22 acres.",CCCC
148,IP,2023,NV,ZRTD-2018-0006,,2019/11/13 05:00:00+00,IP 2023,2023_0027,1902/01/01 05:00:00+00,1902/01/01 05:00:00+00,2023/12/13 22:48:33+00,970.7373373,55395.24053,148,Industrial Park,"District for office, light production, flex space, and warehousing uses.  Support limited first floor retail or other accessory uses that serve predominate uses.",IP
149,PDH3,2023,NV,ZMAP-2019-0005,,2019/11/13 05:00:00+00,PDH3  2023,2019_0026,1902/01/01 05:00:00+00,1902/01/01 05:00:00+00,2023/12/13 22:48:33+00,2506.322807,122740.276,149,Planned Development Housing-3,Mixed use residential communities including single family and multifamily housing products with supportive non-residential uses. Maximum overall residential density of 3 units per acre.,PDH3
150,CCSC,2023,NV,ZMAP-2018-0008,,2019/11/13 05:00:00+00,CCSC 2023,2019_0025,1902/01/01 05:00:00+00,1902/01/01 05:00:00+00,2023/12/13 22:48:33+00,1681.897946,156337.6549,150,Commercial Center - Small Regional Center,"Small regional centers to meet shopping needs of a communitymore than a 10 minute drive from the center. Minimum of 18 acres, maximum of 60 acres. Controlled access to a major collector.",CCSC
151,IP,2023,28,ZRTD-2018-0008,NO VALUE,2019/10/17 04:00:00+00,IP 2023,2023_0027,1902/01/01 05:00:00+00,1902/01/01 05:00:00+00,2023/12/13 22:48:33+00,4510.598147,810407.2789,151,Industrial Park,"District for office, light production, flex space, and warehousing uses.  Support limited first floor retail or other accessory uses that serve predominate uses.",IP
152,OP,2023,NV,ZMAP-2019-0002,NO VALUE,2019/10/10 04:00:00+00,OP 2023,2023_0027,1902/01/01 05:00:00+00,1902/01/01 05:00:00+00,2023/12/13 22:48:33+00,4408.242769,1004976.297,152,Office Park,"District for administrative, business and professional offices research and development, and supporting commercial and instibutional uses and facilities; support limited first floor retail.",OP
153,PDH6,2023,28,ZMAP-1989-0001,NO VALUE,1990/11/13 05:00:00+00,PDH6  2023,2019_0020,1902/01/01 05:00:00+00,1902/01/01 05:00:00+00,2024/07/05 04:00:00+00,2794.388322,33053.98827,153,Planned Development Housing-6,Mixed use residential communities including single family and multifamily housing products with supportive non-residential uses. Maximum overall residential density of 6 units per acre.,PDH6
154,PDH4,2023,NV,ZMAP-2018-0003,NO VALUE,2019/07/02 04:00:00+00,PDH4  2023,2019_0019,1902/01/01 05:00:00+00,1902/01/01 05:00:00+00,2023/12/13 22:48:33+00,9673.563272,3690471.138,154,Planned Development Housing-4,Mixed use residential communities including single family and multifamily housing products with supportive non-residential uses. Maximum overall residential density of 4 units per acre.,PDH4
155,TRC,2023,NV,ZMAP-2016-0010,NO VALUE,2019/06/20 04:00:00+00,TRC 2023,2023_0027,1902/01/01 05:00:00+00,1902/01/01 05:00:00+00,2023/12/13 22:48:33+00,14084.38643,2831968.8,155,Transit Related Center,"District established to provide for a compatible mixture of commercial, cultural, institutional, governmental, recreational, and high-density housing uses in compact, pedestrian oriented, transit oriented developments and transit-designed supportive areas. Supports General Plan.",TRC
156,GI,2023,28,ZRTD-2018-0009,NO VALUE,2019/04/10 04:00:00+00,GI 2023,2023_0027,1902/01/01 05:00:00+00,1902/01/01 05:00:00+00,2023/12/13 22:48:33+00,1503.795827,150532.3927,156,General Industry,District for industrial uses that are incompatible with residential uses due to the prevelance of outdoor storage and emissions of noise and odor. ,GI
157,PDIP,1972,28,,,1900/01/02 05:00:00+00,PDIP 1972,2022_0033,1902/01/01 05:00:00+00,1902/01/01 05:00:00+00,2022/11/02 04:00:00+00,3564.048127,645981.5673,157,Planned Development-Industrial Park,Light and medium industrial uses with supporting accessory uses and facilities designed with a parklike environment. May be subject to a concept development plan.  It is only under the 1972 Ordinance.,PDIP
158,TRC,2023,NV,ZMAP-2013-0006,NO VALUE,2019/03/21 04:00:00+00,TRC 2023,2023_0027,1902/01/01 05:00:00+00,1902/01/01 05:00:00+00,2023/12/13 22:48:33+00,3895.907112,861979.0741,158,Transit Related Center,"District established to provide for a compatible mixture of commercial, cultural, institutional, governmental, recreational, and high-density housing uses in compact, pedestrian oriented, transit oriented developments and transit-designed supportive areas. Supports General Plan.",TRC
159,IP,2023,NV,ZMAP-1990-0015,Z2000-0036,1993/02/03 05:00:00+00,IP 2023,2023_0027,1902/01/01 05:00:00+00,1902/01/01 05:00:00+00,2023/12/13 22:48:33+00,1889.264773,28548.86417,159,Industrial Park,"District for office, light production, flex space, and warehousing uses.  Support limited first floor retail or other accessory uses that serve predominate uses.",IP
160,TRC,2023,NV,ZMAP-2013-0006,NO VALUE,2019/03/21 04:00:00+00,TRC 2023,2023_0027,1902/01/01 05:00:00+00,1902/01/01 05:00:00+00,2023/12/13 22:48:33+00,8685.916816,1557609.968,160,Transit Related Center,"District established to provide for a compatible mixture of commercial, cultural, institutional, governmental, recreational, and high-density housing uses in compact, pedestrian oriented, transit oriented developments and transit-designed supportive areas. Supports General Plan.",TRC
161,IP,2023,28,ZRTD-2018-0004,,2019/02/05 05:00:00+00,IP 2023,2023_0027,1902/01/01 05:00:00+00,1902/01/01 05:00:00+00,2023/12/13 22:48:33+00,5222.486871,1069658.853,161,Industrial Park,"District for office, light production, flex space, and warehousing uses.  Support limited first floor retail or other accessory uses that serve predominate uses.",IP
162,IP,2023,NV,NO VALUE,NO VALUE,1900/01/02 05:00:00+00,IP 2023,2023_0027,1902/01/01 05:00:00+00,1902/01/01 05:00:00+00,2023/12/13 22:48:33+00,1501.071311,105589.7693,162,Industrial Park,"District for office, light production, flex space, and warehousing uses.  Support limited first floor retail or other accessory uses that serve predominate uses.",IP
163,GI,2023,NV,NO VALUE,NO VALUE,1900/01/02 05:00:00+00,GI 2023,2023_0027,1902/01/01 05:00:00+00,1902/01/01 05:00:00+00,2023/12/13 22:48:33+00,2681.830388,270944.3872,163,General Industry,District for industrial uses that are incompatible with residential uses due to the prevelance of outdoor storage and emissions of noise and odor. ,GI
164,GI,2023,NV,NO VALUE,NO VALUE,1900/01/02 05:00:00+00,GI 2023,2023_0027,1902/01/01 05:00:00+00,1902/01/01 05:00:00+00,2023/12/13 22:48:33+00,41570.97026,70108049.67,164,General Industry,District for industrial uses that are incompatible with residential uses due to the prevelance of outdoor storage and emissions of noise and odor. ,GI
165,GI,2023,NV,ZMAP-2022-0011,,2022/11/01 04:00:00+00,GI 2023,2023_0027,1902/01/01 05:00:00+00,1902/01/01 05:00:00+00,2023/12/13 22:48:33+00,99877.7969,325588074.1,165,General Industry,District for industrial uses that are incompatible with residential uses due to the prevelance of outdoor storage and emissions of noise and odor. ,GI
166,IP,2023,28,ZRTD-2017-0008,NO VALUE,2019/01/17 05:00:00+00,IP 2023,2023_0027,1902/01/01 05:00:00+00,1902/01/01 05:00:00+00,2023/12/13 22:48:33+00,14864.64782,5029823.585,166,Industrial Park,"District for office, light production, flex space, and warehousing uses.  Support limited first floor retail or other accessory uses that serve predominate uses.",IP
167,IP,2023,NV,ZMAP-2016-0013,NO VALUE,2018/10/18 04:00:00+00,IP 2023,2023_0027,1902/01/01 05:00:00+00,1902/01/01 05:00:00+00,2023/12/13 22:48:33+00,1836.808036,121923.0054,167,Industrial Park,"District for office, light production, flex space, and warehousing uses.  Support limited first floor retail or other accessory uses that serve predominate uses.",IP
168,TC,2023,NV,ZMAP-2016-0013,NO VALUE,2018/10/18 04:00:00+00,TC 2023,2023_0027,1902/01/01 05:00:00+00,1902/01/01 05:00:00+00,2023/12/13 22:48:33+00,895.4635577,45373.7407,168,Town Center,"A district established to provide for a compatible mixture of commercial, cultural, institutional, governmental, and residential uses in compact pedestrian oriented, traditional town centers, in areas consistent with the General Plan & serving as focal points for substantial residential areas.",TC
169,IP,2023,NV,ZMAP-2016-0013,NO VALUE,2018/10/18 04:00:00+00,IP 2023,2023_0027,1902/01/01 05:00:00+00,1902/01/01 05:00:00+00,2023/12/13 22:48:33+00,8435.423515,1964783.092,169,Industrial Park,"District for office, light production, flex space, and warehousing uses.  Support limited first floor retail or other accessory uses that serve predominate uses.",IP
170,IP,2023,NV,ZMAP-1997-0004,NO VALUE,1998/07/15 04:00:00+00,IP 2023,2023_0027,1902/01/01 05:00:00+00,1902/01/01 05:00:00+00,2023/12/13 22:48:33+00,1599.520117,152370.6279,170,Industrial Park,"District for office, light production, flex space, and warehousing uses.  Support limited first floor retail or other accessory uses that serve predominate uses.",IP
171,PDCCRC,2023,NV,ZMAP-2005-0035,106,2007/06/19 04:00:00+00,PDCCRC2023,2021_0024,1902/01/01 05:00:00+00,1902/01/01 05:00:00+00,2023/12/13 22:48:33+00,8203.764694,327709.3425,171,Planned Development-Commercial Center (Regional Center),"Large scale commercial centers which provide a wide range of retail, office, and service uses, with one or more anchor stores, to the regional market. Minimum of 60 acres with controlled access to arterial roads.",PDCCRC
172,PDCCRC,2023,NV,ZMAP-2006-0015,12,2007/12/04 05:00:00+00,PDCCRC2023,2018_0038,1902/01/01 05:00:00+00,1902/01/01 05:00:00+00,2023/12/13 22:48:33+00,2910.766903,94451.73551,172,Planned Development-Commercial Center (Regional Center),"Large scale commercial centers which provide a wide range of retail, office, and service uses, with one or more anchor stores, to the regional market. Minimum of 60 acres with controlled access to arterial roads.",PDCCRC
173,RC,2023,, , ,1900/01/01 05:00:00+00,RC  2023,2023_0022,1902/01/01 05:00:00+00,1902/01/01 05:00:00+00,2023/12/13 22:48:33+00,20405.64759,4322019.144,173,Rural Commercial,Commercial properties predominantly located in rural Loudoun. Uses are compatible with scale and character of general open and rural character of Rural North & South Place Types.,RC
174,IP,2023,NV,ZMAP-2006-0015,12,2007/12/04 05:00:00+00,IP 2023,2023_0027,1902/01/01 05:00:00+00,1902/01/01 05:00:00+00,2023/12/13 22:48:33+00,15254.41601,5299610.563,174,Industrial Park,"District for office, light production, flex space, and warehousing uses.  Support limited first floor retail or other accessory uses that serve predominate uses.",IP
175,TC,2023,NV,ZMAP-2006-0015,12,2007/12/04 05:00:00+00,TC 2023,2023_0027,1902/01/01 05:00:00+00,1902/01/01 05:00:00+00,2023/12/13 22:48:33+00,9462.424657,3221255.803,175,Town Center,"A district established to provide for a compatible mixture of commercial, cultural, institutional, governmental, and residential uses in compact pedestrian oriented, traditional town centers, in areas consistent with the General Plan & serving as focal points for substantial residential areas.",TC
176,R16,2023,NV,ZMAP-2006-0015,12,2007/12/04 05:00:00+00,R16  2023,2016_0001,1902/01/01 05:00:00+00,1902/01/01 05:00:00+00,2023/12/13 22:48:33+00,5753.698715,1071269.931,176,Townhouse/Multifamily Residential-16,Single family attached/detached and multifamily residences at a maximum density of 16 units per acre; 19.2 units per acre with ADU. Served by public water and sewer. In areas designated for infill development. Traditional design option.,R16
177,R8,2023,NV,ZMAP-2006-0015,12,2007/12/04 05:00:00+00,R8  2023,2021_0018,1902/01/01 05:00:00+00,1902/01/01 05:00:00+00,2023/12/13 22:48:33+00,4643.292512,780588.128,177,Single Family Residential-8,"Moderate to medium density single family detached, duplex, townhouse, and single family attached development with a maximum density of 8 units per acre, 9.6 units per acre with ADU. Served by public water and sewer. Traditional and suburban design options.",R8
178,TC,2023,NV,ZMAP-2006-0015,130,2007/12/04 05:00:00+00,TC 2023,2023_0027,1902/01/01 05:00:00+00,1902/01/01 05:00:00+00,2023/12/13 22:48:33+00,6422.126605,474576.8327,178,Town Center,"A district established to provide for a compatible mixture of commercial, cultural, institutional, governmental, and residential uses in compact pedestrian oriented, traditional town centers, in areas consistent with the General Plan & serving as focal points for substantial residential areas.",TC
179,OP,2023,NV,ZMAP-1998-0003,NO VALUE,1998/06/17 04:00:00+00,OP 2023,2023_0027,1902/01/01 05:00:00+00,1902/01/01 05:00:00+00,2023/12/13 22:48:33+00,2054.183501,65363.04632,179,Office Park,"District for administrative, business and professional offices research and development, and supporting commercial and instibutional uses and facilities; support limited first floor retail.",OP
180,IP,2023,28,ZRTD-2017-0005,NO VALUE,2018/10/10 04:00:00+00,IP 2023,2023_0027,1902/01/01 05:00:00+00,1902/01/01 05:00:00+00,2023/12/13 22:48:33+00,12829.89706,4862177.924,180,Industrial Park,"District for office, light production, flex space, and warehousing uses.  Support limited first floor retail or other accessory uses that serve predominate uses.",IP
181,CCSC,2023,28,ZRTD-2018-0005,NO VALUE,2018/10/10 04:00:00+00,CCSC 2023,2018_0036,1902/01/01 05:00:00+00,1902/01/01 05:00:00+00,2023/12/13 22:48:33+00,3323.961962,466600.4833,181,Commercial Center - Small Regional Center,"Small regional centers to meet shopping needs of a communitymore than a 10 minute drive from the center. Minimum of 18 acres, maximum of 60 acres. Controlled access to a major collector.",CCSC
182,OP,2023,28,ZRTD-2016-0006,NO VALUE,2018/09/12 04:00:00+00,OP 2023,2023_0027,1902/01/01 05:00:00+00,1902/01/01 05:00:00+00,2023/12/13 22:48:33+00,1317.74732,90092.42681,182,Office Park,"District for administrative, business and professional offices research and development, and supporting commercial and instibutional uses and facilities; support limited first floor retail.",OP
183,IP,2023,28,ZRTD-2018-0003,NO VALUE,2018/09/12 04:00:00+00,IP 2023,2023_0027,1902/01/01 05:00:00+00,1902/01/01 05:00:00+00,2023/12/13 22:48:33+00,1395.864107,98339.54934,183,Industrial Park,"District for office, light production, flex space, and warehousing uses.  Support limited first floor retail or other accessory uses that serve predominate uses.",IP
184,R16,2023,NV,ZMAP-2018-0001,NO VALUE,2018/09/12 04:00:00+00,R16  2023,2018_0028,1902/01/01 05:00:00+00,1902/01/01 05:00:00+00,2023/12/13 22:48:33+00,5643.065297,905956.785,184,Townhouse/Multifamily Residential-16,Single family attached/detached and multifamily residences at a maximum density of 16 units per acre; 19.2 units per acre with ADU. Served by public water and sewer. In areas designated for infill development. Traditional design option.,R16
185,PDSA,2023,NV,ZMAP-2018-0002,NO VALUE,2018/09/12 04:00:00+00,PDSA  2023,2018_0027,1902/01/01 05:00:00+00,1902/01/01 05:00:00+00,2023/12/13 22:48:33+00,29574.45205,17909469.39,185,Planned Development-Special Activity,"A district established to accommodate uses which require sizable land area that may require functional separation from normal residential, commercial, or industrial development (e.g. airports, zoos, stadiums, etc.).",PDSA
186,IP,2023,28,ZRTD-2017-0011,,2018/09/12 04:00:00+00,IP 2023,2023_0027,1902/01/01 05:00:00+00,1902/01/01 05:00:00+00,2023/12/13 22:48:33+00,1486.363362,124367.3277,186,Industrial Park,"District for office, light production, flex space, and warehousing uses.  Support limited first floor retail or other accessory uses that serve predominate uses.",IP
187,OP,2023,NV,ZRTD-2018-0001,NO VALUE,2018/07/11 04:00:00+00,OP 2023,2023_0027,1902/01/01 05:00:00+00,1902/01/01 05:00:00+00,2023/12/13 22:48:33+00,4549.117243,959553.4881,187,Office Park,"District for administrative, business and professional offices research and development, and supporting commercial and instibutional uses and facilities; support limited first floor retail.",OP
188,RC,2023,NV,ZMAP-2016-0018,NO VALUE,2018/07/03 04:00:00+00,RC  2023,2020_0018,1902/01/01 05:00:00+00,1902/01/01 05:00:00+00,2023/12/13 22:48:33+00,1763.894008,79935.7808,188,Rural Commercial,Commercial properties predominantly located in rural Loudoun. Uses are compatible with scale and character of general open and rural character of Rural North & South Place Types.,RC
189,IP,2023,28,ZRTD-2018-0002,NO VALUE,2018/06/13 04:00:00+00,IP 2023,2023_0027,1902/01/01 05:00:00+00,1902/01/01 05:00:00+00,2023/12/13 22:48:33+00,3021.007596,524249.1246,189,Industrial Park,"District for office, light production, flex space, and warehousing uses.  Support limited first floor retail or other accessory uses that serve predominate uses.",IP
190,IP,2023,28,ZRTD-2017-0016,NO VALUE,2018/06/13 04:00:00+00,IP 2023,2023_0027,1902/01/01 05:00:00+00,1902/01/01 05:00:00+00,2023/12/13 22:48:33+00,4686.962078,988851.7547,190,Industrial Park,"District for office, light production, flex space, and warehousing uses.  Support limited first floor retail or other accessory uses that serve predominate uses.",IP
191,R16,2023,NV,ZMAP-2021-0004,NO VALUE,2022/09/06 04:00:00+00,R16  2023,2022_0029,1902/01/01 05:00:00+00,1902/01/01 05:00:00+00,2023/12/13 22:48:33+00,1738.64265,180188.9441,191,Townhouse/Multifamily Residential-16,Single family attached/detached and multifamily residences at a maximum density of 16 units per acre; 19.2 units per acre with ADU. Served by public water and sewer. In areas designated for infill development. Traditional design option.,R16
192,PDH3,2023,28,ZMAP-1984-0090,NO VALUE,1984/11/05 05:00:00+00,PDH3  2023,2018_0020,1902/01/01 05:00:00+00,1902/01/01 05:00:00+00,2023/12/13 22:48:33+00,1918.134083,88528.19505,192,Planned Development Housing-3,Mixed use residential communities including single family and multifamily housing products with supportive non-residential uses. Maximum overall residential density of 3 units per acre.,PDH3
193,PDH3,2023,28,ZMAP-1984-0090,NO VALUE,1984/11/05 05:00:00+00,PDH3  2023,2018_0020,1902/01/01 05:00:00+00,1902/01/01 05:00:00+00,2023/12/13 22:48:33+00,1715.831017,102500.9365,193,Planned Development Housing-3,Mixed use residential communities including single family and multifamily housing products with supportive non-residential uses. Maximum overall residential density of 3 units per acre.,PDH3
194,GI,2023,NV,ZRTD-2017-0004,,2018/05/17 04:00:00+00,GI 2023,2023_0027,1902/01/01 05:00:00+00,1902/01/01 05:00:00+00,2023/12/13 22:48:33+00,3751.693235,665299.9514,194,General Industry,District for industrial uses that are incompatible with residential uses due to the prevelance of outdoor storage and emissions of noise and odor. ,GI
195,OP,2023,NV,ZMAP-1996-0003, ,1998/04/15 04:00:00+00,OP 2023,2023_0027,1902/01/01 05:00:00+00,1902/01/01 05:00:00+00,2023/12/13 22:48:33+00,20906.65385,9933418.139,195,Office Park,"District for administrative, business and professional offices research and development, and supporting commercial and instibutional uses and facilities; support limited first floor retail.",OP
196,PDH4,2023,,ZMAP-1996-0003, ,1998/04/15 04:00:00+00,PDH4  2023,2019_0014,1902/01/01 05:00:00+00,1902/01/01 05:00:00+00,2023/12/13 22:48:33+00,26351.90644,23279953.59,196,Planned Development Housing-4,Mixed use residential communities including single family and multifamily housing products with supportive non-residential uses. Maximum overall residential density of 4 units per acre.,PDH4
197,OP,2023,28,ZMAP-1998-0007,Z2000-0038,2000/07/24 04:00:00+00,OP 2023,2023_0027,1902/01/01 05:00:00+00,1902/01/01 05:00:00+00,2023/12/13 22:48:33+00,10587.38462,471153.1601,197,Office Park,"District for administrative, business and professional offices research and development, and supporting commercial and instibutional uses and facilities; support limited first floor retail.",OP
198,IP,2023,28,ZRTD-2017-0017,NO VALUE,2018/04/11 04:00:00+00,IP 2023,2023_0027,1902/01/01 05:00:00+00,1902/01/01 05:00:00+00,2023/12/13 22:48:33+00,1874.745057,228787.8723,198,Industrial Park,"District for office, light production, flex space, and warehousing uses.  Support limited first floor retail or other accessory uses that serve predominate uses.",IP
199,OP,2023,28,ZRTD-2017-0010,NO VALUE,2018/04/03 04:00:00+00,OP 2023,2023_0027,1902/01/01 05:00:00+00,1902/01/01 05:00:00+00,2023/12/13 22:48:33+00,9393.206782,2849145.746,199,Office Park,"District for administrative, business and professional offices research and development, and supporting commercial and instibutional uses and facilities; support limited first floor retail.",OP
200,OP,2023,NV,ZMAP-2016-0001,NO VALUE,2018/03/22 04:00:00+00,OP 2023,2023_0027,1902/01/01 05:00:00+00,1902/01/01 05:00:00+00,2023/12/13 22:48:33+00,6035.212424,1679934.422,200,Office Park,"District for administrative, business and professional offices research and development, and supporting commercial and instibutional uses and facilities; support limited first floor retail.",OP
201,PDH4,2023,NV,ZMAP-2016-0001,NO VALUE,2018/03/22 04:00:00+00,PDH4  2023,2018_0010,1902/01/01 05:00:00+00,1902/01/01 05:00:00+00,2023/12/13 22:48:33+00,5118.370868,885054.0019,201,Planned Development Housing-4,Mixed use residential communities including single family and multifamily housing products with supportive non-residential uses. Maximum overall residential density of 4 units per acre.,PDH4
202,CCCC,2023,NV,ZMAP-2016-0005,NO VALUE,2018/03/14 04:00:00+00,CCCC 2023,2023_0027,1902/01/01 05:00:00+00,1902/01/01 05:00:00+00,2023/12/13 22:48:33+00,3490.211088,295025.1269,202,Commercial Center - Community Center,"Serves retail shopping needs of surrounding community with 10 minutes drive. Minimum of 4 acres, maximum of 22 acres.",CCCC
203,R16,2023,NV,ZMAP-2013-0003,NO VALUE,2018/03/06 05:00:00+00,R16  2023,2018_0008,1902/01/01 05:00:00+00,1902/01/01 05:00:00+00,2023/12/13 22:48:33+00,5352.809734,887285.5233,203,Townhouse/Multifamily Residential-16,Single family attached/detached and multifamily residences at a maximum density of 16 units per acre; 19.2 units per acre with ADU. Served by public water and sewer. In areas designated for infill development. Traditional design option.,R16
204,CCCC,2023,NV,ZMAP-2013-0003,NO VALUE,2018/03/06 05:00:00+00,CCCC 2023,2023_0027,1902/01/01 05:00:00+00,1902/01/01 05:00:00+00,2023/12/13 22:48:33+00,2416.471077,283137.2896,204,Commercial Center - Community Center,"Serves retail shopping needs of surrounding community with 10 minutes drive. Minimum of 4 acres, maximum of 22 acres.",CCCC
205,IP,2023,28,ZRTD-2016-0013,NO VALUE,2018/03/06 05:00:00+00,IP 2023,2023_0029,1902/01/01 05:00:00+00,1902/01/01 05:00:00+00,2023/12/13 22:48:33+00,2440.545549,324385.9897,205,Industrial Park,"District for office, light production, flex space, and warehousing uses.  Support limited first floor retail or other accessory uses that serve predominate uses.",IP
206,IP,2023,28,ZMAP-2016-0022,NO VALUE,2018/03/06 05:00:00+00,IP 2023,2023_0027,1902/01/01 05:00:00+00,1902/01/01 05:00:00+00,2023/12/13 22:48:33+00,6562.636629,1425189.72,206,Industrial Park,"District for office, light production, flex space, and warehousing uses.  Support limited first floor retail or other accessory uses that serve predominate uses.",IP
207,GI,2023,NONE,ZMAP-2017-0004,NO VALUE,2018/02/06 05:00:00+00,GI 2023,2023_0027,1902/01/01 05:00:00+00,1902/01/01 05:00:00+00,2023/12/13 22:48:33+00,6005.294984,1904125.868,207,General Industry,District for industrial uses that are incompatible with residential uses due to the prevelance of outdoor storage and emissions of noise and odor. ,GI
208,OP,2023,NV,ZMAP-2017-0003,NO VALUE,2018/01/18 05:00:00+00,OP 2023,2023_0027,1902/01/01 05:00:00+00,1902/01/01 05:00:00+00,2023/12/13 22:48:33+00,9785.35983,4506958.437,208,Office Park,"District for administrative, business and professional offices research and development, and supporting commercial and instibutional uses and facilities; support limited first floor retail.",OP
209,IP,2023,NV,ZRTD-2017-0012,NO VALUE,2018/01/10 05:00:00+00,IP 2023,2023_0027,1902/01/01 05:00:00+00,1902/01/01 05:00:00+00,2023/12/13 22:48:33+00,2845.333699,442778.0693,209,Industrial Park,"District for office, light production, flex space, and warehousing uses.  Support limited first floor retail or other accessory uses that serve predominate uses.",IP
210,GI,2023,28,ZRTD-2016-0009,,2017/12/13 05:00:00+00,GI 2023,2023_0027,1902/01/01 05:00:00+00,1902/01/01 05:00:00+00,2023/12/13 22:48:33+00,1289.952314,105856.0888,210,General Industry,District for industrial uses that are incompatible with residential uses due to the prevelance of outdoor storage and emissions of noise and odor. ,GI
211,PDCCRC,2023,NV,ZMAP-2016-0020,NO VALUE,2017/11/15 05:00:00+00,PDCCRC2023,2017_0051,1902/01/01 05:00:00+00,1902/01/01 05:00:00+00,2023/12/13 22:48:33+00,2893.422458,424159.3521,211,Planned Development-Commercial Center (Regional Center),"Large scale commercial centers which provide a wide range of retail, office, and service uses, with one or more anchor stores, to the regional market. Minimum of 60 acres with controlled access to arterial roads.",PDCCRC
212,IP,2023,NV,ZRTD-2017-0006,NO VALUE,2017/09/13 04:00:00+00,IP 2023,2023_0027,1902/01/01 05:00:00+00,1902/01/01 05:00:00+00,2023/12/13 22:48:33+00,1078.255845,72055.55622,212,Industrial Park,"District for office, light production, flex space, and warehousing uses.  Support limited first floor retail or other accessory uses that serve predominate uses.",IP
213,GI,2023,NV,ZRTD-2017-0003,NO VALUE,2017/09/13 04:00:00+00,GI 2023,2023_0027,1902/01/01 05:00:00+00,1902/01/01 05:00:00+00,2023/12/13 22:48:33+00,2082.051916,244307.8938,213,General Industry,District for industrial uses that are incompatible with residential uses due to the prevelance of outdoor storage and emissions of noise and odor. ,GI
214,IP,2023,NV,ZRTD-2016-0014,NO VALUE,2017/09/13 04:00:00+00,IP 2023,2023_0027,1902/01/01 05:00:00+00,1902/01/01 05:00:00+00,2023/12/13 22:48:33+00,1319.313458,111214.148,214,Industrial Park,"District for office, light production, flex space, and warehousing uses.  Support limited first floor retail or other accessory uses that serve predominate uses.",IP
215,IP,2023,NV,ZMAP-2016-0016,,2017/09/05 04:00:00+00,IP 2023,2023_0027,1902/01/01 05:00:00+00,1902/01/01 05:00:00+00,2023/12/13 22:48:33+00,1572.559948,88211.71806,215,Industrial Park,"District for office, light production, flex space, and warehousing uses.  Support limited first floor retail or other accessory uses that serve predominate uses.",IP
216,IP,2023,NV,ZRTD-2016-0011,NO VALUE,2017/07/20 04:00:00+00,IP 2023,2023_0027,1902/01/01 05:00:00+00,1902/01/01 05:00:00+00,2024/04/09 04:00:00+00,3185.960131,169046.8966,216,Industrial Park,"District for office, light production, flex space, and warehousing uses.  Support limited first floor retail or other accessory uses that serve predominate uses.",IP
217,IP,2023,28,ZRTD-2016-0003,NO VALUE,2016/09/14 04:00:00+00,IP 2023,2023_0027,1902/01/01 05:00:00+00,1902/01/01 05:00:00+00,2023/12/13 22:48:33+00,2378.43147,265582.5029,217,Industrial Park,"District for office, light production, flex space, and warehousing uses.  Support limited first floor retail or other accessory uses that serve predominate uses.",IP
218,TC,2023,NV,ZMAP-2016-0006,NO VALUE,2018/05/09 04:00:00+00,TC 2023,2023_0027,1902/01/01 05:00:00+00,1902/01/01 05:00:00+00,2023/12/13 22:48:33+00,1811.185138,98124.821,218,Town Center,"A district established to provide for a compatible mixture of commercial, cultural, institutional, governmental, and residential uses in compact pedestrian oriented, traditional town centers, in areas consistent with the General Plan & serving as focal points for substantial residential areas.",TC
219,PDRDP,2023,NV,ZMAP-2016-0007,NO VALUE,2017/05/10 04:00:00+00,PDRDP 2023,2017_0026,1902/01/01 05:00:00+00,1902/01/01 05:00:00+00,2023/12/13 22:48:33+00,1961.06425,100838.5353,219,Planned Development-Research and Development Park,"Planned mixed employment park a minimum of 20 acres in size & within the Rt 28 Tax District, subject to an adopted concept development plan, which allows the mixing of research and development firms, office complexes, certain types of manufacturing and interrelated land uses.",PDRDP
220,PDMUB,2023,NV,ZMAP-2016-0004,NO VALUE,2017/05/10 04:00:00+00,PDMUB R93,2017_0027,1902/01/01 05:00:00+00,1902/01/01 05:00:00+00,2023/12/13 22:48:33+00,2500.936826,248121.3691,220,Planned Development-Mixed Use Business,"A compact pedestrian oriented mixed use business district of regional office, light industrian, retail, service, civic and high density residential uses located in close proximity to each other. Minimum size of 25 acres per District.",PDMUB
221,R16,2023,NV,ZMAP-2015-0007,,2017/03/23 04:00:00+00,R16  2023,2017_0022,1902/01/01 05:00:00+00,1902/01/01 05:00:00+00,2023/12/13 22:48:33+00,1777.398046,202779.9916,221,Townhouse/Multifamily Residential-16,Single family attached/detached and multifamily residences at a maximum density of 16 units per acre; 19.2 units per acre with ADU. Served by public water and sewer. In areas designated for infill development. Traditional design option.,R16
222,IP,2023,NV,ZMAP-2015-0007,,2017/03/23 04:00:00+00,IP 2023,2023_0027,1902/01/01 05:00:00+00,1902/01/01 05:00:00+00,2023/12/13 22:48:33+00,2598.975845,303847.4997,222,Industrial Park,"District for office, light production, flex space, and warehousing uses.  Support limited first floor retail or other accessory uses that serve predominate uses.",IP
223,R4,2023,NONE,,,1900/01/02 05:00:00+00,R4  2023,2017_0020,1902/01/01 05:00:00+00,1902/01/01 05:00:00+00,2023/12/13 22:48:33+00,1165.422438,51700.57573,223,Single Family Residential-4,"Moderate density single family detached development with a maximum density of 1 unit per 10,000 square feet, 4.8 units per acre with ADU. Served by public water and sewer. Cluster, suburban, and traditional design and compact cluster options.",R4
224,GI,2023,28,ZRTD-2016-0008,NO VALUE,2017/03/15 04:00:00+00,GI 2023,2023_0027,1902/01/01 05:00:00+00,1902/01/01 05:00:00+00,2023/12/13 22:48:33+00,1152.44389,83770.91731,224,General Industry,District for industrial uses that are incompatible with residential uses due to the prevelance of outdoor storage and emissions of noise and odor. ,GI
225,IP,2023,28,ZRTD-2016-0012,NO VALUE,2017/03/15 04:00:00+00,IP 2023,2023_0027,1902/01/01 05:00:00+00,1902/01/01 05:00:00+00,2023/12/13 22:48:33+00,16127.02665,6130960.619,225,Industrial Park,"District for office, light production, flex space, and warehousing uses.  Support limited first floor retail or other accessory uses that serve predominate uses.",IP
226,IP,2023,28,ZRTD-2017-0013,,1900/01/02 05:00:00+00,IP 2023,2023_0027,1902/01/01 05:00:00+00,1902/01/01 05:00:00+00,2023/12/13 22:48:33+00,1402.016123,108030.2978,226,Industrial Park,"District for office, light production, flex space, and warehousing uses.  Support limited first floor retail or other accessory uses that serve predominate uses.",IP
227,IP,2023,28,ZRTD-2016-0004,NO VALUE,2017/02/15 05:00:00+00,IP 2023,2023_0027,1902/01/01 05:00:00+00,1902/01/01 05:00:00+00,2023/12/13 22:48:33+00,4147.02284,884542.6078,227,Industrial Park,"District for office, light production, flex space, and warehousing uses.  Support limited first floor retail or other accessory uses that serve predominate uses.",IP
228,IP,2023,28,ZMAP-2016-0019,NO VALUE,2017/02/15 05:00:00+00,IP 2023,2023_0027,1902/01/01 05:00:00+00,1902/01/01 05:00:00+00,2023/12/13 22:48:33+00,2507.025763,140018.1819,228,Industrial Park,"District for office, light production, flex space, and warehousing uses.  Support limited first floor retail or other accessory uses that serve predominate uses.",IP
229,IP,2023,28,ZRTD-2016-0007,NO VALUE,1900/01/02 05:00:00+00,IP 2023,2023_0027,1902/01/01 05:00:00+00,1902/01/01 05:00:00+00,2023/12/13 22:48:33+00,1683.563459,181138.307,229,Industrial Park,"District for office, light production, flex space, and warehousing uses.  Support limited first floor retail or other accessory uses that serve predominate uses.",IP
230,TOWNS,2023,NONE,ZMAP-2005-0042, ,2006/12/05 05:00:00+00,TOWNS 2023,2017_0009,1902/01/01 05:00:00+00,1902/01/01 05:00:00+00,2023/12/13 22:48:33+00,16420.96063,7502851.32,230,Incorporated Towns,Districts zoned by the incorporated town and administered by the town.,TOWNS
231,RC,2023,NV,NO VALUE,NO VALUE,1900/01/02 05:00:00+00,RC  2023,2017_0007,1902/01/01 05:00:00+00,1902/01/01 05:00:00+00,2023/12/13 22:48:33+00,7767.768924,938778.7822,231,Rural Commercial,Commercial properties predominantly located in rural Loudoun. Uses are compatible with scale and character of general open and rural character of Rural North & South Place Types.,RC
232,RC,2023,NV,ZMAP-2015-0014,,2017/01/19 05:00:00+00,RC  2023,2017_0008,1902/01/01 05:00:00+00,1902/01/01 05:00:00+00,2023/12/13 22:48:33+00,2342.63964,96236.46696,232,Rural Commercial,Commercial properties predominantly located in rural Loudoun. Uses are compatible with scale and character of general open and rural character of Rural North & South Place Types.,RC
233,IP,2023,NV,ZRTD-2016-0001,,2017/01/19 05:00:00+00,IP 2023,2023_0027,1902/01/01 05:00:00+00,1902/01/01 05:00:00+00,2023/12/13 22:48:33+00,2961.162193,230072.6944,233,Industrial Park,"District for office, light production, flex space, and warehousing uses.  Support limited first floor retail or other accessory uses that serve predominate uses.",IP
234,PDMUB,2023,NV,ZMAP-2015-0003,,2017/01/03 05:00:00+00,PDMUB  R93,2017_0005,1902/01/01 05:00:00+00,1902/01/01 05:00:00+00,2023/12/13 22:48:33+00,1362.93329,109268.1726,234,Planned Development-Mixed Use Business,"A compact pedestrian oriented mixed use business district of regional office, light industrian, retail, service, civic and high density residential uses located in close proximity to each other. Minimum size of 25 acres per District.",PDMUB
235,OP,2023,NV,ZMAP-2016-0003,,1900/01/02 05:00:00+00,OP 2023,2023_0027,1902/01/01 05:00:00+00,1902/01/01 05:00:00+00,2023/12/13 22:48:33+00,8170.687745,3832345.169,235,Office Park,"District for administrative, business and professional offices research and development, and supporting commercial and instibutional uses and facilities; support limited first floor retail.",OP
236,IP,2023,NV,ZRTD-2016-0005,,1900/01/02 05:00:00+00,IP 2023,2023_0027,1902/01/01 05:00:00+00,1902/01/01 05:00:00+00,2023/12/13 22:48:33+00,1685.158117,177341.8054,236,Industrial Park,"District for office, light production, flex space, and warehousing uses.  Support limited first floor retail or other accessory uses that serve predominate uses.",IP
237,TR3LF,2023,NV,ZMAP-2014-0006,NO VALUE,2015/11/04 05:00:00+00,TR3LF 2023,2017_0036,1902/01/01 05:00:00+00,1902/01/01 05:00:00+00,2023/12/13 22:48:33+00,3127.797846,373837.3944,237,Transitional Residential - 3 (Lower Foley),"Sub-district of TR3 with central utilities. Residential with cluster (50% open space); 1.0 dwelling unit per 3 acres, 1.2 dwelling units per 3 acres with ADU",TR3LF
238,TR1LF,2023,NV,ZMAP-2014-0006,NO VALUE,2015/11/04 05:00:00+00,TR1LF 2023,2017_0036,1902/01/01 05:00:00+00,1902/01/01 05:00:00+00,2023/12/13 22:48:33+00,2503.357659,247851.4896,238,Transitional Residential - 1 (Lower Foley),"Sub-district of TR1. Residential with cluster (50% open space); 1.0 dwelling unit per 40,000 square feet, 1.2 dwelling units per 40,000 square feet with ADU",TR1LF
239,GI,2023,28,ZRTD-2015-0007,,2016/09/14 04:00:00+00,GI 2023,2023_0027,1902/01/01 05:00:00+00,1902/01/01 05:00:00+00,2023/12/13 22:48:33+00,2489.557006,330384.4143,239,General Industry,District for industrial uses that are incompatible with residential uses due to the prevelance of outdoor storage and emissions of noise and odor. ,GI
240,IP,2023,28,ZRTD-2015-0004,,2016/02/10 05:00:00+00,IP 2023,2023_0027,1902/01/01 05:00:00+00,1902/01/01 05:00:00+00,2023/12/13 22:48:33+00,1349.60813,114907.6813,240,Industrial Park,"District for office, light production, flex space, and warehousing uses.  Support limited first floor retail or other accessory uses that serve predominate uses.",IP
241,IP,2023,NONE,ZMAP-2015-0013,NO VALUE,2016/09/14 04:00:00+00,IP 2023,2023_0027,1902/01/01 05:00:00+00,1902/01/01 05:00:00+00,2023/12/13 22:48:33+00,1691.366794,176684.3818,241,Industrial Park,"District for office, light production, flex space, and warehousing uses.  Support limited first floor retail or other accessory uses that serve predominate uses.",IP
242,R1,2023,NONE,ZMAP-2015-0012,,1900/01/02 05:00:00+00,R1  2023,2016_0034,1902/01/01 05:00:00+00,1902/01/01 05:00:00+00,2023/12/13 22:48:33+00,3565.293078,778061.3586,242,Single Family Residential-1,"Low-density single family detached development with a maximum density of 1 unit per 40,000 square feet; 1.2 unit per 40,000 square feet with ADU. Served by public water and sewer. Cluster and compact cluster options.",R1
243,R8,2023,NONE,ZMAP-2015-0001,,2016/09/22 04:00:00+00,R8  2023,2022_0009,1902/01/01 05:00:00+00,1902/01/01 05:00:00+00,2023/12/13 22:48:33+00,6781.933679,1185315.216,243,Single Family Residential-8,"Moderate to medium density single family detached, duplex, townhouse, and single family attached development with a maximum density of 8 units per acre, 9.6 units per acre with ADU. Served by public water and sewer. Traditional and suburban design options.",R8
244,CCCC,2023,NONE,ZMAP-2015-0001,,2016/09/22 04:00:00+00,CCCC 2023,2023_0027,1902/01/01 05:00:00+00,1902/01/01 05:00:00+00,2023/12/13 22:48:33+00,3703.373311,713813.086,244,Commercial Center - Community Center,"Serves retail shopping needs of surrounding community with 10 minutes drive. Minimum of 4 acres, maximum of 22 acres.",CCCC
245,OP,2023,NONE,ZMAP-2015-0001,,2016/09/22 04:00:00+00,OP 2023,2023_0027,1902/01/01 05:00:00+00,1902/01/01 05:00:00+00,2023/12/13 22:48:33+00,1692.179582,154060.5283,245,Office Park,"District for administrative, business and professional offices research and development, and supporting commercial and instibutional uses and facilities; support limited first floor retail.",OP
246,IP,2023,NONE,ZMAP-2015-0001,,2016/09/22 04:00:00+00,IP 2023,2023_0027,1902/01/01 05:00:00+00,1902/01/01 05:00:00+00,2023/12/13 22:48:33+00,2589.412707,354098.6902,246,Industrial Park,"District for office, light production, flex space, and warehousing uses.  Support limited first floor retail or other accessory uses that serve predominate uses.",IP
247,PDMUB,2023,NONE,ZMAP-2015-0010,NO VALUE,1900/01/02 05:00:00+00,93 R,2021_0025,1902/01/01 05:00:00+00,1902/01/01 05:00:00+00,2023/12/13 22:48:33+00,1116.851498,43263.25849,247,Planned Development-Mixed Use Business,"A compact pedestrian oriented mixed use business district of regional office, light industrian, retail, service, civic and high density residential uses located in close proximity to each other. Minimum size of 25 acres per District.",PDMUB
248,RC,2023,NV,ZMAP-2014-0010,,2015/07/08 04:00:00+00,RC  2023,2016_0027,1902/01/01 05:00:00+00,1902/01/01 05:00:00+00,2023/12/13 22:48:33+00,684.4657932,25141.09308,248,Rural Commercial,Commercial properties predominantly located in rural Loudoun. Uses are compatible with scale and character of general open and rural character of Rural North & South Place Types.,RC
249,CCSC,2023,NV,ZMAP-2005-0018,2016_0025,2015/12/16 05:00:00+00,CCSC 2023,2016_0025,1902/01/01 05:00:00+00,1902/01/01 05:00:00+00,2023/12/13 22:48:33+00,3495.982399,595717.1975,249,Commercial Center - Small Regional Center,"Small regional centers to meet shopping needs of a communitymore than a 10 minute drive from the center. Minimum of 18 acres, maximum of 60 acres. Controlled access to a major collector.",CCSC
250,CCSC,2023,NV,ZMAP-2015-0006,,2016/03/01 05:00:00+00,CCSC 2023,2021_0025,1902/01/01 05:00:00+00,1902/01/01 05:00:00+00,2023/12/13 22:48:33+00,2978.982049,369315.9806,250,Commercial Center - Small Regional Center,"Small regional centers to meet shopping needs of a communitymore than a 10 minute drive from the center. Minimum of 18 acres, maximum of 60 acres. Controlled access to a major collector.",CCSC
251,PDMUB,2023,NV,ZMAP-2015-0008,35,2016/07/13 04:00:00+00,PDMUB R93,2019_0032,1902/01/01 05:00:00+00,1902/01/01 05:00:00+00,2023/12/13 22:48:33+00,4499.571683,732265.1958,251,Planned Development-Mixed Use Business,"A compact pedestrian oriented mixed use business district of regional office, light industrian, retail, service, civic and high density residential uses located in close proximity to each other. Minimum size of 25 acres per District.",PDMUB
252,CCNC,2023,NV,ZMAP-2012-0023,34,2016/06/07 04:00:00+00,CCNC 2023,2023_0027,1902/01/01 05:00:00+00,1902/01/01 05:00:00+00,2023/12/13 22:48:33+00,1630.359755,165666.3284,252,Commercial Center - Neighborhood Center,"Serves convenience needs of immediately adjacent residential neighborhoods or ones within 1/4 mile walking dist.  Minimum of 1.5 acres, maximum of 8 acres.",CCNC
253,IP,2023,NV,ZRTD-2015-0005,33,2016/04/13 04:00:00+00,IP 2023,2023_0027,1902/01/01 05:00:00+00,1902/01/01 05:00:00+00,2023/12/13 22:48:33+00,6239.59028,1906096.109,253,Industrial Park,"District for office, light production, flex space, and warehousing uses.  Support limited first floor retail or other accessory uses that serve predominate uses.",IP
254,IP,2023,NV, ,2016_0019,1900/01/01 05:00:00+00,IP 2023,2023_0027,1902/01/01 05:00:00+00,1902/01/01 05:00:00+00,2023/12/13 22:48:33+00,2613.283978,416661.2866,254,Industrial Park,"District for office, light production, flex space, and warehousing uses.  Support limited first floor retail or other accessory uses that serve predominate uses.",IP
255,PDIP,1972,NV, ,2015_0040,1900/01/01 05:00:00+00,PDIP  1972,8,1902/01/01 05:00:00+00,1902/01/01 05:00:00+00,2015/12/03 05:00:00+00,163.4900105,1.376947784,255,Planned Development-Industrial Park,Light and medium industrial uses with supporting accessory uses and facilities designed with a parklike environment. May be subject to a concept development plan.  It is only under the 1972 Ordinance.,PDIP
256,PDH6,2023,NV,ZMAP-2013-0005,22,2015/05/20 04:00:00+00,PDH6  2023,2016_0031,1902/01/01 05:00:00+00,1902/01/01 05:00:00+00,2023/12/13 22:48:33+00,5975.828181,1235909.844,256,Planned Development Housing-6,Mixed use residential communities including single family and multifamily housing products with supportive non-residential uses. Maximum overall residential density of 6 units per acre.,PDH6
257,IP,2023,NV,ZMAP-2008-0017,14,2011/07/19 04:00:00+00,IP 2023,2023_0027,1902/01/01 05:00:00+00,1902/01/01 05:00:00+00,2023/12/13 22:48:33+00,1482.62137,91494.15248,257,Industrial Park,"District for office, light production, flex space, and warehousing uses.  Support limited first floor retail or other accessory uses that serve predominate uses.",IP
258,R1,2023,NV,ZMAP-2014-0006,13,2015/11/04 05:00:00+00,R1  2023,2016_0039,1902/01/01 05:00:00+00,1902/01/01 05:00:00+00,2023/12/13 22:48:33+00,2570.642544,181919.0257,258,Single Family Residential-1,"Low-density single family detached development with a maximum density of 1 unit per 40,000 square feet; 1.2 unit per 40,000 square feet with ADU. Served by public water and sewer. Cluster and compact cluster options.",R1
259,R16,2023,NV,ZMAP-2012-0005,12,2013/10/02 04:00:00+00,R16  2023,2016_0001,1902/01/01 05:00:00+00,1902/01/01 05:00:00+00,2023/12/13 22:48:33+00,739.3162356,21533.36783,259,Townhouse/Multifamily Residential-16,Single family attached/detached and multifamily residences at a maximum density of 16 units per acre; 19.2 units per acre with ADU. Served by public water and sewer. In areas designated for infill development. Traditional design option.,R16
260,IP,2023,NV,ZMAP-2012-0005,12,2013/10/02 04:00:00+00,IP 2023,2023_0027,1902/01/01 05:00:00+00,1902/01/01 05:00:00+00,2023/12/13 22:48:33+00,906.4665218,39214.13371,260,Industrial Park,"District for office, light production, flex space, and warehousing uses.  Support limited first floor retail or other accessory uses that serve predominate uses.",IP
261,PDH4,2023,NV,ZMAP-2014-0003,10,2015/12/16 05:00:00+00,PDH4  2023,2015_0041,1902/01/01 05:00:00+00,1902/01/01 05:00:00+00,2023/12/13 22:48:33+00,7601.821962,2125230.208,261,Planned Development Housing-4,Mixed use residential communities including single family and multifamily housing products with supportive non-residential uses. Maximum overall residential density of 4 units per acre.,PDH4
262,R1,2023,NV, , ,1900/01/01 05:00:00+00,R1  2023,2012_0003,1902/01/01 05:00:00+00,1902/01/01 05:00:00+00,2023/12/13 22:48:33+00,365.0138565,407.662408,262,Single Family Residential-1,"Low-density single family detached development with a maximum density of 1 unit per 40,000 square feet; 1.2 unit per 40,000 square feet with ADU. Served by public water and sewer. Cluster and compact cluster options.",R1
263,R1,2023,NV, , ,1900/01/01 05:00:00+00,R1  2023,2012_0003,1902/01/01 05:00:00+00,1902/01/01 05:00:00+00,2023/12/13 22:48:33+00,598.6757908,20.17896052,263,Single Family Residential-1,"Low-density single family detached development with a maximum density of 1 unit per 40,000 square feet; 1.2 unit per 40,000 square feet with ADU. Served by public water and sewer. Cluster and compact cluster options.",R1
264,R2,2023,AI,ZMAP-2011-0005,7,2012/05/18 04:00:00+00,R2  2023,2015_0040,1902/01/01 05:00:00+00,1902/01/01 05:00:00+00,2023/12/13 22:48:33+00,7972.922257,4228609.074,264,Single Family Residential-2,"Low to moderate density single family detached development with a maximum density of 1 unit per 20,000 square feet, 1.2 units per 20,000 square feet with ADU. Served by public water and sewer. Cluster, suburban, compact cluster, and traditional design options.",R2
265,R8,2023,NV,ZMAP-2013-0007,6,2014/09/17 04:00:00+00,R8  2023,2015_0040,1902/01/01 05:00:00+00,1902/01/01 05:00:00+00,2023/12/13 22:48:33+00,4445.257513,745313.9183,265,Single Family Residential-8,"Moderate to medium density single family detached, duplex, townhouse, and single family attached development with a maximum density of 8 units per acre, 9.6 units per acre with ADU. Served by public water and sewer. Traditional and suburban design options.",R8
266,IP,2023,NV,ZRTD-2013-0007,5,2015/10/07 04:00:00+00,IP 2023,2023_0027,1902/01/01 05:00:00+00,1902/01/01 05:00:00+00,2023/12/13 22:48:33+00,1429.05855,108375.5874,266,Industrial Park,"District for office, light production, flex space, and warehousing uses.  Support limited first floor retail or other accessory uses that serve predominate uses.",IP
267,R8,2023,NV,ZMAP-2014-0006,4,2015/11/04 05:00:00+00,R8  2023,2022_0016,1902/01/01 05:00:00+00,1902/01/01 05:00:00+00,2023/12/13 22:48:33+00,7731.485919,2178481.31,267,Single Family Residential-8,"Moderate to medium density single family detached, duplex, townhouse, and single family attached development with a maximum density of 8 units per acre, 9.6 units per acre with ADU. Served by public water and sewer. Traditional and suburban design options.",R8
268,CCCC,2023,NV,ZMAP-2014-0008,3,2015/11/04 05:00:00+00,CCCC 2023,2023_0027,1902/01/01 05:00:00+00,1902/01/01 05:00:00+00,2023/12/13 22:48:33+00,2928.483915,401760.8221,268,Commercial Center - Community Center,"Serves retail shopping needs of surrounding community with 10 minutes drive. Minimum of 4 acres, maximum of 22 acres.",CCCC
269,TR1LF,2023,NV, , ,1900/01/01 05:00:00+00,TR1LF 2023,2023_0020,1902/01/01 05:00:00+00,1902/01/01 05:00:00+00,2023/12/13 22:48:33+00,4999.795115,453192.6398,269,Transitional Residential - 1 (Lower Foley),"Sub-district of TR1. Residential with cluster (50% open space); 1.0 dwelling unit per 40,000 square feet, 1.2 dwelling units per 40,000 square feet with ADU",TR1LF
270,IP,2023,NV,ZRTD-2015-0002,1,2015/07/08 04:00:00+00,IP 2023,2023_0027,1902/01/01 05:00:00+00,1902/01/01 05:00:00+00,2023/12/13 22:48:33+00,2478.395852,206467.2134,270,Industrial Park,"District for office, light production, flex space, and warehousing uses.  Support limited first floor retail or other accessory uses that serve predominate uses.",IP
271,TR10,2023,NV,ZMAP-2012-0008,,2015/07/15 04:00:00+00,TR10  2023,2015_0034,1902/01/01 05:00:00+00,1902/01/01 05:00:00+00,2023/12/13 22:48:33+00,9895.768821,4059893.773,271,Transitional Residential - 10,"Residential with cluster (70% open space); 1.0 dwelling unit per 10 acres, 1.2 dwelling units per 10 acres with ADU",TR10
272,IP,2023,NV,ZRTD-2015-0003,,2015/09/09 04:00:00+00,IP 2023,2023_0027,1902/01/01 05:00:00+00,1902/01/01 05:00:00+00,2023/12/13 22:48:33+00,6982.187952,2048540.222,272,Industrial Park,"District for office, light production, flex space, and warehousing uses.  Support limited first floor retail or other accessory uses that serve predominate uses.",IP
273,PDIP,1972,NV, , ,1900/01/01 05:00:00+00,PDIP  1972, ,1902/01/01 05:00:00+00,1902/01/01 05:00:00+00,1900/01/01 05:00:00+00,45.01862931,3.374801863,273,Planned Development-Industrial Park,Light and medium industrial uses with supporting accessory uses and facilities designed with a parklike environment. May be subject to a concept development plan.  It is only under the 1972 Ordinance.,PDIP
274,PDIP,1972,NV, , ,1900/01/01 05:00:00+00,PDIP  1972, ,1902/01/01 05:00:00+00,1902/01/01 05:00:00+00,1900/01/01 05:00:00+00,1527.808831,19580.82884,274,Planned Development-Industrial Park,Light and medium industrial uses with supporting accessory uses and facilities designed with a parklike environment. May be subject to a concept development plan.  It is only under the 1972 Ordinance.,PDIP
275,PDIP,1972,NV, , ,1900/01/01 05:00:00+00,PDIP  1972, ,1902/01/01 05:00:00+00,1902/01/01 05:00:00+00,1900/01/01 05:00:00+00,72.89344514,1.823838959,275,Planned Development-Industrial Park,Light and medium industrial uses with supporting accessory uses and facilities designed with a parklike environment. May be subject to a concept development plan.  It is only under the 1972 Ordinance.,PDIP
276,R16,2023,NV,ZMAP-2014-0005, ,2015/07/15 04:00:00+00,R16  2023,2017_0048,1902/01/01 05:00:00+00,1902/01/01 05:00:00+00,2023/12/13 22:48:33+00,1788.313521,201726.2309,276,Townhouse/Multifamily Residential-16,Single family attached/detached and multifamily residences at a maximum density of 16 units per acre; 19.2 units per acre with ADU. Served by public water and sewer. In areas designated for infill development. Traditional design option.,R16
277,R4,2023,NV, , ,1900/01/01 05:00:00+00,R4  2023,2012_0003,1902/01/01 05:00:00+00,1902/01/01 05:00:00+00,2023/12/13 22:48:33+00,80.98861047,16.84989782,277,Single Family Residential-4,"Moderate density single family detached development with a maximum density of 1 unit per 10,000 square feet, 4.8 units per acre with ADU. Served by public water and sewer. Cluster, suburban, and traditional design and compact cluster options.",R4
278,R4,2023,NV, , ,1900/01/01 05:00:00+00,R4  2023,2012_0003,1902/01/01 05:00:00+00,1902/01/01 05:00:00+00,2023/12/13 22:48:33+00,59.88994509,9.030399479,278,Single Family Residential-4,"Moderate density single family detached development with a maximum density of 1 unit per 10,000 square feet, 4.8 units per acre with ADU. Served by public water and sewer. Cluster, suburban, and traditional design and compact cluster options.",R4
279,R4,2023,NV, , ,1900/01/01 05:00:00+00,R4  2023,2012_0003,1902/01/01 05:00:00+00,1902/01/01 05:00:00+00,2023/12/13 22:48:33+00,41.34999303,5.232960472,279,Single Family Residential-4,"Moderate density single family detached development with a maximum density of 1 unit per 10,000 square feet, 4.8 units per acre with ADU. Served by public water and sewer. Cluster, suburban, and traditional design and compact cluster options.",R4
280,R4,2023,NV, , ,1900/01/01 05:00:00+00,R4  2023,2012_0003,1902/01/01 05:00:00+00,1902/01/01 05:00:00+00,2023/12/13 22:48:33+00,23.53318194,0.241956395,280,Single Family Residential-4,"Moderate density single family detached development with a maximum density of 1 unit per 10,000 square feet, 4.8 units per acre with ADU. Served by public water and sewer. Cluster, suburban, and traditional design and compact cluster options.",R4
281,IP,2023,NV,ZMAP-1993-0006, ,1994/12/21 05:00:00+00,IP 2023,2023_0027,1902/01/01 05:00:00+00,1902/01/01 05:00:00+00,2023/12/13 22:48:33+00,1471.211892,129673.8752,281,Industrial Park,"District for office, light production, flex space, and warehousing uses.  Support limited first floor retail or other accessory uses that serve predominate uses.",IP
282,TC,2023,NV,ZMAP-2012-0006, ,2015/09/02 04:00:00+00,TC 2023,2023_0027,1902/01/01 05:00:00+00,1902/01/01 05:00:00+00,2023/12/13 22:48:33+00,11587.77748,4123530.406,282,Town Center,"A district established to provide for a compatible mixture of commercial, cultural, institutional, governmental, and residential uses in compact pedestrian oriented, traditional town centers, in areas consistent with the General Plan & serving as focal points for substantial residential areas.",TC
283,OP,2023,NV,ZMAP-2012-0006, ,2015/09/02 04:00:00+00,OP 2023,2023_0027,1902/01/01 05:00:00+00,1902/01/01 05:00:00+00,2023/12/13 22:48:33+00,11472.10077,3691385.514,283,Office Park,"District for administrative, business and professional offices research and development, and supporting commercial and instibutional uses and facilities; support limited first floor retail.",OP
284,R16,2023,NV,ZMAP-2012-0006, ,2015/09/02 04:00:00+00,R16  2023,2018_0035,1902/01/01 05:00:00+00,1902/01/01 05:00:00+00,2023/12/13 22:48:33+00,6260.270964,1324272.577,284,Townhouse/Multifamily Residential-16,Single family attached/detached and multifamily residences at a maximum density of 16 units per acre; 19.2 units per acre with ADU. Served by public water and sewer. In areas designated for infill development. Traditional design option.,R16
285,CCCC,2023,NV,ZMAP-2012-0006, ,2015/09/02 04:00:00+00,CCCC 2023,2023_0027,1902/01/01 05:00:00+00,1902/01/01 05:00:00+00,2023/12/13 22:48:33+00,4021.159842,949953.8547,285,Commercial Center - Community Center,"Serves retail shopping needs of surrounding community with 10 minutes drive. Minimum of 4 acres, maximum of 22 acres.",CCCC
286,R1,2023,NV, , ,1900/01/01 05:00:00+00,R1  2023,2012_0003,1902/01/01 05:00:00+00,1902/01/01 05:00:00+00,2023/12/13 22:48:33+00,1134.94064,74234.91525,286,Single Family Residential-1,"Low-density single family detached development with a maximum density of 1 unit per 40,000 square feet; 1.2 unit per 40,000 square feet with ADU. Served by public water and sewer. Cluster and compact cluster options.",R1
287,IP,2023,NV,ZMAP-2018-0011, ,2019/12/11 05:00:00+00,IP 2023,2023_0027,1902/01/01 05:00:00+00,1902/01/01 05:00:00+00,2023/12/13 22:48:33+00,7834.73539,3552838.578,287,Industrial Park,"District for office, light production, flex space, and warehousing uses.  Support limited first floor retail or other accessory uses that serve predominate uses.",IP
288,PDRDP,1972,NV,ZMAP-1988-0003, ,1989/07/10 04:00:00+00,PDRDP 1972, ,1902/01/01 05:00:00+00,1902/01/01 05:00:00+00,1900/01/01 05:00:00+00,3261.06352,14.39831768,288,Planned Development-Research and Development Park,"Planned mixed employment park a mininum of 20 acres in size & within the Rt 28 Tax District, subject to an adopted concept development plan, which allows the mixing of research and development firms, office complexes, certain types of manufacturing and interrelated land uses. This Zoning District is found under the 1972 Zoning Ordinance.",PDRDP
289,PDAAAR,2023,NV,ZMAP-2013-0002,NO VALUE,2015/07/15 04:00:00+00,PDAAAR2023,2018_0034,1902/01/01 05:00:00+00,1902/01/01 05:00:00+00,2023/12/13 22:48:33+00,4770.944558,712777.945,289,Planned Development-Active Adult/Age Restricted,"Planned adult residential communities 55 years or older. Max 30 dwelling units per acre, 36 dwelling units per acre with ADU, public sewer and water, and are served by one or more major arterial or collector roads. Consistent with locations designated for high-density urban residential development.",PDAAAR
290,CCCC,2023,NV,ZMAP-2013-0002,NO VALUE,2015/07/15 04:00:00+00,CCCC 2023,2023_0027,1902/01/01 05:00:00+00,1902/01/01 05:00:00+00,2023/12/13 22:48:33+00,3440.859312,628730.3163,290,Commercial Center - Community Center,"Serves retail shopping needs of surrounding community with 10 minutes drive. Minimum of 4 acres, maximum of 22 acres.",CCCC
291,PDAAAR,2023,NV,ZMAP-2005-0020,0,2007/10/16 04:00:00+00,PDAAAR2023,2012_0003,1902/01/01 05:00:00+00,1902/01/01 05:00:00+00,2023/12/13 22:48:33+00,421.7797487,569.9774705,291,Planned Development-Active Adult/Age Restricted,"Planned adult residential communities 55 years or older. Max 30 dwelling units per acre, 36 dwelling units per acre with ADU, public sewer and water, and are served by one or more major arterial or collector roads. Consistent with locations designated for high-density urban residential development.",PDAAAR
292,TC,2023,NV,ZMAP-2006-0015,,2007/12/04 05:00:00+00,TC 2023,2023_0027,1902/01/01 05:00:00+00,1902/01/01 05:00:00+00,2023/12/13 22:48:33+00,1347.696079,64359.20222,292,Town Center,"A district established to provide for a compatible mixture of commercial, cultural, institutional, governmental, and residential uses in compact pedestrian oriented, traditional town centers, in areas consistent with the General Plan & serving as focal points for substantial residential areas.",TC
293,TC,2023,NV,ZMAP-2012-0016,,2013/04/03 04:00:00+00,TC 2023,2023_0027,1902/01/01 05:00:00+00,1902/01/01 05:00:00+00,2023/12/13 22:48:33+00,4595.266699,785648.381,293,Town Center,"A district established to provide for a compatible mixture of commercial, cultural, institutional, governmental, and residential uses in compact pedestrian oriented, traditional town centers, in areas consistent with the General Plan & serving as focal points for substantial residential areas.",TC
294,TC,2023,NV,ZMAP-2012-0016,,2013/04/03 04:00:00+00,TC 2023,2023_0027,1902/01/01 05:00:00+00,1902/01/01 05:00:00+00,2023/12/13 22:48:33+00,244.1957115,103.942026,294,Town Center,"A district established to provide for a compatible mixture of commercial, cultural, institutional, governmental, and residential uses in compact pedestrian oriented, traditional town centers, in areas consistent with the General Plan & serving as focal points for substantial residential areas.",TC
295,TC,2023,NV,ZMAP-2012-0016,,2013/04/03 04:00:00+00,TC 2023,2023_0027,1902/01/01 05:00:00+00,1902/01/01 05:00:00+00,2023/12/13 22:48:33+00,35.81677201,12.64893006,295,Town Center,"A district established to provide for a compatible mixture of commercial, cultural, institutional, governmental, and residential uses in compact pedestrian oriented, traditional town centers, in areas consistent with the General Plan & serving as focal points for substantial residential areas.",TC
296,TC,2023,NV,ZMAP-2012-0016,,2013/04/03 04:00:00+00,TC 2023,2023_0027,1902/01/01 05:00:00+00,1902/01/01 05:00:00+00,2023/12/13 22:48:33+00,37.83488433,9.638199819,296,Town Center,"A district established to provide for a compatible mixture of commercial, cultural, institutional, governmental, and residential uses in compact pedestrian oriented, traditional town centers, in areas consistent with the General Plan & serving as focal points for substantial residential areas.",TC
297,TC,2023,NV,ZMAP-2012-0016,,2013/04/03 04:00:00+00,TC 2023,2023_0027,1902/01/01 05:00:00+00,1902/01/01 05:00:00+00,2023/12/13 22:48:33+00,47.99683102,0.82702463,297,Town Center,"A district established to provide for a compatible mixture of commercial, cultural, institutional, governmental, and residential uses in compact pedestrian oriented, traditional town centers, in areas consistent with the General Plan & serving as focal points for substantial residential areas.",TC
298,TC,2023,NV,ZMAP-2012-0016,,2013/04/03 04:00:00+00,TC 2023,2023_0027,1902/01/01 05:00:00+00,1902/01/01 05:00:00+00,2023/12/13 22:48:33+00,30.03937886,0.318778009,298,Town Center,"A district established to provide for a compatible mixture of commercial, cultural, institutional, governmental, and residential uses in compact pedestrian oriented, traditional town centers, in areas consistent with the General Plan & serving as focal points for substantial residential areas.",TC
299,IP,2023,NV,ZRTD-2015-0001, ,2015/05/13 04:00:00+00,IP 2023,2023_0027,1902/01/01 05:00:00+00,1902/01/01 05:00:00+00,2023/12/13 22:48:33+00,3197.027648,520987.8928,299,Industrial Park,"District for office, light production, flex space, and warehousing uses.  Support limited first floor retail or other accessory uses that serve predominate uses.",IP
300,PDH4,2023,NV,ZMAP-2012-0011,9,2015/02/18 05:00:00+00,PDH4  2023,2015_0040,1902/01/01 05:00:00+00,1902/01/01 05:00:00+00,2023/12/13 22:48:33+00,15374.9235,8646396.574,300,Planned Development Housing-4,Mixed use residential communities including single family and multifamily housing products with supportive non-residential uses. Maximum overall residential density of 4 units per acre.,PDH4
301,IP,2023,NV,ZMAP-2012-0011,NO VALUE,2015/02/18 05:00:00+00,IP 2023,2023_0027,1902/01/01 05:00:00+00,1902/01/01 05:00:00+00,2023/12/13 22:48:33+00,5354.931603,1725514.037,301,Industrial Park,"District for office, light production, flex space, and warehousing uses.  Support limited first floor retail or other accessory uses that serve predominate uses.",IP
302,GI,2023,NV,ZMAP-2012-0011,NO VALUE,2015/02/18 05:00:00+00,GI 2023,2023_0027,1902/01/01 05:00:00+00,1902/01/01 05:00:00+00,2023/12/13 22:48:33+00,3802.762443,667184.7004,302,General Industry,District for industrial uses that are incompatible with residential uses due to the prevelance of outdoor storage and emissions of noise and odor. ,GI
303,GI,2023,NV,NO VALUE,NO VALUE,1900/01/02 05:00:00+00,GI 2023,2023_0027,1902/01/01 05:00:00+00,1902/01/01 05:00:00+00,2023/12/13 22:48:33+00,297.9353474,49.20170539,303,General Industry,District for industrial uses that are incompatible with residential uses due to the prevelance of outdoor storage and emissions of noise and odor. ,GI
304,GI,2023,NV,ZMAP-1979-0285,9,1979/09/19 04:00:00+00,GI 2023,2023_0027,1902/01/01 05:00:00+00,1902/01/01 05:00:00+00,2023/12/13 22:48:33+00,6476.863998,1473247.101,304,General Industry,District for industrial uses that are incompatible with residential uses due to the prevelance of outdoor storage and emissions of noise and odor. ,GI
305,IP,2023,NV,ZRTD-2014-0005, ,2015/04/08 04:00:00+00,IP 2023,2023_0027,1902/01/01 05:00:00+00,1902/01/01 05:00:00+00,2023/12/13 22:48:33+00,2380.959338,321148.3776,305,Industrial Park,"District for office, light production, flex space, and warehousing uses.  Support limited first floor retail or other accessory uses that serve predominate uses.",IP
306,IP,2023,NV,ZMAP-2014-0004, ,2015/01/14 05:00:00+00,IP 2023,2023_0027,1902/01/01 05:00:00+00,1902/01/01 05:00:00+00,2023/12/13 22:48:33+00,953.6601122,43663.66367,306,Industrial Park,"District for office, light production, flex space, and warehousing uses.  Support limited first floor retail or other accessory uses that serve predominate uses.",IP
307,GI,2023,NV,ZRTD-2012-0008, ,2014/12/03 05:00:00+00,GI 2023,2023_0027,1902/01/01 05:00:00+00,1902/01/01 05:00:00+00,2023/12/13 22:48:33+00,1469.355446,123124.9316,307,General Industry,District for industrial uses that are incompatible with residential uses due to the prevelance of outdoor storage and emissions of noise and odor. ,GI
308,PDGI,1972,NV, , ,1900/01/01 05:00:00+00,PDGI  1972, ,1902/01/01 05:00:00+00,1902/01/01 05:00:00+00,1900/01/01 05:00:00+00,15.90209086,2.495828704,308,Planned Development-General Industrial,Medium intensity industrial uses with public nuisance potential.  It is only under the 1972 Ordinance.,PDGI
309,IP,2023,NV,ZRTD-2013-0003, ,2014/12/10 05:00:00+00,IP 2023,2023_0027,1902/01/01 05:00:00+00,1902/01/01 05:00:00+00,2023/12/13 22:48:33+00,3019.887534,455639.2153,309,Industrial Park,"District for office, light production, flex space, and warehousing uses.  Support limited first floor retail or other accessory uses that serve predominate uses.",IP
310,IP,2023,NV,ZRTD-2014-0003, ,2015/02/11 05:00:00+00,IP 2023,2023_0027,1902/01/01 05:00:00+00,1902/01/01 05:00:00+00,2023/12/13 22:48:33+00,2238.244954,294649.4817,310,Industrial Park,"District for office, light production, flex space, and warehousing uses.  Support limited first floor retail or other accessory uses that serve predominate uses.",IP
311,GI,2023,NV, , ,1900/01/01 05:00:00+00,GI 2023,2023_0027,1902/01/01 05:00:00+00,1902/01/01 05:00:00+00,2023/12/13 22:48:33+00,1078.815558,54248.79976,311,General Industry,District for industrial uses that are incompatible with residential uses due to the prevelance of outdoor storage and emissions of noise and odor. ,GI
312,OP,2023,NV,ZMAP-2009-0006,186,2010/09/13 04:00:00+00,OP 2023,2023_0027,1902/01/01 05:00:00+00,1902/01/01 05:00:00+00,2023/12/13 22:48:33+00,3581.433368,165192.7727,312,Office Park,"District for administrative, business and professional offices research and development, and supporting commercial and instibutional uses and facilities; support limited first floor retail.",OP
313,MRHI,2023,NV,ZMAP-2009-0003,194,2011/01/04 05:00:00+00,MRHI  2023,2020_0006,1902/01/01 05:00:00+00,1902/01/01 05:00:00+00,2023/12/13 22:48:33+00,17156.83156,11694942.9,313,Mineral Resource/Heavy Industry,Diabase resource extraction operations (quarries) co-located with compatible heavy industrial uses. Specific use limitations for stone quarry operations. Also recognized for future beneficial uses consistent with the General Plan.,MRHI
314,MRHI,2023,NV,ZMAP-2009-0004,,2011/01/04 05:00:00+00,MRHI  2023,2020_0006,1902/01/01 05:00:00+00,1902/01/01 05:00:00+00,2023/12/13 22:48:33+00,13382.07558,3842318.416,314,Mineral Resource/Heavy Industry,Diabase resource extraction operations (quarries) co-located with compatible heavy industrial uses. Specific use limitations for stone quarry operations. Also recognized for future beneficial uses consistent with the General Plan.,MRHI
315,TOWNS,2023,NV,NO VALUE,NO VALUE,1900/01/01 05:00:00+00,TOWNS 2023,2017_0011,1902/01/01 05:00:00+00,1902/01/01 05:00:00+00,2023/12/13 22:48:33+00,32643.6059,28951209.61,315,Incorporated Towns,Districts zoned by the incorporated town and administered by the town.,TOWNS
316,PDH6,2023,NV,ZMAP-2005-0008,NO VALUE,2007/01/16 05:00:00+00,PDH6  2023,2021_0019,1902/01/01 05:00:00+00,1902/01/01 05:00:00+00,2023/12/13 22:48:33+00,15977.76762,5971673.778,316,Planned Development Housing-6,Mixed use residential communities including single family and multifamily housing products with supportive non-residential uses. Maximum overall residential density of 6 units per acre.,PDH6
317,CLI,2023,NV,ZMAP-2013-0010,NO VALUE,2015/02/18 05:00:00+00,CLI  2023,2017_0054,1902/01/01 05:00:00+00,1902/01/01 05:00:00+00,2023/12/13 22:48:33+00,1077.036482,43725.1372,317,Commercial/Light Industry,"Mix of similar and compatible light industrial uses and office uses and related supportive commercial, retail and service  uses on minimum one acre lots. Only along Route 50 from Fairfax/Loudoun County line west to Route 659.",CLI
318,R16,2023,NV,ZMAP-2013-0010,NO VALUE,2015/02/18 05:00:00+00,R16  2023,2015_0018,1902/01/01 05:00:00+00,1902/01/01 05:00:00+00,2023/12/13 22:48:33+00,2835.111153,317944.1913,318,Townhouse/Multifamily Residential-16,Single family attached/detached and multifamily residences at a maximum density of 16 units per acre; 19.2 units per acre with ADU. Served by public water and sewer. In areas designated for infill development. Traditional design option.,R16
319,PDCCRC,2023,NV,ZMAP-2004-0016,NO VALUE,2007/06/19 04:00:00+00,PDCCRC2023,2021_0018,1902/01/01 05:00:00+00,1902/01/01 05:00:00+00,2024/05/16 04:00:00+00,8419.173162,3452881.053,319,Planned Development-Commercial Center (Regional Center),"Large scale commercial centers which provide a wide range of retail, office, and service uses, with one or more anchor stores, to the regional market. Minimum of 60 acres with controlled access to arterial roads.",PDCCRC
320,IP,2023,NV, , ,1900/01/01 05:00:00+00,IP 2023,2023_0027,1902/01/01 05:00:00+00,1902/01/01 05:00:00+00,2023/12/13 22:48:33+00,1493.927795,129908.6533,320,Industrial Park,"District for office, light production, flex space, and warehousing uses.  Support limited first floor retail or other accessory uses that serve predominate uses.",IP
321,CLI,2023,NV,ZMAP-2013-0007,,2007/12/04 05:00:00+00,CLI  2023,ZMAP2013007,1902/01/01 05:00:00+00,1902/01/01 05:00:00+00,2023/12/13 22:48:33+00,139.4269107,746.9375785,321,Commercial/Light Industry,"Mix of similar and compatible light industrial uses and office uses and related supportive commercial, retail and service  uses on minimum one acre lots. Only along Route 50 from Fairfax/Loudoun County line west to Route 659.",CLI
322,CCCC,2023,NV,ZMAP-2006-0024,134,2007/12/04 05:00:00+00,CCCC 2023,2023_0027,1902/01/01 05:00:00+00,1902/01/01 05:00:00+00,2023/12/13 22:48:33+00,96.59602677,0.397091848,322,Commercial Center - Community Center,"Serves retail shopping needs of surrounding community with 10 minutes drive. Minimum of 4 acres, maximum of 22 acres.",CCCC
323,IP,2023,NV,ZRTD-2014-0002, ,2014/12/10 05:00:00+00,IP 2023,2023_0027,1902/01/01 05:00:00+00,1902/01/01 05:00:00+00,2023/12/13 22:48:33+00,3750.370459,635963.1606,323,Industrial Park,"District for office, light production, flex space, and warehousing uses.  Support limited first floor retail or other accessory uses that serve predominate uses.",IP
324,PDIP,1972,NV,, ,1900/01/01 05:00:00+00,PDIP  1972,,1902/01/01 05:00:00+00,1902/01/01 05:00:00+00,1902/01/01 05:00:00+00,5300.875539,243278.7932,324,Planned Development-Industrial Park,Light and medium industrial uses with supporting accessory uses and facilities designed with a parklike environment. May be subject to a concept development plan.  It is only under the 1972 Ordinance.,PDIP
325,R16,2023,NV,ZMAP-2013-0009, ,2014/12/03 05:00:00+00,R16  2023,21030009,1902/01/01 05:00:00+00,1902/01/01 05:00:00+00,2023/12/13 22:48:33+00,1530.99664,144911.1098,325,Townhouse/Multifamily Residential-16,Single family attached/detached and multifamily residences at a maximum density of 16 units per acre; 19.2 units per acre with ADU. Served by public water and sewer. In areas designated for infill development. Traditional design option.,R16
326,OP,2023,NV,ZMAP-2012-0016, ,2013/04/03 04:00:00+00,OP 2023,2023_0027,1902/01/01 05:00:00+00,1902/01/01 05:00:00+00,2023/12/13 22:48:33+00,46.36935699,6.224382057,326,Office Park,"District for administrative, business and professional offices research and development, and supporting commercial and instibutional uses and facilities; support limited first floor retail.",OP
327,OP,2023,NV,ZMAP-2012-0016, ,2013/04/03 04:00:00+00,OP 2023,2023_0027,1902/01/01 05:00:00+00,1902/01/01 05:00:00+00,2023/12/13 22:48:33+00,34.57993798,2.550994637,327,Office Park,"District for administrative, business and professional offices research and development, and supporting commercial and instibutional uses and facilities; support limited first floor retail.",OP
328,OP,2023,NV,ZMAP-2012-0016, ,2013/04/03 04:00:00+00,OP 2023,2023_0027,1902/01/01 05:00:00+00,1902/01/01 05:00:00+00,2023/12/13 22:48:33+00,33.32508957,2.284945433,328,Office Park,"District for administrative, business and professional offices research and development, and supporting commercial and instibutional uses and facilities; support limited first floor retail.",OP
329,OP,2023,NV,ZMAP-2012-0016, ,2013/04/03 04:00:00+00,OP 2023,2023_0027,1902/01/01 05:00:00+00,1902/01/01 05:00:00+00,2023/12/13 22:48:33+00,31.78192492,1.982659765,329,Office Park,"District for administrative, business and professional offices research and development, and supporting commercial and instibutional uses and facilities; support limited first floor retail.",OP
330,OP,2023,NV,ZMAP-2012-0016, ,2013/04/03 04:00:00+00,OP 2023,2023_0027,1902/01/01 05:00:00+00,1902/01/01 05:00:00+00,2023/12/13 22:48:33+00,30.28559183,1.701820932,330,Office Park,"District for administrative, business and professional offices research and development, and supporting commercial and instibutional uses and facilities; support limited first floor retail.",OP
331,OP,2023,NV,ZMAP-2012-0016, ,2013/04/03 04:00:00+00,OP 2023,2023_0027,1902/01/01 05:00:00+00,1902/01/01 05:00:00+00,2023/12/13 22:48:33+00,28.69786579,1.450815726,331,Office Park,"District for administrative, business and professional offices research and development, and supporting commercial and instibutional uses and facilities; support limited first floor retail.",OP
332,OP,2023,NV,ZMAP-2012-0016, ,2013/04/03 04:00:00+00,OP 2023,2023_0027,1902/01/01 05:00:00+00,1902/01/01 05:00:00+00,2023/12/13 22:48:33+00,24.34485958,0.874761615,332,Office Park,"District for administrative, business and professional offices research and development, and supporting commercial and instibutional uses and facilities; support limited first floor retail.",OP
333,OP,2023,NV,ZMAP-2012-0016, ,2013/04/03 04:00:00+00,OP 2023,2023_0027,1902/01/01 05:00:00+00,1902/01/01 05:00:00+00,2023/12/13 22:48:33+00,21.65339897,0.616050429,333,Office Park,"District for administrative, business and professional offices research and development, and supporting commercial and instibutional uses and facilities; support limited first floor retail.",OP
334,R8,2023,NV,ZMAP-2012-0010,,2013/09/04 04:00:00+00,R8  2023,2014_0006,1902/01/01 05:00:00+00,1902/01/01 05:00:00+00,2023/12/13 22:48:33+00,3647.484851,628629.5682,334,Single Family Residential-8,"Moderate to medium density single family detached, duplex, townhouse, and single family attached development with a maximum density of 8 units per acre, 9.6 units per acre with ADU. Served by public water and sewer. Traditional and suburban design options.",R8
335,PDRDP,1972,NV,ZMAP-1993-0001, ,1993/08/04 04:00:00+00,PDRDP 1972,2023_0013,1902/01/01 05:00:00+00,1902/01/01 05:00:00+00,2023/04/19 04:00:00+00,33144.57343,12612043.96,335,Planned Development-Research and Development Park,"Planned mixed employment park a mininum of 20 acres in size & within the Rt 28 Tax District, subject to an adopted concept development plan, which allows the mixing of research and development firms, office complexes, certain types of manufacturing and interrelated land uses. This Zoning District is found under the 1972 Zoning Ordinance.",PDRDP
336,IP,2023,NV, , ,1900/01/01 05:00:00+00,IP 2023,2023_0027,1902/01/01 05:00:00+00,1902/01/01 05:00:00+00,2023/12/13 22:48:33+00,3534.308847,557013.5955,336,Industrial Park,"District for office, light production, flex space, and warehousing uses.  Support limited first floor retail or other accessory uses that serve predominate uses.",IP
337,IP,2023,NV,ZMAP-1986-0046, ,1988/07/18 04:00:00+00,IP 2023,2023_0027,1902/01/01 05:00:00+00,1902/01/01 05:00:00+00,2023/12/13 22:48:33+00,708.9358662,21370.49071,337,Industrial Park,"District for office, light production, flex space, and warehousing uses.  Support limited first floor retail or other accessory uses that serve predominate uses.",IP
338,R16,2023,NV,ZMAP-2013-0013, ,2014/07/09 04:00:00+00,R16  2023,2014_0006,1902/01/01 05:00:00+00,1902/01/01 05:00:00+00,2023/12/13 22:48:33+00,1591.532385,156301.3319,338,Townhouse/Multifamily Residential-16,Single family attached/detached and multifamily residences at a maximum density of 16 units per acre; 19.2 units per acre with ADU. Served by public water and sewer. In areas designated for infill development. Traditional design option.,R16
339,IP,2023,NV,ZMAP-1993-0005,Z2000-0048,1995/11/16 05:00:00+00,IP 2023,2023_0027,1902/01/01 05:00:00+00,1902/01/01 05:00:00+00,2023/12/13 22:48:33+00,3973.320798,308382.8307,339,Industrial Park,"District for office, light production, flex space, and warehousing uses.  Support limited first floor retail or other accessory uses that serve predominate uses.",IP
340,OP,2023,NV,ZMAP-2005-0008, ,2007/01/16 05:00:00+00,OP 2023,2023_0027,1902/01/01 05:00:00+00,1902/01/01 05:00:00+00,2023/12/13 22:48:33+00,26205.37236,2893102.568,340,Office Park,"District for administrative, business and professional offices research and development, and supporting commercial and instibutional uses and facilities; support limited first floor retail.",OP
341,CLI,2023,NV, , ,1900/01/01 05:00:00+00,CLI  2023,2017_0021,1902/01/01 05:00:00+00,1902/01/01 05:00:00+00,2024/02/16 05:00:00+00,2165.093747,117617.2678,341,Commercial/Light Industry,"Mix of similar and compatible light industrial uses and office uses and related supportive commercial, retail and service  uses on minimum one acre lots. Only along Route 50 from Fairfax/Loudoun County line west to Route 659.",CLI
342,OP,2023,NV,ZMAP-2022-0008, ,2023/12/13 05:00:00+00,OP 2023,2033_032,1902/01/01 05:00:00+00,1902/01/01 05:00:00+00,2023/12/14 22:48:32+00,2652.585221,433409.0729,342,Office Park,"District for administrative, business and professional offices research and development, and supporting commercial and instibutional uses and facilities; support limited first floor retail.",OP
343,R4,2023,NONE,ZMAP-2012-0012, ,2013/06/19 04:00:00+00,R4  2023,2013_0004,1902/01/01 05:00:00+00,1902/01/01 05:00:00+00,2023/12/13 22:48:33+00,5982.044734,2071242.016,343,Single Family Residential-4,"Moderate density single family detached development with a maximum density of 1 unit per 10,000 square feet, 4.8 units per acre with ADU. Served by public water and sewer. Cluster, suburban, and traditional design and compact cluster options.",R4
344,PDAAAR,2023,NONE,ZMAP-2012-0003, ,2013/07/17 04:00:00+00,PDAAAR2023,2013_0004,1902/01/01 05:00:00+00,1902/01/01 05:00:00+00,2023/12/13 22:48:33+00,3661.66975,731235.1651,344,Planned Development-Active Adult/Age Restricted,"Planned adult residential communities 55 years or older. Max 30 dwelling units per acre, 36 dwelling units per acre with ADU, public sewer and water, and are served by one or more major arterial or collector roads. Consistent with locations designated for high-density urban residential development.",PDAAAR
345,IP,2023,28,ZRTD-2013-0001, ,2013/06/19 04:00:00+00,IP 2023,2023_0027,1902/01/01 05:00:00+00,1902/01/01 05:00:00+00,2023/12/13 22:48:33+00,2108.723155,275607.1594,345,Industrial Park,"District for office, light production, flex space, and warehousing uses.  Support limited first floor retail or other accessory uses that serve predominate uses.",IP
346,IP,2023,NV,ZRTD-2012-0001, ,2012/06/12 04:00:00+00,IP 2023,2023_0027,1902/01/01 05:00:00+00,1902/01/01 05:00:00+00,2023/12/13 22:48:33+00,2636.538529,269624.5221,346,Industrial Park,"District for office, light production, flex space, and warehousing uses.  Support limited first floor retail or other accessory uses that serve predominate uses.",IP
347,GI,2023,28,ZRTD-2012-0004, ,2012/10/09 04:00:00+00,GI 2023,2023_0027,1902/01/01 05:00:00+00,1902/01/01 05:00:00+00,2023/12/13 22:48:33+00,1557.31123,138431.6865,347,General Industry,District for industrial uses that are incompatible with residential uses due to the prevelance of outdoor storage and emissions of noise and odor. ,GI
348,PDGI,1972,NV,ZMAP-1986-0022, ,1987/10/19 04:00:00+00,PDGI  1972, ,1902/01/01 05:00:00+00,1902/01/01 05:00:00+00,1900/01/01 05:00:00+00,270.670255,102.2816063,348,Planned Development-General Industrial,Medium intensity industrial uses with public nuisance potential.  It is only under the 1972 Ordinance.,PDGI
349,PDGI,1972,NV,ZMAP-1986-0022, ,1987/10/19 04:00:00+00,PDGI  1972, ,1902/01/01 05:00:00+00,1902/01/01 05:00:00+00,1900/01/01 05:00:00+00,152.9735377,9.01827894,349,Planned Development-General Industrial,Medium intensity industrial uses with public nuisance potential.  It is only under the 1972 Ordinance.,PDGI
350,OP,2023,NV,ZMAP-2002-0014, ,2003/01/06 05:00:00+00,OP 2023,2023_0027,1902/01/01 05:00:00+00,1902/01/01 05:00:00+00,2023/12/13 22:48:33+00,2011.811188,235229.3394,350,Office Park,"District for administrative, business and professional offices research and development, and supporting commercial and instibutional uses and facilities; support limited first floor retail.",OP
351,R1,2023,NV,ZMAP-2005-0036,32,2005/11/09 05:00:00+00,R1  2023,2020_0025,1902/01/01 05:00:00+00,1902/01/01 05:00:00+00,2023/12/13 22:48:33+00,2882.611741,319108.4731,351,Single Family Residential-1,"Low-density single family detached development with a maximum density of 1 unit per 40,000 square feet; 1.2 unit per 40,000 square feet with ADU. Served by public water and sewer. Cluster and compact cluster options.",R1
352,IP,2023,28,ZRTD-2011-0011, ,2012/03/13 04:00:00+00,IP 2023,2023_0027,1902/01/01 05:00:00+00,1902/01/01 05:00:00+00,2023/12/13 22:48:33+00,2079.746586,246920.4964,352,Industrial Park,"District for office, light production, flex space, and warehousing uses.  Support limited first floor retail or other accessory uses that serve predominate uses.",IP
353,IP,2023,28,ZRTD-2012-0002,0,2012/06/05 04:00:00+00,IP 2023,2023_0027,1902/01/01 05:00:00+00,1902/01/01 05:00:00+00,2023/12/13 22:48:33+00,1618.489501,167657.6311,353,Industrial Park,"District for office, light production, flex space, and warehousing uses.  Support limited first floor retail or other accessory uses that serve predominate uses.",IP
354,PDH4,2023,NV,ZMAP-2012-0020,,2014/07/16 04:00:00+00,PDH4  2023,2020_0028,1902/01/01 05:00:00+00,1902/01/01 05:00:00+00,2023/12/13 22:48:33+00,5087.647355,1478591.012,354,Planned Development Housing-4,Mixed use residential communities including single family and multifamily housing products with supportive non-residential uses. Maximum overall residential density of 4 units per acre.,PDH4
355,IP,2023,28,ZRTD-2010-0002,185,2011/03/07 05:00:00+00,IP 2023,2023_0027,1902/01/01 05:00:00+00,1902/01/01 05:00:00+00,2023/12/13 22:48:33+00,3441.771456,632281.8605,355,Industrial Park,"District for office, light production, flex space, and warehousing uses.  Support limited first floor retail or other accessory uses that serve predominate uses.",IP
356,IP,2023,28,NO VALUE,NO VALUE,1900/01/02 05:00:00+00,IP 2023,2023_0027,1902/01/01 05:00:00+00,1902/01/01 05:00:00+00,2023/12/13 22:48:33+00,1808.782205,206557.0534,356,Industrial Park,"District for office, light production, flex space, and warehousing uses.  Support limited first floor retail or other accessory uses that serve predominate uses.",IP
357,IP,2023,28,ZRTD-2017-0002,NO VALUE,2017/07/20 04:00:00+00,IP 2023,2023_0027,1902/01/01 05:00:00+00,1902/01/01 05:00:00+00,2023/12/13 22:48:33+00,1850.346332,209500.4863,357,Industrial Park,"District for office, light production, flex space, and warehousing uses.  Support limited first floor retail or other accessory uses that serve predominate uses.",IP
358,IP,2023,28,NO VALUE,NO VALUE,1900/01/02 05:00:00+00,IP 2023,2023_0027,1902/01/01 05:00:00+00,1902/01/01 05:00:00+00,2023/12/13 22:48:33+00,974.0233809,44897.935,358,Industrial Park,"District for office, light production, flex space, and warehousing uses.  Support limited first floor retail or other accessory uses that serve predominate uses.",IP
359,IP,2023,28,NO VALUE,NO VALUE,1900/01/02 05:00:00+00,IP 2023,2023_0027,1902/01/01 05:00:00+00,1902/01/01 05:00:00+00,2023/12/13 22:48:33+00,6357.204691,164667.973,359,Industrial Park,"District for office, light production, flex space, and warehousing uses.  Support limited first floor retail or other accessory uses that serve predominate uses.",IP
360,IP,2023,NV,ZMAP-1985-0014, ,1985/10/21 04:00:00+00,IP 2023,2023_0027,1902/01/01 05:00:00+00,1902/01/01 05:00:00+00,2023/12/13 22:48:33+00,3575.082692,122019.1295,360,Industrial Park,"District for office, light production, flex space, and warehousing uses.  Support limited first floor retail or other accessory uses that serve predominate uses.",IP
361,GI,2023,28,ZRTD-2013-0002, ,2013/09/11 04:00:00+00,GI 2023,2023_0027,1902/01/01 05:00:00+00,1902/01/01 05:00:00+00,2023/12/13 22:48:33+00,1329.210249,105731.4481,361,General Industry,District for industrial uses that are incompatible with residential uses due to the prevelance of outdoor storage and emissions of noise and odor. ,GI
362,OP,2023,28,ZRTD-2011-0014,,2013/05/08 04:00:00+00,OP 2023,2023_0027,1902/01/01 05:00:00+00,1902/01/01 05:00:00+00,2023/12/13 22:48:33+00,1083.358783,25510.3692,362,Office Park,"District for administrative, business and professional offices research and development, and supporting commercial and instibutional uses and facilities; support limited first floor retail.",OP
363,PDOP,1972,28,ZMAP-1990-0014,Z2000-0040,1991/12/17 05:00:00+00,PDOP  1972, ,1902/01/01 05:00:00+00,1902/01/01 05:00:00+00,1900/01/01 05:00:00+00,38543.54969,3336606.959,363,Planned Development-Office Park,"Office park established primarily for administrative, business, and professional offices designed in a parklike environment and subject to an adopted concept development plan.  This is for 1972 Ordinance only.",PDOP
364,PDH6,2023,NONE,ZMAP-2011-0004, ,2013/01/16 05:00:00+00,PDH6  2023,2013_0004,1902/01/01 05:00:00+00,1902/01/01 05:00:00+00,2023/12/13 22:48:33+00,3845.707889,652465.9667,364,Planned Development Housing-6,Mixed use residential communities including single family and multifamily housing products with supportive non-residential uses. Maximum overall residential density of 6 units per acre.,PDH6
365,PDIP,1972,28,,217,1900/01/02 05:00:00+00,PDIP  1972,2013_0003,1902/01/01 05:00:00+00,1902/01/01 05:00:00+00,2013/03/22 04:00:00+00,2139.092915,257971.6577,365,Planned Development-Industrial Park,Light and medium industrial uses with supporting accessory uses and facilities designed with a parklike environment. May be subject to a concept development plan.  It is only under the 1972 Ordinance.,PDIP
366,PDGI,1972,NV,ZMAP-1986-0022, ,1987/10/19 04:00:00+00,PDGI  1972,2022_0033,1902/01/01 05:00:00+00,1902/01/01 05:00:00+00,2022/11/02 04:00:00+00,12312.26535,3340250.005,366,Planned Development-General Industrial,Medium intensity industrial uses with public nuisance potential.  It is only under the 1972 Ordinance.,PDGI
367,PDIP,1972,NV, , ,1900/01/01 05:00:00+00,PDIP  1972,2022_0012,1902/01/01 05:00:00+00,1902/01/01 05:00:00+00,2022/04/11 04:00:00+00,18028.73435,1379568.52,367,Planned Development-Industrial Park,Light and medium industrial uses with supporting accessory uses and facilities designed with a parklike environment. May be subject to a concept development plan.  It is only under the 1972 Ordinance.,PDIP
368,PDH4,2023,,ZMAP-1986-0051, ,1987/03/16 04:00:00+00,PDH4  2023,2012_0003,1902/01/01 05:00:00+00,1902/01/01 05:00:00+00,2023/12/13 22:48:33+00,46453.31116,51416993.79,368,Planned Development Housing-4,Mixed use residential communities including single family and multifamily housing products with supportive non-residential uses. Maximum overall residential density of 4 units per acre.,PDH4
369,PDH3,2023,,ZMAP-1986-0550, ,1989/10/17 04:00:00+00,PDH3  2023,2012_0003,1902/01/01 05:00:00+00,1902/01/01 05:00:00+00,2023/12/13 22:48:33+00,35288.58952,37460346.99,369,Planned Development Housing-3,Mixed use residential communities including single family and multifamily housing products with supportive non-residential uses. Maximum overall residential density of 3 units per acre.,PDH3
370,PDH4,2023,,ZMAP-1985-0015, ,1986/11/03 05:00:00+00,PDH4  2023,2018-0005,1902/01/01 05:00:00+00,1902/01/01 05:00:00+00,2023/12/13 22:48:33+00,48291.61471,57429388.32,370,Planned Development Housing-4,Mixed use residential communities including single family and multifamily housing products with supportive non-residential uses. Maximum overall residential density of 4 units per acre.,PDH4
371,OP,2023,,ZMAP-1994-0001, ,1995/08/02 04:00:00+00,OP 2023,2023_0027,1902/01/01 05:00:00+00,1902/01/01 05:00:00+00,2023/12/13 22:48:33+00,41110.46731,13357289.53,371,Office Park,"District for administrative, business and professional offices research and development, and supporting commercial and instibutional uses and facilities; support limited first floor retail.",OP
372,PDH3,2023,,ZMAP-1994-0001,Z2001-0001,1995/08/02 04:00:00+00,PDH3  2023,2018_0010,1902/01/01 05:00:00+00,1902/01/01 05:00:00+00,2023/12/13 22:48:33+00,55374.08788,51792741.86,372,Planned Development Housing-3,Mixed use residential communities including single family and multifamily housing products with supportive non-residential uses. Maximum overall residential density of 3 units per acre.,PDH3
373,R2,2023,, , ,1900/01/01 05:00:00+00,R2  2023,2012_0003,1902/01/01 05:00:00+00,1902/01/01 05:00:00+00,2023/12/13 22:48:33+00,5552.593104,564232.9988,373,Single Family Residential-2,"Low to moderate density single family detached development with a maximum density of 1 unit per 20,000 square feet, 1.2 units per 20,000 square feet with ADU. Served by public water and sewer. Cluster, suburban, compact cluster, and traditional design options.",R2
374,CCCC,2023,NV,ZRTD-2013-0008, ,2014/05/14 04:00:00+00,CCCC 2023,2023_0027,1902/01/01 05:00:00+00,1902/01/01 05:00:00+00,2023/12/13 22:48:33+00,1336.751776,110905.8495,374,Commercial Center - Community Center,"Serves retail shopping needs of surrounding community with 10 minutes drive. Minimum of 4 acres, maximum of 22 acres.",CCCC
375,PDH4,2023,,ZMAP-1995-0014,Z2000-0059,1997/07/02 04:00:00+00,PDH4  2023,2012_0003,1902/01/01 05:00:00+00,1902/01/01 05:00:00+00,2023/12/13 22:48:33+00,23538.19104,17856875.11,375,Planned Development Housing-4,Mixed use residential communities including single family and multifamily housing products with supportive non-residential uses. Maximum overall residential density of 4 units per acre.,PDH4
376,IP,2023,NONE,ZMAP-2008-0017,192,2011/07/19 04:00:00+00,IP 2023,2023_0027,1902/01/01 05:00:00+00,1902/01/01 05:00:00+00,2023/12/13 22:48:33+00,7006.96876,2658041.393,376,Industrial Park,"District for office, light production, flex space, and warehousing uses.  Support limited first floor retail or other accessory uses that serve predominate uses.",IP
377,IP,2023,NONE,ZMAP-2008-0017,192,2011/07/19 04:00:00+00,IP 2023,2023_0027,1902/01/01 05:00:00+00,1902/01/01 05:00:00+00,2023/12/13 22:48:33+00,14016.67238,5750516.703,377,Industrial Park,"District for office, light production, flex space, and warehousing uses.  Support limited first floor retail or other accessory uses that serve predominate uses.",IP
378,TR10,2023,, , ,1900/01/01 05:00:00+00,TR10  2023,2012_0003,1902/01/01 05:00:00+00,1902/01/01 05:00:00+00,2023/12/13 22:48:33+00,658.4859461,1385.64301,378,Transitional Residential - 10,"Residential with cluster (70% open space); 1.0 dwelling unit per 10 acres, 1.2 dwelling units per 10 acres with ADU",TR10
379,PDRV,2023,,ZMAP-1995-0004,Z2000-0057,1996/02/21 05:00:00+00,PDRV  2023,2012_0003,1902/01/01 05:00:00+00,1902/01/01 05:00:00+00,2023/12/13 22:48:33+00,53450.19501,57049493.1,379,Planned Development-Rural Village,"A rural, pedestrian oriented, mixed use community surrounded by the remaining farmland in an open space conservation easement.   Each village will be serviced by its own public water and sewer factility.",PDRV
380,GI,2023,, , ,1900/01/01 05:00:00+00,GI 2023,2023_0027,1902/01/01 05:00:00+00,1902/01/01 05:00:00+00,2023/12/13 22:48:33+00,2337.522023,350160.6551,380,General Industry,District for industrial uses that are incompatible with residential uses due to the prevelance of outdoor storage and emissions of noise and odor. ,GI
381,GI,2023,, , ,1900/01/01 05:00:00+00,GI 2023,2023_0027,1902/01/01 05:00:00+00,1902/01/01 05:00:00+00,2023/12/13 22:48:33+00,1587.786038,698.6674642,381,General Industry,District for industrial uses that are incompatible with residential uses due to the prevelance of outdoor storage and emissions of noise and odor. ,GI
382,GI,2023,, , ,1900/01/01 05:00:00+00,GI 2023,2023_0027,1902/01/01 05:00:00+00,1902/01/01 05:00:00+00,2023/12/13 22:48:33+00,1926.962382,198684.6842,382,General Industry,District for industrial uses that are incompatible with residential uses due to the prevelance of outdoor storage and emissions of noise and odor. ,GI
383,GI,2023,, , ,1900/01/01 05:00:00+00,GI 2023,2023_0027,1902/01/01 05:00:00+00,1902/01/01 05:00:00+00,2023/12/13 22:48:33+00,20145.29607,12023449.65,383,General Industry,District for industrial uses that are incompatible with residential uses due to the prevelance of outdoor storage and emissions of noise and odor. ,GI
384,GI,2023,,ZMAP-1999-0004,Z2001-0015,2001/06/04 04:00:00+00,GI 2023,2023_0027,1902/01/01 05:00:00+00,1902/01/01 05:00:00+00,2023/12/13 22:48:33+00,1658.964393,140074.9069,384,General Industry,District for industrial uses that are incompatible with residential uses due to the prevelance of outdoor storage and emissions of noise and odor. ,GI
385,R1,2023,, , ,1900/01/01 05:00:00+00,R1  2023,2012_0003,1902/01/01 05:00:00+00,1902/01/01 05:00:00+00,2023/12/13 22:48:33+00,8.526910956,1.475552701,385,Single Family Residential-1,"Low-density single family detached development with a maximum density of 1 unit per 40,000 square feet; 1.2 unit per 40,000 square feet with ADU. Served by public water and sewer. Cluster and compact cluster options.",R1
386,R1,2023,, , ,1900/01/01 05:00:00+00,R1  2023,2012_0003,1902/01/01 05:00:00+00,1902/01/01 05:00:00+00,2023/12/13 22:48:33+00,61.9672979,1.636958849,386,Single Family Residential-1,"Low-density single family detached development with a maximum density of 1 unit per 40,000 square feet; 1.2 unit per 40,000 square feet with ADU. Served by public water and sewer. Cluster and compact cluster options.",R1
387,PDIP,1972,NV, ,2015_0040,1900/01/01 05:00:00+00,PDIP  1972,2021_0029,1902/01/01 05:00:00+00,1902/01/01 05:00:00+00,2021/11/17 05:00:00+00,22918.88976,3374725.252,387,Planned Development-Industrial Park,Light and medium industrial uses with supporting accessory uses and facilities designed with a parklike environment. May be subject to a concept development plan.  It is only under the 1972 Ordinance.,PDIP
388,R1,2023,, , ,1900/01/01 05:00:00+00,R1  2023,2012_0003,1902/01/01 05:00:00+00,1902/01/01 05:00:00+00,2023/12/13 22:48:33+00,11.34263974,1.286643511,388,Single Family Residential-1,"Low-density single family detached development with a maximum density of 1 unit per 40,000 square feet; 1.2 unit per 40,000 square feet with ADU. Served by public water and sewer. Cluster and compact cluster options.",R1
389,R1,2023,, , ,1900/01/01 05:00:00+00,R1  2023,2012_0003,1902/01/01 05:00:00+00,1902/01/01 05:00:00+00,2023/12/13 22:48:33+00,13051.85812,5193425.741,389,Single Family Residential-1,"Low-density single family detached development with a maximum density of 1 unit per 40,000 square feet; 1.2 unit per 40,000 square feet with ADU. Served by public water and sewer. Cluster and compact cluster options.",R1
390,PDRDP,2023,NV,ZMAP-1985-0009, ,1989/02/06 05:00:00+00,PDRDP 2023,2012_0003,1902/01/01 05:00:00+00,1902/01/01 05:00:00+00,2023/12/13 22:48:33+00,3.861944809,0.555946763,390,Planned Development-Research and Development Park,"Planned mixed employment park a minimum of 20 acres in size & within the Rt 28 Tax District, subject to an adopted concept development plan, which allows the mixing of research and development firms, office complexes, certain types of manufacturing and interrelated land uses.",PDRDP
391,PDRDP,2023,NV,ZMAP-1985-0009, ,1989/02/06 05:00:00+00,PDRDP 2023,2012_0003,1902/01/01 05:00:00+00,1902/01/01 05:00:00+00,2023/12/13 22:48:33+00,582.8286577,88.86420219,391,Planned Development-Research and Development Park,"Planned mixed employment park a minimum of 20 acres in size & within the Rt 28 Tax District, subject to an adopted concept development plan, which allows the mixing of research and development firms, office complexes, certain types of manufacturing and interrelated land uses.",PDRDP
392,PDRDP,1972,NV,ZMAP-1985-0009, ,1989/02/06 05:00:00+00,PDRDP 1972, ,1902/01/01 05:00:00+00,1902/01/01 05:00:00+00,1900/01/01 05:00:00+00,2363.138999,198735.8793,392,Planned Development-Research and Development Park,"Planned mixed employment park a mininum of 20 acres in size & within the Rt 28 Tax District, subject to an adopted concept development plan, which allows the mixing of research and development firms, office complexes, certain types of manufacturing and interrelated land uses. This Zoning District is found under the 1972 Zoning Ordinance.",PDRDP
393,PDIP,1972,28, , ,1900/01/01 05:00:00+00,PDIP  1972, ,1902/01/01 05:00:00+00,1902/01/01 05:00:00+00,1900/01/01 05:00:00+00,458.7373044,163.6895239,393,Planned Development-Industrial Park,Light and medium industrial uses with supporting accessory uses and facilities designed with a parklike environment. May be subject to a concept development plan.  It is only under the 1972 Ordinance.,PDIP
394,PDRDP,2023,NV,ZMAP-1985-0009, ,1989/02/06 05:00:00+00,PDRDP 2023,2012_0003,1902/01/01 05:00:00+00,1902/01/01 05:00:00+00,2023/12/13 22:48:33+00,19.44526711,0.21294398,394,Planned Development-Research and Development Park,"Planned mixed employment park a minimum of 20 acres in size & within the Rt 28 Tax District, subject to an adopted concept development plan, which allows the mixing of research and development firms, office complexes, certain types of manufacturing and interrelated land uses.",PDRDP
395,PDRDP,2023,NV,ZMAP-1985-0009, ,1989/02/06 05:00:00+00,PDRDP 2023,2012_0003,1902/01/01 05:00:00+00,1902/01/01 05:00:00+00,2023/12/13 22:48:33+00,61.2225364,1.50318544,395,Planned Development-Research and Development Park,"Planned mixed employment park a minimum of 20 acres in size & within the Rt 28 Tax District, subject to an adopted concept development plan, which allows the mixing of research and development firms, office complexes, certain types of manufacturing and interrelated land uses.",PDRDP
396,IP,2023,28, , ,1900/01/01 05:00:00+00,IP 2023,2023_0027,1902/01/01 05:00:00+00,1902/01/01 05:00:00+00,2023/12/13 22:48:33+00,1879.940903,204217.2541,396,Industrial Park,"District for office, light production, flex space, and warehousing uses.  Support limited first floor retail or other accessory uses that serve predominate uses.",IP
397,OP,2023,NONE,ZMAP-2011-0006,216,2012/06/12 04:00:00+00,OP 2023,2023_0027,1902/01/01 05:00:00+00,1902/01/01 05:00:00+00,2023/12/13 22:48:33+00,5127.673185,1690558.49,397,Office Park,"District for administrative, business and professional offices research and development, and supporting commercial and instibutional uses and facilities; support limited first floor retail.",OP
398,PDIP,1972,28, , ,1900/01/01 05:00:00+00,PDIP  1972, ,1902/01/01 05:00:00+00,1902/01/01 05:00:00+00,1900/01/01 05:00:00+00,4230.593667,316262.9148,398,Planned Development-Industrial Park,Light and medium industrial uses with supporting accessory uses and facilities designed with a parklike environment. May be subject to a concept development plan.  It is only under the 1972 Ordinance.,PDIP
399,CCCC,2023,28,ZMAP-2002-0017,197,2011/07/19 04:00:00+00,CCCC 2023,2023_0027,1902/01/01 05:00:00+00,1902/01/01 05:00:00+00,2023/12/13 22:48:33+00,6.40729339,0.979482547,399,Commercial Center - Community Center,"Serves retail shopping needs of surrounding community with 10 minutes drive. Minimum of 4 acres, maximum of 22 acres.",CCCC
400,CCCC,2023,28,ZMAP-2002-0017,197,2011/07/19 04:00:00+00,CCCC 2023,2023_0027,1902/01/01 05:00:00+00,1902/01/01 05:00:00+00,2023/12/13 22:48:33+00,3707.0044,636297.8327,400,Commercial Center - Community Center,"Serves retail shopping needs of surrounding community with 10 minutes drive. Minimum of 4 acres, maximum of 22 acres.",CCCC
401,R4,2023,28, , ,1900/01/01 05:00:00+00,R4  2023,2021_0023,1902/01/01 05:00:00+00,1902/01/01 05:00:00+00,2023/12/13 22:48:33+00,1182.979292,69731.96852,401,Single Family Residential-4,"Moderate density single family detached development with a maximum density of 1 unit per 10,000 square feet, 4.8 units per acre with ADU. Served by public water and sewer. Cluster, suburban, and traditional design and compact cluster options.",R4
402,R4,2023,NV, , ,1900/01/01 05:00:00+00,R4  2023,2012_0003,1902/01/01 05:00:00+00,1902/01/01 05:00:00+00,2023/12/13 22:48:33+00,3351.180702,205686.265,402,Single Family Residential-4,"Moderate density single family detached development with a maximum density of 1 unit per 10,000 square feet, 4.8 units per acre with ADU. Served by public water and sewer. Cluster, suburban, and traditional design and compact cluster options.",R4
403,IP,2023,28, , ,1900/01/01 05:00:00+00,IP 2023,2023_0027,1902/01/01 05:00:00+00,1902/01/01 05:00:00+00,2023/12/13 22:48:33+00,5343.375715,347949.8879,403,Industrial Park,"District for office, light production, flex space, and warehousing uses.  Support limited first floor retail or other accessory uses that serve predominate uses.",IP
404,IP,2023,NV,ZMAP-1996-0004, ,1997/04/16 04:00:00+00,IP 2023,2023_0027,1902/01/01 05:00:00+00,1902/01/01 05:00:00+00,2023/12/13 22:48:33+00,471.4344549,12295.04188,404,Industrial Park,"District for office, light production, flex space, and warehousing uses.  Support limited first floor retail or other accessory uses that serve predominate uses.",IP
405,PDH4,2023,NV,ZMAP-1984-0007, ,1985/12/02 05:00:00+00,PDH4  2023,2012_0003,1902/01/01 05:00:00+00,1902/01/01 05:00:00+00,2023/12/13 22:48:33+00,1865.765072,23690.96813,405,Planned Development Housing-4,Mixed use residential communities including single family and multifamily housing products with supportive non-residential uses. Maximum overall residential density of 4 units per acre.,PDH4
406,CCCC,2023,NV,ZMAP-2007-0011,160,2009/07/21 04:00:00+00,CCCC 2023,2023_0027,1902/01/01 05:00:00+00,1902/01/01 05:00:00+00,2023/12/13 22:48:33+00,1190.391585,26841.16799,406,Commercial Center - Community Center,"Serves retail shopping needs of surrounding community with 10 minutes drive. Minimum of 4 acres, maximum of 22 acres.",CCCC
407,IP,2023,NV,ZMAP-2006-0025, ,2007/11/20 05:00:00+00,IP 2023,2023_0027,1902/01/01 05:00:00+00,1902/01/01 05:00:00+00,2023/12/13 22:48:33+00,548.1348082,2973.015413,407,Industrial Park,"District for office, light production, flex space, and warehousing uses.  Support limited first floor retail or other accessory uses that serve predominate uses.",IP
408,TC,2023,NV,ZMAP-2008-0018,193,2011/03/15 04:00:00+00,TC 2023,2023_0027,1902/01/01 05:00:00+00,1902/01/01 05:00:00+00,2023/12/13 22:48:33+00,823.2747631,136.5071023,408,Town Center,"A district established to provide for a compatible mixture of commercial, cultural, institutional, governmental, and residential uses in compact pedestrian oriented, traditional town centers, in areas consistent with the General Plan & serving as focal points for substantial residential areas.",TC
409,GI,2023,NV, , ,1900/01/01 05:00:00+00,GI 2023,2023_0027,1902/01/01 05:00:00+00,1902/01/01 05:00:00+00,2023/12/13 22:48:33+00,190.6617064,52.65861991,409,General Industry,District for industrial uses that are incompatible with residential uses due to the prevelance of outdoor storage and emissions of noise and odor. ,GI
410,PDH3,2023,NV, , ,1900/01/01 05:00:00+00,PDH3  2023,2012_0003,1902/01/01 05:00:00+00,1902/01/01 05:00:00+00,2023/12/13 22:48:33+00,12126.43985,311095.8015,410,Planned Development Housing-3,Mixed use residential communities including single family and multifamily housing products with supportive non-residential uses. Maximum overall residential density of 3 units per acre.,PDH3
411,R8,2023,NV, , ,1900/01/01 05:00:00+00,R8  2023,2012_0003,1902/01/01 05:00:00+00,1902/01/01 05:00:00+00,2023/12/13 22:48:33+00,4948.950303,139470.4375,411,Single Family Residential-8,"Moderate to medium density single family detached, duplex, townhouse, and single family attached development with a maximum density of 8 units per acre, 9.6 units per acre with ADU. Served by public water and sewer. Traditional and suburban design options.",R8
412,R8,2023,NV, , ,1900/01/01 05:00:00+00,R8  2023,2012_0003,1902/01/01 05:00:00+00,1902/01/01 05:00:00+00,2023/12/13 22:48:33+00,1649.051151,24344.0747,412,Single Family Residential-8,"Moderate to medium density single family detached, duplex, townhouse, and single family attached development with a maximum density of 8 units per acre, 9.6 units per acre with ADU. Served by public water and sewer. Traditional and suburban design options.",R8
413,CCCC,2023,NV, , ,1900/01/01 05:00:00+00,CCCC 2023,2023_0027,1902/01/01 05:00:00+00,1902/01/01 05:00:00+00,2023/12/13 22:48:33+00,1300.69066,29279.00365,413,Commercial Center - Community Center,"Serves retail shopping needs of surrounding community with 10 minutes drive. Minimum of 4 acres, maximum of 22 acres.",CCCC
414,R4,2023,NV, , ,1900/01/01 05:00:00+00,R4  2023,2012_0003,1902/01/01 05:00:00+00,1902/01/01 05:00:00+00,2023/12/13 22:48:33+00,3231.761457,63692.41194,414,Single Family Residential-4,"Moderate density single family detached development with a maximum density of 1 unit per 10,000 square feet, 4.8 units per acre with ADU. Served by public water and sewer. Cluster, suburban, and traditional design and compact cluster options.",R4
415,R1,2023,NV, ,Z2001-0006,1900/01/01 05:00:00+00,R1  2023,2012_0003,1902/01/01 05:00:00+00,1902/01/01 05:00:00+00,2023/12/13 22:48:33+00,3786.013514,1656.157992,415,Single Family Residential-1,"Low-density single family detached development with a maximum density of 1 unit per 40,000 square feet; 1.2 unit per 40,000 square feet with ADU. Served by public water and sewer. Cluster and compact cluster options.",R1
416,R1,2023,NV, , ,1900/01/01 05:00:00+00,R1  2023,2012_0003,1902/01/01 05:00:00+00,1902/01/01 05:00:00+00,2023/12/13 22:48:33+00,844.3092418,112.9145486,416,Single Family Residential-1,"Low-density single family detached development with a maximum density of 1 unit per 40,000 square feet; 1.2 unit per 40,000 square feet with ADU. Served by public water and sewer. Cluster and compact cluster options.",R1
417,R1,2023,NV, , ,1900/01/01 05:00:00+00,R1  2023,2012_0003,1902/01/01 05:00:00+00,1902/01/01 05:00:00+00,2023/12/13 22:48:33+00,89.37970328,7.834365332,417,Single Family Residential-1,"Low-density single family detached development with a maximum density of 1 unit per 40,000 square feet; 1.2 unit per 40,000 square feet with ADU. Served by public water and sewer. Cluster and compact cluster options.",R1
418,IP,2023,NV,ZMAP-1985-0019, ,1986/05/19 04:00:00+00,IP 2023,2023_0027,1902/01/01 05:00:00+00,1902/01/01 05:00:00+00,2023/12/13 22:48:33+00,536.3851197,17565.02495,418,Industrial Park,"District for office, light production, flex space, and warehousing uses.  Support limited first floor retail or other accessory uses that serve predominate uses.",IP
419,R4,2023,NV,ZMAP-1983-0331, ,1984/02/06 05:00:00+00,R4  2023,2012_0003,1902/01/01 05:00:00+00,1902/01/01 05:00:00+00,2023/12/13 22:48:33+00,176.1838216,1577.79512,419,Single Family Residential-4,"Moderate density single family detached development with a maximum density of 1 unit per 10,000 square feet, 4.8 units per acre with ADU. Served by public water and sewer. Cluster, suburban, and traditional design and compact cluster options.",R4
420,R2,2023,NV, , ,1900/01/01 05:00:00+00,R2  2023,2012_0003,1902/01/01 05:00:00+00,1902/01/01 05:00:00+00,2023/12/13 22:48:33+00,3547.878381,94809.40134,420,Single Family Residential-2,"Low to moderate density single family detached development with a maximum density of 1 unit per 20,000 square feet, 1.2 units per 20,000 square feet with ADU. Served by public water and sewer. Cluster, suburban, compact cluster, and traditional design options.",R2
421,R4,2023,NV,ZMAP-1984-0050, ,1984/05/07 04:00:00+00,R4  2023,2012_0003,1902/01/01 05:00:00+00,1902/01/01 05:00:00+00,2023/12/13 22:48:33+00,1061.356795,26331.62924,421,Single Family Residential-4,"Moderate density single family detached development with a maximum density of 1 unit per 10,000 square feet, 4.8 units per acre with ADU. Served by public water and sewer. Cluster, suburban, and traditional design and compact cluster options.",R4
422,R4,2023,NV,ZMAP-0000-0313, ,1982/12/06 05:00:00+00,R4  2023,2012_0003,1902/01/01 05:00:00+00,1902/01/01 05:00:00+00,2023/12/13 22:48:33+00,811.2850436,18453.08883,422,Single Family Residential-4,"Moderate density single family detached development with a maximum density of 1 unit per 10,000 square feet, 4.8 units per acre with ADU. Served by public water and sewer. Cluster, suburban, and traditional design and compact cluster options.",R4
423,PDGI,1972,NV,ZMAP-1986-0019, ,1987/09/21 04:00:00+00,PDGI  1972,2015_0019,1902/01/01 05:00:00+00,1902/01/01 05:00:00+00,2015/06/12 04:00:00+00,8434.087977,2893126.74,423,Planned Development-General Industrial,Medium intensity industrial uses with public nuisance potential.  It is only under the 1972 Ordinance.,PDGI
424,PDH4,2023,NV,ZMAP-1998-0001, ,1999/02/17 05:00:00+00,PDH4  2023,2012_0003,1902/01/01 05:00:00+00,1902/01/01 05:00:00+00,2023/12/13 22:48:33+00,2.784284539,0.025094828,424,Planned Development Housing-4,Mixed use residential communities including single family and multifamily housing products with supportive non-residential uses. Maximum overall residential density of 4 units per acre.,PDH4
425,R4,2023,NV,ZMAP-0000-0260, ,1978/09/05 04:00:00+00,R4  2023,2012_0003,1902/01/01 05:00:00+00,1902/01/01 05:00:00+00,2023/12/13 22:48:33+00,1574.565359,8293.911155,425,Single Family Residential-4,"Moderate density single family detached development with a maximum density of 1 unit per 10,000 square feet, 4.8 units per acre with ADU. Served by public water and sewer. Cluster, suburban, and traditional design and compact cluster options.",R4
426,IP,2023,NV, , ,1900/01/01 05:00:00+00,IP 2023,2023_0027,1902/01/01 05:00:00+00,1902/01/01 05:00:00+00,2023/12/13 22:48:33+00,3251.718445,238562.0935,426,Industrial Park,"District for office, light production, flex space, and warehousing uses.  Support limited first floor retail or other accessory uses that serve predominate uses.",IP
427,IP,2023,NV,ZMAP-2007-0006,187,2011/01/31 05:00:00+00,IP 2023,2023_0027,1902/01/01 05:00:00+00,1902/01/01 05:00:00+00,2023/12/13 22:48:33+00,320.4569946,3266.109578,427,Industrial Park,"District for office, light production, flex space, and warehousing uses.  Support limited first floor retail or other accessory uses that serve predominate uses.",IP
428,R16,2023,NV,ZMAP-1991-0007, ,1995/02/01 05:00:00+00,R16  2023,2012_0003,1902/01/01 05:00:00+00,1902/01/01 05:00:00+00,2023/12/13 22:48:33+00,2.081952191,0.056955014,428,Townhouse/Multifamily Residential-16,Single family attached/detached and multifamily residences at a maximum density of 16 units per acre; 19.2 units per acre with ADU. Served by public water and sewer. In areas designated for infill development. Traditional design option.,R16
429,OP,2023,NV,ZRTD-2017-0005, ,2018/10/10 04:00:00+00,OP 2023,2023_0027,1902/01/01 05:00:00+00,1902/01/01 05:00:00+00,2023/12/13 22:48:33+00,8216.753588,3654653.324,429,Office Park,"District for administrative, business and professional offices research and development, and supporting commercial and instibutional uses and facilities; support limited first floor retail.",OP
430,OP,2023,NV,ZMAP-1998-0003, ,1998/06/17 04:00:00+00,OP 2023,2023_0027,1902/01/01 05:00:00+00,1902/01/01 05:00:00+00,2023/12/13 22:48:33+00,6656.476079,171073.1674,430,Office Park,"District for administrative, business and professional offices research and development, and supporting commercial and instibutional uses and facilities; support limited first floor retail.",OP
431,IP,2023,NV,ZMAP-1986-0350, ,1987/05/16 04:00:00+00,IP 2023,2023_0027,1902/01/01 05:00:00+00,1902/01/01 05:00:00+00,2023/12/13 22:48:33+00,889.0658781,10654.76083,431,Industrial Park,"District for office, light production, flex space, and warehousing uses.  Support limited first floor retail or other accessory uses that serve predominate uses.",IP
432,R4,2023,NV,ZMAP-0000-0332, ,1984/06/18 04:00:00+00,R4  2023,2012_0003,1902/01/01 05:00:00+00,1902/01/01 05:00:00+00,2023/12/13 22:48:33+00,495.6607473,7712.31855,432,Single Family Residential-4,"Moderate density single family detached development with a maximum density of 1 unit per 10,000 square feet, 4.8 units per acre with ADU. Served by public water and sewer. Cluster, suburban, and traditional design and compact cluster options.",R4
433,R1,2023,NV, , ,1900/01/01 05:00:00+00,R1  2023,2012_0003,1902/01/01 05:00:00+00,1902/01/01 05:00:00+00,2023/12/13 22:48:33+00,3461.273,54493.57982,433,Single Family Residential-1,"Low-density single family detached development with a maximum density of 1 unit per 40,000 square feet; 1.2 unit per 40,000 square feet with ADU. Served by public water and sewer. Cluster and compact cluster options.",R1
434,R1,2023,NV, , ,1900/01/01 05:00:00+00,R1  2023,2012_0003,1902/01/01 05:00:00+00,1902/01/01 05:00:00+00,2023/12/13 22:48:33+00,1246.753357,17124.51493,434,Single Family Residential-1,"Low-density single family detached development with a maximum density of 1 unit per 40,000 square feet; 1.2 unit per 40,000 square feet with ADU. Served by public water and sewer. Cluster and compact cluster options.",R1
435,CCCC,2023,NV,ZMAP-1986-0026,Z2000-0034,1987/06/15 04:00:00+00,CCCC 2023,2023_0027,1902/01/01 05:00:00+00,1902/01/01 05:00:00+00,2023/12/13 22:48:33+00,309.5766117,4314.081755,435,Commercial Center - Community Center,"Serves retail shopping needs of surrounding community with 10 minutes drive. Minimum of 4 acres, maximum of 22 acres.",CCCC
436,R1,2023,NV, , ,1900/01/01 05:00:00+00,R1  2023,2012_0003,1902/01/01 05:00:00+00,1902/01/01 05:00:00+00,2023/12/13 22:48:33+00,1710.884506,13007.50643,436,Single Family Residential-1,"Low-density single family detached development with a maximum density of 1 unit per 40,000 square feet; 1.2 unit per 40,000 square feet with ADU. Served by public water and sewer. Cluster and compact cluster options.",R1
437,PDH3,2023,NV,ZMAP-2005-0004, ,2006/07/18 04:00:00+00,PDH3  2023,2012_0003,1902/01/01 05:00:00+00,1902/01/01 05:00:00+00,2023/12/13 22:48:33+00,2268.853049,17347.01855,437,Planned Development Housing-3,Mixed use residential communities including single family and multifamily housing products with supportive non-residential uses. Maximum overall residential density of 3 units per acre.,PDH3
438,R1,2023,NV, , ,1900/01/01 05:00:00+00,R1  2023,2012_0003,1902/01/01 05:00:00+00,1902/01/01 05:00:00+00,2023/12/13 22:48:33+00,3191.350063,160219.6422,438,Single Family Residential-1,"Low-density single family detached development with a maximum density of 1 unit per 40,000 square feet; 1.2 unit per 40,000 square feet with ADU. Served by public water and sewer. Cluster and compact cluster options.",R1
439,OP,2023,NV, , ,1900/01/01 05:00:00+00,OP 2023,2023_0027,1902/01/01 05:00:00+00,1902/01/01 05:00:00+00,2023/12/13 22:48:33+00,574.3152534,1861.254242,439,Office Park,"District for administrative, business and professional offices research and development, and supporting commercial and instibutional uses and facilities; support limited first floor retail.",OP
440,CCSC,2023,NV,ZMAP-1994-0004, ,1994/07/06 04:00:00+00,CCSC 2023,2012_0003,1902/01/01 05:00:00+00,1902/01/01 05:00:00+00,2023/12/13 22:48:33+00,1281.108719,49999.28984,440,Commercial Center - Small Regional Center,"Small regional centers to meet shopping needs of a communitymore than a 10 minute drive from the center. Minimum of 18 acres, maximum of 60 acres. Controlled access to a major collector.",CCSC
441,R16,2023,NV, , ,1900/01/01 05:00:00+00,R16  2023,2012_0003,1902/01/01 05:00:00+00,1902/01/01 05:00:00+00,2023/12/13 22:48:33+00,1260.647878,58467.09855,441,Townhouse/Multifamily Residential-16,Single family attached/detached and multifamily residences at a maximum density of 16 units per acre; 19.2 units per acre with ADU. Served by public water and sewer. In areas designated for infill development. Traditional design option.,R16
442,PDH3,2023,NV,ZMAP-1998-0008,Z2000-0047,1999/11/03 04:00:00+00,PDH3  2023,2012_0003,1902/01/01 05:00:00+00,1902/01/01 05:00:00+00,2023/12/13 22:48:33+00,3720.503962,6239.243945,442,Planned Development Housing-3,Mixed use residential communities including single family and multifamily housing products with supportive non-residential uses. Maximum overall residential density of 3 units per acre.,PDH3
443,CR1,2023,NV, , ,1900/01/01 05:00:00+00,CR1  2023,2012_0003,1902/01/01 05:00:00+00,1902/01/01 05:00:00+00,2023/12/13 22:48:33+00,3061.304692,154104.7475,443,Countryside Residential-1,"Residential development with a maximum density of 1 unit per 40,000 square feet with on-site well and wastewater. 1 unit per 40,000 square feet served by public water/sewer in cluster/complact cluster options.",CR1
444,CR1,2023,NV, , ,1900/01/01 05:00:00+00,CR1  2023,2012_0003,1902/01/01 05:00:00+00,1902/01/01 05:00:00+00,2023/12/13 22:48:33+00,786.8038261,1634.217482,444,Countryside Residential-1,"Residential development with a maximum density of 1 unit per 40,000 square feet with on-site well and wastewater. 1 unit per 40,000 square feet served by public water/sewer in cluster/complact cluster options.",CR1
445,CR1,2023,NV, , ,1900/01/01 05:00:00+00,CR1  2023,2012_0003,1902/01/01 05:00:00+00,1902/01/01 05:00:00+00,2023/12/13 22:48:33+00,205.503563,132.0002926,445,Countryside Residential-1,"Residential development with a maximum density of 1 unit per 40,000 square feet with on-site well and wastewater. 1 unit per 40,000 square feet served by public water/sewer in cluster/complact cluster options.",CR1
446,CR1,2023,NV, , ,1900/01/01 05:00:00+00,CR1  2023,2012_0003,1902/01/01 05:00:00+00,1902/01/01 05:00:00+00,2023/12/13 22:48:33+00,336.0159248,9.887435393,446,Countryside Residential-1,"Residential development with a maximum density of 1 unit per 40,000 square feet with on-site well and wastewater. 1 unit per 40,000 square feet served by public water/sewer in cluster/complact cluster options.",CR1
447,PDH3,1972,NV,ZMAP-1984-0090, ,1984/11/05 05:00:00+00,PDH3  1972, ,1902/01/01 05:00:00+00,1902/01/01 05:00:00+00,1900/01/01 05:00:00+00,7.892099125,0.382260981,447,Planned Development Housing-3,Mixed use residential communities including single family and multifamily housing products with supportive non-residential uses. Maximum overall residential density of 3 units per acre.,PDH3
448,PDH3,1972,28,ZMAP-1984-0090, ,1984/11/05 05:00:00+00,PDH3  1972, ,1902/01/01 05:00:00+00,1902/01/01 05:00:00+00,1900/01/01 05:00:00+00,9885.474314,1323007.037,448,Planned Development Housing-3,Mixed use residential communities including single family and multifamily housing products with supportive non-residential uses. Maximum overall residential density of 3 units per acre.,PDH3
449,PDCH,1972,28,ZMAP-1990-0014,Z2000-0040,1991/12/17 05:00:00+00,PDCH  1972, ,1902/01/01 05:00:00+00,1902/01/01 05:00:00+00,1900/01/01 05:00:00+00,5448.111094,891474.3259,449,Planned Development-Commercial Highway,Highway related commercial districts. PDCH is under the 1972 ordinance and is only within the Route 28 Tax District.,PDCH
450,PDH3,2023,NV,ZMAP-1984-0090, ,1984/11/05 05:00:00+00,PDH3  2023,2012_0003,1902/01/01 05:00:00+00,1902/01/01 05:00:00+00,2023/12/13 22:48:33+00,2150.731896,108359.2337,450,Planned Development Housing-3,Mixed use residential communities including single family and multifamily housing products with supportive non-residential uses. Maximum overall residential density of 3 units per acre.,PDH3
451,PDH3,1972,NV,ZMAP-1984-0090, ,1984/11/05 05:00:00+00,PDH3  1972, ,1902/01/01 05:00:00+00,1902/01/01 05:00:00+00,1900/01/01 05:00:00+00,105.4798067,3.792499168,451,Planned Development Housing-3,Mixed use residential communities including single family and multifamily housing products with supportive non-residential uses. Maximum overall residential density of 3 units per acre.,PDH3
452,CLI,2023,, , ,2016/03/01 05:00:00+00,CLI  2023,2019_0018,1902/01/01 05:00:00+00,1902/01/01 05:00:00+00,2024/03/26 04:00:00+00,49733.75714,18419919.65,452,Commercial/Light Industry,"Mix of similar and compatible light industrial uses and office uses and related supportive commercial, retail and service  uses on minimum one acre lots. Only along Route 50 from Fairfax/Loudoun County line west to Route 659.",CLI
453,IP,2023,NV,ZRTD-2014-0006, ,2015/07/15 04:00:00+00,IP 2023,2023_0027,1902/01/01 05:00:00+00,1902/01/01 05:00:00+00,2023/12/13 22:48:33+00,24947.3159,8437881.664,453,Industrial Park,"District for office, light production, flex space, and warehousing uses.  Support limited first floor retail or other accessory uses that serve predominate uses.",IP
454,R1,2023,NV, , ,1900/01/01 05:00:00+00,R1  2023,2019_0019,1902/01/01 05:00:00+00,1902/01/01 05:00:00+00,2023/12/13 22:48:33+00,904.7345629,11405.24937,454,Single Family Residential-1,"Low-density single family detached development with a maximum density of 1 unit per 40,000 square feet; 1.2 unit per 40,000 square feet with ADU. Served by public water and sewer. Cluster and compact cluster options.",R1
455,R1,2023,NV, , ,1900/01/01 05:00:00+00,R1  2023,2012_0003,1902/01/01 05:00:00+00,1902/01/01 05:00:00+00,2023/12/13 22:48:33+00,195.0314973,1836.601383,455,Single Family Residential-1,"Low-density single family detached development with a maximum density of 1 unit per 40,000 square feet; 1.2 unit per 40,000 square feet with ADU. Served by public water and sewer. Cluster and compact cluster options.",R1
456,PDRDP,2023,NV,ZMAP-1993-0001, ,1993/08/04 04:00:00+00,PDRDP 2023,2012_0003,1902/01/01 05:00:00+00,1902/01/01 05:00:00+00,2023/12/13 22:48:33+00,4669.589766,217657.3499,456,Planned Development-Research and Development Park,"Planned mixed employment park a minimum of 20 acres in size & within the Rt 28 Tax District, subject to an adopted concept development plan, which allows the mixing of research and development firms, office complexes, certain types of manufacturing and interrelated land uses.",PDRDP
457,PDRDP,2023,NV,ZMAP-1993-0001, ,1993/08/04 04:00:00+00,PDRDP 2023,2012_0003,1902/01/01 05:00:00+00,1902/01/01 05:00:00+00,2023/12/13 22:48:33+00,1291.279388,76219.88128,457,Planned Development-Research and Development Park,"Planned mixed employment park a minimum of 20 acres in size & within the Rt 28 Tax District, subject to an adopted concept development plan, which allows the mixing of research and development firms, office complexes, certain types of manufacturing and interrelated land uses.",PDRDP
458,IP,2023,NV, , ,1900/01/01 05:00:00+00,IP 2023,2023_0027,1902/01/01 05:00:00+00,1902/01/01 05:00:00+00,2023/12/13 22:48:33+00,492.5902169,2289.861922,458,Industrial Park,"District for office, light production, flex space, and warehousing uses.  Support limited first floor retail or other accessory uses that serve predominate uses.",IP
459,IP,2023,28,ZRTD-2010-0004,204,2011/11/09 05:00:00+00,IP 2023,2023_0027,1902/01/01 05:00:00+00,1902/01/01 05:00:00+00,2023/12/13 22:48:33+00,1369.391033,83523.71092,459,Industrial Park,"District for office, light production, flex space, and warehousing uses.  Support limited first floor retail or other accessory uses that serve predominate uses.",IP
460,R3,2023,NONE,ZMAP-2008-0020,203,2011/11/09 05:00:00+00,R3   2023,2015_0011,1902/01/01 05:00:00+00,1902/01/01 05:00:00+00,2023/12/13 22:48:33+00,5157.56523,1233390.549,460,Single Family Residential-3,"Moderate density single family detached development with a maximum density of 1 unit per 15,000 square feet, 1.2 units per 15,000 square feet. Served by public water and sewer. Cluster, compact cluster, suburban, and traditional design options.",R3
461,OP,2023,28,ZMAP-2007-0001,201,2011/07/19 04:00:00+00,OP 2023,2023_0027,1902/01/01 05:00:00+00,1902/01/01 05:00:00+00,2023/12/13 22:48:33+00,8817.058402,2970571.924,461,Office Park,"District for administrative, business and professional offices research and development, and supporting commercial and instibutional uses and facilities; support limited first floor retail.",OP
462,TC,2023,28,ZMAP-2007-0001,201,2011/07/19 04:00:00+00,TC 2023,2023_0027,1902/01/01 05:00:00+00,1902/01/01 05:00:00+00,2023/12/13 22:48:33+00,8009.400734,1868991.314,462,Town Center,"A district established to provide for a compatible mixture of commercial, cultural, institutional, governmental, and residential uses in compact pedestrian oriented, traditional town centers, in areas consistent with the General Plan & serving as focal points for substantial residential areas.",TC
463,IP,2023,28,ZRTD-2011-0004,209,2012/03/13 04:00:00+00,IP 2023,2023_0027,1902/01/01 05:00:00+00,1902/01/01 05:00:00+00,2023/12/13 22:48:33+00,2026.812756,229192.6321,463,Industrial Park,"District for office, light production, flex space, and warehousing uses.  Support limited first floor retail or other accessory uses that serve predominate uses.",IP
464,IP,2023,28,ZRTD-2011-0008,208,2012/02/07 05:00:00+00,IP 2023,2023_0027,1902/01/01 05:00:00+00,1902/01/01 05:00:00+00,2023/12/13 22:48:33+00,3288.355291,661484.2855,464,Industrial Park,"District for office, light production, flex space, and warehousing uses.  Support limited first floor retail or other accessory uses that serve predominate uses.",IP
465,IP,2023,28,ZRTD-2011-0005,206,2012/01/10 05:00:00+00,IP 2023,2023_0027,1902/01/01 05:00:00+00,1902/01/01 05:00:00+00,2023/12/13 22:48:33+00,3050.257347,443693.1671,465,Industrial Park,"District for office, light production, flex space, and warehousing uses.  Support limited first floor retail or other accessory uses that serve predominate uses.",IP
466,IP,2023,28,ZRTD-2010-0005,205,2011/07/11 04:00:00+00,IP 2023,2023_0027,1902/01/01 05:00:00+00,1902/01/01 05:00:00+00,2023/12/13 22:48:33+00,2618.363357,314423.3499,466,Industrial Park,"District for office, light production, flex space, and warehousing uses.  Support limited first floor retail or other accessory uses that serve predominate uses.",IP
467,PDMUB,2023,NONE,ZMAP-2008-0004,202,2011/06/07 04:00:00+00,PDMUB 1993,2021_0025,1902/01/01 05:00:00+00,1902/01/01 05:00:00+00,2023/12/13 22:48:33+00,5665.498175,1203115.024,467,Planned Development-Mixed Use Business,"A compact pedestrian oriented mixed use business district of regional office, light industrian, retail, service, civic and high density residential uses located in close proximity to each other. Minimum size of 25 acres per District.",PDMUB
468,OP,2023,28,ZMAP-2007-0001,201,2011/07/19 04:00:00+00,OP 2023,2023_0027,1902/01/01 05:00:00+00,1902/01/01 05:00:00+00,2023/12/13 22:48:33+00,6264.687986,1742903.846,468,Office Park,"District for administrative, business and professional offices research and development, and supporting commercial and instibutional uses and facilities; support limited first floor retail.",OP
469,IP,2023,28,ZMAP-2008-0001,196,2011/06/07 04:00:00+00,IP 2023,2023_0027,1902/01/01 05:00:00+00,1902/01/01 05:00:00+00,2023/12/13 22:48:33+00,2164.793836,31064.91941,469,Industrial Park,"District for office, light production, flex space, and warehousing uses.  Support limited first floor retail or other accessory uses that serve predominate uses.",IP
470,GI,2023,NONE,ZMAP-2009-0003,194,2011/01/04 05:00:00+00,GI 2023,2023_0027,1902/01/01 05:00:00+00,1902/01/01 05:00:00+00,2023/12/13 22:48:33+00,10862.45331,2361734.96,470,General Industry,District for industrial uses that are incompatible with residential uses due to the prevelance of outdoor storage and emissions of noise and odor. ,GI
471,TC,2023,28,ZMAP-2007-0001,201,2011/07/19 04:00:00+00,TC 2023,2023_0027,1902/01/01 05:00:00+00,1902/01/01 05:00:00+00,2023/12/13 22:48:33+00,6089.669507,1306785.567,471,Town Center,"A district established to provide for a compatible mixture of commercial, cultural, institutional, governmental, and residential uses in compact pedestrian oriented, traditional town centers, in areas consistent with the General Plan & serving as focal points for substantial residential areas.",TC
472,OP,2023,28,ZMAP-2007-0001,201,2011/07/19 04:00:00+00,OP 2023,2023_0027,1902/01/01 05:00:00+00,1902/01/01 05:00:00+00,2023/12/13 22:48:33+00,2502.117936,337203.4891,472,Office Park,"District for administrative, business and professional offices research and development, and supporting commercial and instibutional uses and facilities; support limited first floor retail.",OP
473,GB,2023,NONE,ZMAP-2011-0001,200,2011/11/09 05:00:00+00,GB  2023,2012_0003,1902/01/01 05:00:00+00,1902/01/01 05:00:00+00,2023/12/13 22:48:33+00,3668.25171,460383.9508,473,General Business,General destination retail and service businesses that serve the needs of residents and businesses in the vicinity,GB
474,IP,2023,NONE,ZMAP-2011-0001,200,2011/11/09 05:00:00+00,IP 2023,2023_0027,1902/01/01 05:00:00+00,1902/01/01 05:00:00+00,2023/12/13 22:48:33+00,1050.349406,63040.42367,474,Industrial Park,"District for office, light production, flex space, and warehousing uses.  Support limited first floor retail or other accessory uses that serve predominate uses.",IP
475,GI,2023,28,ZRTD-2011-0012, ,2012/05/08 04:00:00+00,GI 2023,2023_0027,1902/01/01 05:00:00+00,1902/01/01 05:00:00+00,2023/12/13 22:48:33+00,982.9958264,54249.23535,475,General Industry,District for industrial uses that are incompatible with residential uses due to the prevelance of outdoor storage and emissions of noise and odor. ,GI
476,R24,2023,NV,ZMAP-2002-0017,197,2011/07/19 04:00:00+00,R4  2023,2015_0032,1902/01/01 05:00:00+00,1902/01/01 05:00:00+00,2023/12/13 22:48:33+00,4177.406944,1018846.927,476,Multifamily Residential-24,"Multifamily residences at a maximum density of 24 dwelling units per acre, 28.8 dwelling units per acre with ADU. Served by public water and sewer. In areas designated for infill development.",R24
477,PDIP,1972,NV,ZMAP-1985-0014, ,1985/10/21 04:00:00+00,PDIP  1972, ,1902/01/01 05:00:00+00,1902/01/01 05:00:00+00,1900/01/01 05:00:00+00,3979.885386,937562.1783,477,Planned Development-Industrial Park,Light and medium industrial uses with supporting accessory uses and facilities designed with a parklike environment. May be subject to a concept development plan.  It is only under the 1972 Ordinance.,PDIP
478,RC,2023,NONE,ZMAP-2011-0003,199,2011/11/09 05:00:00+00,RC  2023,2012_0003,1902/01/01 05:00:00+00,1902/01/01 05:00:00+00,2023/12/13 22:48:33+00,1494.405772,115192.0161,478,Rural Commercial,Commercial properties predominantly located in rural Loudoun. Uses are compatible with scale and character of general open and rural character of Rural North & South Place Types.,RC
479,PDH4,2023,,ZMAP-1993-0002,184,1994/08/03 04:00:00+00,PDH4  2023,2012_0003,1902/01/01 05:00:00+00,1902/01/01 05:00:00+00,2023/12/13 22:48:33+00,8906.618007,3980871.863,479,Planned Development Housing-4,Mixed use residential communities including single family and multifamily housing products with supportive non-residential uses. Maximum overall residential density of 4 units per acre.,PDH4
480,IP,2023,28,ZRTD-2010-0006,189,2011/06/13 04:00:00+00,IP 2023,2023_0027,1902/01/01 05:00:00+00,1902/01/01 05:00:00+00,2023/12/13 22:48:33+00,1092.826515,70397.08288,480,Industrial Park,"District for office, light production, flex space, and warehousing uses.  Support limited first floor retail or other accessory uses that serve predominate uses.",IP
481,IP,2023,28,ZRTD-2012-0005,213,2013/01/02 05:00:00+00,IP 2023,2023_0027,1902/01/01 05:00:00+00,1902/01/01 05:00:00+00,2023/12/13 22:48:33+00,3267.743915,344201.8006,481,Industrial Park,"District for office, light production, flex space, and warehousing uses.  Support limited first floor retail or other accessory uses that serve predominate uses.",IP
482,R8,2023,NONE,ZMAP-2022-0005,,2023/10/11 04:00:00+00,R8  2023,2023_0022,1902/01/01 05:00:00+00,1902/01/01 05:00:00+00,2023/12/13 22:48:33+00,3820.398835,899436.9908,482,Single Family Residential-8,"Moderate to medium density single family detached, duplex, townhouse, and single family attached development with a maximum density of 8 units per acre, 9.6 units per acre with ADU. Served by public water and sewer. Traditional and suburban design options.",R8
483,PDH4,2023,,ZMAP-2005-0019,181,2011/02/15 05:00:00+00,PDH4  2023,2012_0003,1902/01/01 05:00:00+00,1902/01/01 05:00:00+00,2023/12/13 22:48:33+00,4264.245468,910682.841,483,Planned Development Housing-4,Mixed use residential communities including single family and multifamily housing products with supportive non-residential uses. Maximum overall residential density of 4 units per acre.,PDH4
484,R1,2023,,ZMAP-2010-0004,179,2011/05/03 04:00:00+00,R1  2023,2012_0003,1902/01/01 05:00:00+00,1902/01/01 05:00:00+00,2023/12/13 22:48:33+00,13831.86117,11837804.1,484,Single Family Residential-1,"Low-density single family detached development with a maximum density of 1 unit per 40,000 square feet; 1.2 unit per 40,000 square feet with ADU. Served by public water and sewer. Cluster and compact cluster options.",R1
485,R8,2023,,ZMAP-2004-0020, ,2006/02/21 05:00:00+00,R8  2023,2012_0003,1902/01/01 05:00:00+00,1902/01/01 05:00:00+00,2023/12/13 22:48:33+00,11279.01082,1027940.225,485,Single Family Residential-8,"Moderate to medium density single family detached, duplex, townhouse, and single family attached development with a maximum density of 8 units per acre, 9.6 units per acre with ADU. Served by public water and sewer. Traditional and suburban design options.",R8
486,CCNC,2023,,ZMAP-2009-0006,186,2010/09/13 04:00:00+00,CCNC 2023,2023_0027,1902/01/01 05:00:00+00,1902/01/01 05:00:00+00,2023/12/13 22:48:33+00,1221.254433,94864.32542,486,Commercial Center - Neighborhood Center,"Serves convenience needs of immediately adjacent residential neighborhoods or ones within 1/4 mile walking dist.  Minimum of 1.5 acres, maximum of 8 acres.",CCNC
487,IP,2023,NV,ZMAP-2007-0006,187,2011/01/31 05:00:00+00,IP 2023,2023_0027,1902/01/01 05:00:00+00,1902/01/01 05:00:00+00,2023/12/13 22:48:33+00,441.9118019,8230.82608,487,Industrial Park,"District for office, light production, flex space, and warehousing uses.  Support limited first floor retail or other accessory uses that serve predominate uses.",IP
488,IP,2023,NV,ZRTD-2011-0001,198,2011/09/12 04:00:00+00,IP 2023,2023_0027,1902/01/01 05:00:00+00,1902/01/01 05:00:00+00,2023/12/13 22:48:33+00,3250.449707,518070.1018,488,Industrial Park,"District for office, light production, flex space, and warehousing uses.  Support limited first floor retail or other accessory uses that serve predominate uses.",IP
489,IP,2023,28,ZMAP-2008-0023,182,2010/03/02 05:00:00+00,IP 2023,2023_0027,1902/01/01 05:00:00+00,1902/01/01 05:00:00+00,2023/12/13 22:48:33+00,1451.130166,125643.8695,489,Industrial Park,"District for office, light production, flex space, and warehousing uses.  Support limited first floor retail or other accessory uses that serve predominate uses.",IP
490,TR1UBF,2023,,ZMAP-2010-0001,180,2010/10/12 04:00:00+00,TR1UBF2023,2012_0003,1902/01/01 05:00:00+00,1902/01/01 05:00:00+00,2023/12/13 22:48:33+00,1684.878742,138355.3575,490,Transitional Residential - 1 (Upper Broad Run and Upper Foley),"Sub-district of TR1. Residential with cluster (50% open space); 1.0 dwelling unit per 40,000 square feet, 1.2 dwelling units per 40,000 square feet with ADU",TR1UBF
491,IP,2023,NV, , ,1900/01/01 05:00:00+00,IP 2023,2023_0027,1902/01/01 05:00:00+00,1902/01/01 05:00:00+00,2023/12/13 22:48:33+00,49275.55375,15703222.17,491,Industrial Park,"District for office, light production, flex space, and warehousing uses.  Support limited first floor retail or other accessory uses that serve predominate uses.",IP
492,R4,2023,,ZMAP-2000-0012,Z2002-0001,2001/11/19 05:00:00+00,R4  2023,2012_0003,1902/01/01 05:00:00+00,1902/01/01 05:00:00+00,2023/12/13 22:48:33+00,9468.518042,2444592.126,492,Single Family Residential-4,"Moderate density single family detached development with a maximum density of 1 unit per 10,000 square feet, 4.8 units per acre with ADU. Served by public water and sewer. Cluster, suburban, and traditional design and compact cluster options.",R4
493,PDGI,1972,NV, , ,1900/01/01 05:00:00+00,PDGI  1972,2022_0006,1902/01/01 05:00:00+00,1902/01/01 05:00:00+00,2024/01/09 05:00:00+00,30754.42711,8516907.824,493,Planned Development-General Industrial,Medium intensity industrial uses with public nuisance potential.  It is only under the 1972 Ordinance.,PDGI
494,GI,2023,28,ZCON-1995-0002,1,1996/02/07 05:00:00+00,GI 2023,2023_0027,1902/01/01 05:00:00+00,1902/01/01 05:00:00+00,2023/12/13 22:48:33+00,1880.649858,201352.9278,494,General Industry,District for industrial uses that are incompatible with residential uses due to the prevelance of outdoor storage and emissions of noise and odor. ,GI
495,GI,2023,, , ,1900/01/01 05:00:00+00,GI 2023,2023_0027,1902/01/01 05:00:00+00,1902/01/01 05:00:00+00,2023/12/13 22:48:33+00,2381.294212,261851.6437,495,General Industry,District for industrial uses that are incompatible with residential uses due to the prevelance of outdoor storage and emissions of noise and odor. ,GI
496,GI,2023,, , ,1900/01/01 05:00:00+00,GI 2023,2023_0027,1902/01/01 05:00:00+00,1902/01/01 05:00:00+00,2023/12/13 22:48:33+00,16965.37499,9303438.65,496,General Industry,District for industrial uses that are incompatible with residential uses due to the prevelance of outdoor storage and emissions of noise and odor. ,GI
497,CCSC,2023,,ZMAP-2002-0013, ,2005/12/06 05:00:00+00,CCSC 2023,2012_0003,1902/01/01 05:00:00+00,1902/01/01 05:00:00+00,2023/12/13 22:48:33+00,27.67291158,6.760506627,497,Commercial Center - Small Regional Center,"Small regional centers to meet shopping needs of a communitymore than a 10 minute drive from the center. Minimum of 18 acres, maximum of 60 acres. Controlled access to a major collector.",CCSC
498,CCSC,2023,,ZMAP-2002-0013, ,2005/12/06 05:00:00+00,CCSC 2023,2012_0003,1902/01/01 05:00:00+00,1902/01/01 05:00:00+00,2023/12/13 22:48:33+00,67.01595046,27.13385667,498,Commercial Center - Small Regional Center,"Small regional centers to meet shopping needs of a communitymore than a 10 minute drive from the center. Minimum of 18 acres, maximum of 60 acres. Controlled access to a major collector.",CCSC
499,PDMUB,2023,28,ZMAP-2008-0021,178,2010/07/12 04:00:00+00,PDMUB 1993,2012_0003,1902/01/01 05:00:00+00,1902/01/01 05:00:00+00,2023/12/13 22:48:33+00,4129.435335,623272.4683,499,Planned Development-Mixed Use Business,"A compact pedestrian oriented mixed use business district of regional office, light industrian, retail, service, civic and high density residential uses located in close proximity to each other. Minimum size of 25 acres per District.",PDMUB
500,PDMUB,2023,28,ZMAP-2008-0021,178,2010/07/12 04:00:00+00,PDMUB 1993,2012_0003,1902/01/01 05:00:00+00,1902/01/01 05:00:00+00,2023/12/13 22:48:33+00,5322.595231,1746144.42,500,Planned Development-Mixed Use Business,"A compact pedestrian oriented mixed use business district of regional office, light industrian, retail, service, civic and high density residential uses located in close proximity to each other. Minimum size of 25 acres per District.",PDMUB
501,PDMUB,2023,28,ZMAP-2008-0021,178,2010/07/12 04:00:00+00,PDMUB 1993,2021_0003,1902/01/01 05:00:00+00,1902/01/01 05:00:00+00,2023/12/13 22:48:33+00,32972.0619,9162535.144,501,Planned Development-Mixed Use Business,"A compact pedestrian oriented mixed use business district of regional office, light industrian, retail, service, civic and high density residential uses located in close proximity to each other. Minimum size of 25 acres per District.",PDMUB
502,GI,2023,NV,ZMAP-2009-0005,177,2010/04/20 04:00:00+00,GI 2023,2023_0027,1902/01/01 05:00:00+00,1902/01/01 05:00:00+00,2023/12/13 22:48:33+00,15732.45206,4328413.834,502,General Industry,District for industrial uses that are incompatible with residential uses due to the prevelance of outdoor storage and emissions of noise and odor. ,GI
503,OP,2023,,ZMAP-2006-0011,176,2010/05/04 04:00:00+00,OP 2023,2023_0027,1902/01/01 05:00:00+00,1902/01/01 05:00:00+00,2023/12/13 22:48:33+00,864.4480204,39318.00975,503,Office Park,"District for administrative, business and professional offices research and development, and supporting commercial and instibutional uses and facilities; support limited first floor retail.",OP
504,OP,2023,,ZMAP-2006-0011,176,2010/05/04 04:00:00+00,OP 2023,2023_0027,1902/01/01 05:00:00+00,1902/01/01 05:00:00+00,2023/12/13 22:48:33+00,3051.132522,252391.6246,504,Office Park,"District for administrative, business and professional offices research and development, and supporting commercial and instibutional uses and facilities; support limited first floor retail.",OP
505,IP,2023,,ZMAP-1989-0038, ,1991/07/02 04:00:00+00,IP 2023,2023_0027,1902/01/01 05:00:00+00,1902/01/01 05:00:00+00,2023/12/13 22:48:33+00,2952.115655,547640.4657,505,Industrial Park,"District for office, light production, flex space, and warehousing uses.  Support limited first floor retail or other accessory uses that serve predominate uses.",IP
506,IP,2023,NV, , ,1900/01/01 05:00:00+00,IP 2023,2023_0027,1902/01/01 05:00:00+00,1902/01/01 05:00:00+00,2023/12/13 22:48:33+00,14287.21438,1389047.949,506,Industrial Park,"District for office, light production, flex space, and warehousing uses.  Support limited first floor retail or other accessory uses that serve predominate uses.",IP
507,PDIP,1972,NV, , ,1900/01/01 05:00:00+00,PDIP  1972,2019_0027,1902/01/01 05:00:00+00,1902/01/01 05:00:00+00,2024/04/09 04:00:00+00,10027.97248,1069508.84,507,Planned Development-Industrial Park,Light and medium industrial uses with supporting accessory uses and facilities designed with a parklike environment. May be subject to a concept development plan.  It is only under the 1972 Ordinance.,PDIP
508,R1,2023,28, ,Z2001-0006,1900/01/01 05:00:00+00,R1  2023,2012_0003,1902/01/01 05:00:00+00,1902/01/01 05:00:00+00,2023/12/13 22:48:33+00,2730.669402,384069.7101,508,Single Family Residential-1,"Low-density single family detached development with a maximum density of 1 unit per 40,000 square feet; 1.2 unit per 40,000 square feet with ADU. Served by public water and sewer. Cluster and compact cluster options.",R1
509,R24,2023,NV,ZMAP-2006-0015,12,2007/12/04 05:00:00+00,R4  2023,2021_0018,1902/01/01 05:00:00+00,1902/01/01 05:00:00+00,2023/12/13 22:48:33+00,3280.357998,588368.8159,509,Multifamily Residential-24,"Multifamily residences at a maximum density of 24 dwelling units per acre, 28.8 dwelling units per acre with ADU. Served by public water and sewer. In areas designated for infill development.",R24
510,IP,2023,,ZMAP-2006-0011,176,2010/05/04 04:00:00+00,IP 2023,2023_0027,1902/01/01 05:00:00+00,1902/01/01 05:00:00+00,2023/12/13 22:48:33+00,2031.697195,221320.8189,510,Industrial Park,"District for office, light production, flex space, and warehousing uses.  Support limited first floor retail or other accessory uses that serve predominate uses.",IP
511,TOWNS,2023,NONE,NO VALUE,NO VALUE,1900/01/01 05:00:00+00,TOWNS 2023,2022_0020,1902/01/01 05:00:00+00,1902/01/01 05:00:00+00,2023/12/13 22:48:33+00,17191.75913,6163345.495,511,Incorporated Towns,Districts zoned by the incorporated town and administered by the town.,TOWNS
512,TOWNS,2023,NONE,NO VALUE,NO VALUE,1900/01/01 05:00:00+00,TOWNS 2023, ,1902/01/01 05:00:00+00,1902/01/01 05:00:00+00,2023/12/13 22:48:33+00,20866.47105,10307685.83,512,Incorporated Towns,Districts zoned by the incorporated town and administered by the town.,TOWNS
513,CLI,2023,NV,ZMAP-2012-0005,,2013/10/02 04:00:00+00,CLI  2023,ZMAP2012005,1902/01/01 05:00:00+00,1902/01/01 05:00:00+00,2023/12/13 22:48:33+00,634.0791089,17832.43035,513,Commercial/Light Industry,"Mix of similar and compatible light industrial uses and office uses and related supportive commercial, retail and service  uses on minimum one acre lots. Only along Route 50 from Fairfax/Loudoun County line west to Route 659.",CLI
514,OP,2023,NV,ZRTD-2009-0001,161,2009/07/28 04:00:00+00,OP 2023,2023_0027,1902/01/01 05:00:00+00,1902/01/01 05:00:00+00,2023/12/13 22:48:33+00,4472.920625,177254.38,514,Office Park,"District for administrative, business and professional offices research and development, and supporting commercial and instibutional uses and facilities; support limited first floor retail.",OP
515,IP,2023,28,ZRTD-2009-0003,175,2010/05/10 04:00:00+00,IP 2023,2023_0027,1902/01/01 05:00:00+00,1902/01/01 05:00:00+00,2023/12/13 22:48:33+00,3214.192198,607655.4526,515,Industrial Park,"District for office, light production, flex space, and warehousing uses.  Support limited first floor retail or other accessory uses that serve predominate uses.",IP
516,R1,2023,, ,162,1900/01/01 05:00:00+00,R1  2023,2012_0003,1902/01/01 05:00:00+00,1902/01/01 05:00:00+00,2023/12/13 22:48:33+00,1330.240602,50997.14499,516,Single Family Residential-1,"Low-density single family detached development with a maximum density of 1 unit per 40,000 square feet; 1.2 unit per 40,000 square feet with ADU. Served by public water and sewer. Cluster and compact cluster options.",R1
517,CCCC,2023,NV,ZMAP-2007-0011,160,2009/07/21 04:00:00+00,CCCC 2023,2023_0027,1902/01/01 05:00:00+00,1902/01/01 05:00:00+00,2023/12/13 22:48:33+00,3967.523291,587005.8026,517,Commercial Center - Community Center,"Serves retail shopping needs of surrounding community with 10 minutes drive. Minimum of 4 acres, maximum of 22 acres.",CCCC
518,IP,2023,28,ZRTD-2009-0002,167,2009/10/13 04:00:00+00,IP 2023,2023_0027,1902/01/01 05:00:00+00,1902/01/01 05:00:00+00,2023/12/13 22:48:33+00,1234.375764,95342.28732,518,Industrial Park,"District for office, light production, flex space, and warehousing uses.  Support limited first floor retail or other accessory uses that serve predominate uses.",IP
519,TOWNS,2023,NONE,NO VALUE,NO VALUE,1900/01/01 05:00:00+00,TOWNS 2023,2022_0028,1902/01/01 05:00:00+00,1902/01/01 05:00:00+00,2023/12/13 22:48:33+00,33201.94561,24913857.37,519,Incorporated Towns,Districts zoned by the incorporated town and administered by the town.,TOWNS
520,PDH4,2023,,ZMAP-2006-0011,176,2010/05/04 04:00:00+00,PDH4  2023,2012_0003,1902/01/01 05:00:00+00,1902/01/01 05:00:00+00,2023/12/13 22:48:33+00,4512.685817,690898.3261,520,Planned Development Housing-4,Mixed use residential communities including single family and multifamily housing products with supportive non-residential uses. Maximum overall residential density of 4 units per acre.,PDH4
521,PDH4,2023,,ZMAP-2002-0013,,2005/12/06 05:00:00+00,PDH4  2023,2012_0003,1902/01/01 05:00:00+00,1902/01/01 05:00:00+00,2023/12/13 22:48:33+00,10565.00783,4693805.079,521,Planned Development Housing-4,Mixed use residential communities including single family and multifamily housing products with supportive non-residential uses. Maximum overall residential density of 4 units per acre.,PDH4
522,CR2,2023,, , ,1900/01/01 05:00:00+00,CR2   2023,2012_0003,1902/01/01 05:00:00+00,1902/01/01 05:00:00+00,2023/12/13 22:48:33+00,11283.88042,1864898.596,522,Countryside Residential-2,"Residential development with a maximum density of 1 unit per 40,000 square feet with on-site well and wastewater. 1 unit per 20,000 square feet served by public water/sewer in cluster/complact cluster options.",CR2
523,TRC,2023,NV,ZMAP-2005-0041,135,2007/11/20 05:00:00+00,TRC 2023,2023_0027,1902/01/01 05:00:00+00,1902/01/01 05:00:00+00,2023/12/13 22:48:33+00,2792.714001,411240.9771,523,Transit Related Center,"District established to provide for a compatible mixture of commercial, cultural, institutional, governmental, recreational, and high-density housing uses in compact, pedestrian oriented, transit oriented developments and transit-designed supportive areas. Supports General Plan.",TRC
524,IP,2023,28,ZMAP-2008-0013,146,2009/03/03 05:00:00+00,IP 2023,2023_0027,1902/01/01 05:00:00+00,1902/01/01 05:00:00+00,2023/12/13 22:48:33+00,5085.012922,1441505.465,524,Industrial Park,"District for office, light production, flex space, and warehousing uses.  Support limited first floor retail or other accessory uses that serve predominate uses.",IP
525,R2,2023,,ZMAP-2008-0014,145,2009/06/02 04:00:00+00,R2  2023,2012_0003,1902/01/01 05:00:00+00,1902/01/01 05:00:00+00,2023/12/13 22:48:33+00,1428.315189,105954.2482,525,Single Family Residential-2,"Low to moderate density single family detached development with a maximum density of 1 unit per 20,000 square feet, 1.2 units per 20,000 square feet with ADU. Served by public water and sewer. Cluster, suburban, compact cluster, and traditional design options.",R2
526,GI,2023,, , ,1900/01/01 05:00:00+00,GI 2023,2023_0027,1902/01/01 05:00:00+00,1902/01/01 05:00:00+00,2023/12/13 22:48:33+00,3805.771394,636100.2896,526,General Industry,District for industrial uses that are incompatible with residential uses due to the prevelance of outdoor storage and emissions of noise and odor. ,GI
527,GI,2023,, , ,1900/01/01 05:00:00+00,GI 2023,2023_0027,1902/01/01 05:00:00+00,1902/01/01 05:00:00+00,2023/12/13 22:48:33+00,5591.236273,1140398.094,527,General Industry,District for industrial uses that are incompatible with residential uses due to the prevelance of outdoor storage and emissions of noise and odor. ,GI
528,R24,2023,,ZMAP-2008-0007,164,2009/09/01 04:00:00+00,R4  2023,2012_0003,1902/01/01 05:00:00+00,1902/01/01 05:00:00+00,2023/12/13 22:48:33+00,5457.47835,1039282.404,528,Multifamily Residential-24,"Multifamily residences at a maximum density of 24 dwelling units per acre, 28.8 dwelling units per acre with ADU. Served by public water and sewer. In areas designated for infill development.",R24
529,OP,2023,28,ZMAP-2008-0011,159,2009/07/21 04:00:00+00,OP 2023,2023_0027,1902/01/01 05:00:00+00,1902/01/01 05:00:00+00,2023/12/13 22:48:33+00,6188.356824,2110393.938,529,Office Park,"District for administrative, business and professional offices research and development, and supporting commercial and instibutional uses and facilities; support limited first floor retail.",OP
530,IP,2023,28, ,158,1900/01/01 05:00:00+00,IP 2023,2023_0027,1902/01/01 05:00:00+00,1902/01/01 05:00:00+00,2023/12/13 22:48:33+00,923.3890613,43498.78396,530,Industrial Park,"District for office, light production, flex space, and warehousing uses.  Support limited first floor retail or other accessory uses that serve predominate uses.",IP
531,CLI,2023,NV,ZMAP-2012-0005,,2013/10/02 04:00:00+00,CLI  2023,ZMAP2012005,1902/01/01 05:00:00+00,1902/01/01 05:00:00+00,2023/12/13 22:48:33+00,1197.576617,37907.32133,531,Commercial/Light Industry,"Mix of similar and compatible light industrial uses and office uses and related supportive commercial, retail and service  uses on minimum one acre lots. Only along Route 50 from Fairfax/Loudoun County line west to Route 659.",CLI
532,CCCC,2023,NV,ZMAP-2006-0024,134,2007/12/04 05:00:00+00,CCCC 2023,2023_0027,1902/01/01 05:00:00+00,1902/01/01 05:00:00+00,2023/12/13 22:48:33+00,4385.141571,428484.7506,532,Commercial Center - Community Center,"Serves retail shopping needs of surrounding community with 10 minutes drive. Minimum of 4 acres, maximum of 22 acres.",CCCC
533,PDRDP,2023,28,ZMAP-2008-0006, ,2008/11/03 05:00:00+00,PDRDP 2023,2012_0003,1902/01/01 05:00:00+00,1902/01/01 05:00:00+00,2023/12/13 22:48:33+00,16717.12489,3244866.294,533,Planned Development-Research and Development Park,"Planned mixed employment park a minimum of 20 acres in size & within the Rt 28 Tax District, subject to an adopted concept development plan, which allows the mixing of research and development firms, office complexes, certain types of manufacturing and interrelated land uses.",PDRDP
534,IP,2023,28,ZMAP-2008-0008, ,2009/03/09 04:00:00+00,IP 2023,2023_0027,1902/01/01 05:00:00+00,1902/01/01 05:00:00+00,2023/12/13 22:48:33+00,2265.032481,266150.6406,534,Industrial Park,"District for office, light production, flex space, and warehousing uses.  Support limited first floor retail or other accessory uses that serve predominate uses.",IP
535,PDIP,1972,28, ,NO VALUE,1900/01/01 05:00:00+00,PDIP  1972, ,1902/01/01 05:00:00+00,1902/01/01 05:00:00+00,2009/01/07 05:00:00+00,1134.1286,79062.39855,535,Planned Development-Industrial Park,Light and medium industrial uses with supporting accessory uses and facilities designed with a parklike environment. May be subject to a concept development plan.  It is only under the 1972 Ordinance.,PDIP
536,IP,2023,28,ZRTD-2021-0009,,2022/06/21 04:00:00+00,IP 2023,2023_0027,1902/01/01 05:00:00+00,1902/01/01 05:00:00+00,2023/12/13 22:48:33+00,2680.503962,436829.4886,536,Industrial Park,"District for office, light production, flex space, and warehousing uses.  Support limited first floor retail or other accessory uses that serve predominate uses.",IP
537,IP,2023,NV,ZMAP-2006-0025, ,2007/11/20 05:00:00+00,IP 2023,2023_0027,1902/01/01 05:00:00+00,1902/01/01 05:00:00+00,2023/12/13 22:48:33+00,2072.816418,266177.1195,537,Industrial Park,"District for office, light production, flex space, and warehousing uses.  Support limited first floor retail or other accessory uses that serve predominate uses.",IP
538,PDIP,1972,NV,,0,1900/01/01 05:00:00+00,PDIP  1972,2023_0007,1902/01/01 05:00:00+00,1902/01/01 05:00:00+00,2023/03/03 05:00:00+00,2366.946176,273936.6583,538,Planned Development-Industrial Park,Light and medium industrial uses with supporting accessory uses and facilities designed with a parklike environment. May be subject to a concept development plan.  It is only under the 1972 Ordinance.,PDIP
539,PDCCRC,2023,NV,ZMAP-2006-0015,130,2007/12/04 05:00:00+00,PDCCRC2023,2012_0003,1902/01/01 05:00:00+00,1902/01/01 05:00:00+00,2023/12/13 22:48:33+00,1.317186482,0.020985557,539,Planned Development-Commercial Center (Regional Center),"Large scale commercial centers which provide a wide range of retail, office, and service uses, with one or more anchor stores, to the regional market. Minimum of 60 acres with controlled access to arterial roads.",PDCCRC
540,IP,2023,,ZMAP-1997-0004, ,1998/07/15 04:00:00+00,IP 2023,2023_0027,1902/01/01 05:00:00+00,1902/01/01 05:00:00+00,2023/12/13 22:48:33+00,21.4443257,3.194841406,540,Industrial Park,"District for office, light production, flex space, and warehousing uses.  Support limited first floor retail or other accessory uses that serve predominate uses.",IP
541,AR2,2023,NV,ZMAP-2005-0042,,2006/12/05 05:00:00+00,AR2  2023,2015_0032,1902/01/01 05:00:00+00,1902/01/01 05:00:00+00,2023/12/13 22:48:33+00,422754.1376,2900032404,541,Agricultural Rural - 2,Rural business and residential uses: Base Density: 1.0 dwelling unit per 40 acres; Principal/Subordinate Subdivision: 1.0 dwelling unit per 20 acres; Cluster Subdivision: 1.0 dwelling unit per 15 acres,AR2
542,IP,2023,28,ZMAP-2008-0003,132,2008/06/09 04:00:00+00,IP 2023,2023_0027,1902/01/01 05:00:00+00,1902/01/01 05:00:00+00,2023/12/13 22:48:33+00,3048.622439,64002.65968,542,Industrial Park,"District for office, light production, flex space, and warehousing uses.  Support limited first floor retail or other accessory uses that serve predominate uses.",IP
543,R1,2023,NV, ,Z2001-0006,1900/01/01 05:00:00+00,R1  2023,2019_0019,1902/01/01 05:00:00+00,1902/01/01 05:00:00+00,2023/12/13 22:48:33+00,3022.431408,29339.39733,543,Single Family Residential-1,"Low-density single family detached development with a maximum density of 1 unit per 40,000 square feet; 1.2 unit per 40,000 square feet with ADU. Served by public water and sewer. Cluster and compact cluster options.",R1
544,R16,2023,,ZMAP-2006-0007,129,2007/12/04 05:00:00+00,R16  2023,2017_0054,1902/01/01 05:00:00+00,1902/01/01 05:00:00+00,2023/12/13 22:48:33+00,4233.130398,976314.412,544,Townhouse/Multifamily Residential-16,Single family attached/detached and multifamily residences at a maximum density of 16 units per acre; 19.2 units per acre with ADU. Served by public water and sewer. In areas designated for infill development. Traditional design option.,R16
545,R16,2023,,ZMAP-2006-0003,128,2007/12/04 05:00:00+00,R16  2023,2015_0016,1902/01/01 05:00:00+00,1902/01/01 05:00:00+00,2023/12/13 22:48:33+00,3423.620229,548741.7665,545,Townhouse/Multifamily Residential-16,Single family attached/detached and multifamily residences at a maximum density of 16 units per acre; 19.2 units per acre with ADU. Served by public water and sewer. In areas designated for infill development. Traditional design option.,R16
546,OP,2023,,ZMAP-2006-0007,129,2007/12/04 05:00:00+00,OP 2023,2023_0027,1902/01/01 05:00:00+00,1902/01/01 05:00:00+00,2023/12/13 22:48:33+00,9284.744258,3149946.567,546,Office Park,"District for administrative, business and professional offices research and development, and supporting commercial and instibutional uses and facilities; support limited first floor retail.",OP
547,PDH4,2023,NV,ZMAP-1993-0005,Z2000-0048,1995/11/16 05:00:00+00,PDH4  2023,2019_0001,1902/01/01 05:00:00+00,1902/01/01 05:00:00+00,2023/12/13 22:48:33+00,83493.55632,92884121.38,547,Planned Development Housing-4,Mixed use residential communities including single family and multifamily housing products with supportive non-residential uses. Maximum overall residential density of 4 units per acre.,PDH4
548,IP,2023,,ZMAP-1997-0004, ,1998/07/15 04:00:00+00,IP 2023,2023_0027,1902/01/01 05:00:00+00,1902/01/01 05:00:00+00,2023/12/13 22:48:33+00,91.85999955,71.56813533,548,Industrial Park,"District for office, light production, flex space, and warehousing uses.  Support limited first floor retail or other accessory uses that serve predominate uses.",IP
549,IP,2023,28, , ,1900/01/01 05:00:00+00,IP 2023,2023_0027,1902/01/01 05:00:00+00,1902/01/01 05:00:00+00,2023/12/13 22:48:33+00,1357.672979,80557.7681,549,Industrial Park,"District for office, light production, flex space, and warehousing uses.  Support limited first floor retail or other accessory uses that serve predominate uses.",IP
550,TR1UBF,2023,, , ,1900/01/01 05:00:00+00,TR1UBF2023,2022_0010,1902/01/01 05:00:00+00,1902/01/01 05:00:00+00,2023/12/13 22:48:33+00,78183.33739,162757829.2,550,Transitional Residential - 1 (Upper Broad Run and Upper Foley),"Sub-district of TR1. Residential with cluster (50% open space); 1.0 dwelling unit per 40,000 square feet, 1.2 dwelling units per 40,000 square feet with ADU",TR1UBF
551,CCCC,2023,,ZMAP-2004-0024,0,2007/10/16 04:00:00+00,CCCC 2023,2023_0027,1902/01/01 05:00:00+00,1902/01/01 05:00:00+00,2023/12/13 22:48:33+00,5352.627693,589640.8215,551,Commercial Center - Community Center,"Serves retail shopping needs of surrounding community with 10 minutes drive. Minimum of 4 acres, maximum of 22 acres.",CCCC
552,PDAAAR,2023,NV,ZMAP-2005-0043,112,2007/07/17 04:00:00+00,PDAAAR2023,2018_0028,1902/01/01 05:00:00+00,1902/01/01 05:00:00+00,2023/12/13 22:48:33+00,4956.843953,57566.21281,552,Planned Development-Active Adult/Age Restricted,"Planned adult residential communities 55 years or older. Max 30 dwelling units per acre, 36 dwelling units per acre with ADU, public sewer and water, and are served by one or more major arterial or collector roads. Consistent with locations designated for high-density urban residential development.",PDAAAR
553,PDH6,2023,28,ZMAP-2005-0038,123,2007/12/18 05:00:00+00,PDH6  2023,2012_0003,1902/01/01 05:00:00+00,1902/01/01 05:00:00+00,2023/12/13 22:48:33+00,4952.427731,1114453.842,553,Planned Development Housing-6,Mixed use residential communities including single family and multifamily housing products with supportive non-residential uses. Maximum overall residential density of 6 units per acre.,PDH6
554,GI,2023,, , ,1900/01/01 05:00:00+00,GI 2023,2023_0027,1902/01/01 05:00:00+00,1902/01/01 05:00:00+00,2023/12/13 22:48:33+00,858.7503579,26034.24032,554,General Industry,District for industrial uses that are incompatible with residential uses due to the prevelance of outdoor storage and emissions of noise and odor. ,GI
555,IP,2023,,ZMAP-2012-0017,11,2015/10/07 04:00:00+00,IP 2023,2023_0027,1902/01/01 05:00:00+00,1902/01/01 05:00:00+00,2023/12/13 22:48:33+00,7679.424663,2652779.532,555,Industrial Park,"District for office, light production, flex space, and warehousing uses.  Support limited first floor retail or other accessory uses that serve predominate uses.",IP
556,IP,2023,28,ZRTD-2016-0010,,2017/06/14 04:00:00+00,IP 2023,2023_0027,1902/01/01 05:00:00+00,1902/01/01 05:00:00+00,2023/12/13 22:48:33+00,2762.754652,435643.8119,556,Industrial Park,"District for office, light production, flex space, and warehousing uses.  Support limited first floor retail or other accessory uses that serve predominate uses.",IP
557,R16,2023,28,ZMAP-2005-0039,111,2007/06/19 04:00:00+00,R16  2023,2012_0003,1902/01/01 05:00:00+00,1902/01/01 05:00:00+00,2023/12/13 22:48:33+00,3767.877504,698833.0557,557,Townhouse/Multifamily Residential-16,Single family attached/detached and multifamily residences at a maximum density of 16 units per acre; 19.2 units per acre with ADU. Served by public water and sewer. In areas designated for infill development. Traditional design option.,R16
558,R1,2023,, , ,1900/01/01 05:00:00+00,R1  2023,2012_0003,1902/01/01 05:00:00+00,1902/01/01 05:00:00+00,2023/12/13 22:48:33+00,2780.573863,351939.8308,558,Single Family Residential-1,"Low-density single family detached development with a maximum density of 1 unit per 40,000 square feet; 1.2 unit per 40,000 square feet with ADU. Served by public water and sewer. Cluster and compact cluster options.",R1
559,PDH6,2023,,ZMAP-2005-0023,104,2007/05/15 04:00:00+00,PDH6  2023,2012_0003,1902/01/01 05:00:00+00,1902/01/01 05:00:00+00,2023/12/13 22:48:33+00,6915.014791,2765777.615,559,Planned Development Housing-6,Mixed use residential communities including single family and multifamily housing products with supportive non-residential uses. Maximum overall residential density of 6 units per acre.,PDH6
560,AR1,2023,,ZMAP-2006-0002, ,2006/12/05 05:00:00+00,AR1  2023,2012_0003,1902/01/01 05:00:00+00,1902/01/01 05:00:00+00,2023/12/13 22:48:33+00,2418.921834,238056.0257,560,Agricultural Rural - 1,Rural business and residential uses: Base Density: 1.0 dwelling unit per 20 acres; Principal/Subordinate Subdivision: 1.0 dwelling unit per 10 acres; Cluster Subdivision: 1.0 dwelling unit per 5 acres,AR1
561,PDH6,2023,,ZMAP-2003-0006, ,2005/02/15 05:00:00+00,PDH6  2023,2012_0003,1902/01/01 05:00:00+00,1902/01/01 05:00:00+00,2023/12/13 22:48:33+00,271.8231611,31.03058597,561,Planned Development Housing-6,Mixed use residential communities including single family and multifamily housing products with supportive non-residential uses. Maximum overall residential density of 6 units per acre.,PDH6
562,R1,2023,, , ,1900/01/01 05:00:00+00,R1  2023,2012_0003,1902/01/01 05:00:00+00,1902/01/01 05:00:00+00,2023/12/13 22:48:33+00,59684.16213,20623834.07,562,Single Family Residential-1,"Low-density single family detached development with a maximum density of 1 unit per 40,000 square feet; 1.2 unit per 40,000 square feet with ADU. Served by public water and sewer. Cluster and compact cluster options.",R1
563,R1,2023,, , ,1900/01/01 05:00:00+00,R1  2023,2012_0003,1902/01/01 05:00:00+00,1902/01/01 05:00:00+00,2023/12/13 22:48:33+00,768.8207358,128.972665,563,Single Family Residential-1,"Low-density single family detached development with a maximum density of 1 unit per 40,000 square feet; 1.2 unit per 40,000 square feet with ADU. Served by public water and sewer. Cluster and compact cluster options.",R1
564,IP,2023,,ZMAP-1994-0017, ,1995/11/19 05:00:00+00,IP 2023,2023_0027,1902/01/01 05:00:00+00,1902/01/01 05:00:00+00,2023/12/13 22:48:33+00,9598.728708,2314551.891,564,Industrial Park,"District for office, light production, flex space, and warehousing uses.  Support limited first floor retail or other accessory uses that serve predominate uses.",IP
565,JLMA1,2023,, , ,1900/01/01 05:00:00+00,JLMA1 2023,2017_0042,1902/01/01 05:00:00+00,1902/01/01 05:00:00+00,2023/12/13 22:48:33+00,1188.276642,83237.81801,565,Joint Land Management Area-1,"Appropriate mix of residential & non-residential uses with a variety of dwelling units & lot sizes; 1.0 dwelling unit per 40,000 square feet or 1.2 dwelling units per 40,000 square feet with ADU",JLMA1
566,JLMA1,2023,, , ,1900/01/01 05:00:00+00,JLMA1 2023,2017_0042,1902/01/01 05:00:00+00,1902/01/01 05:00:00+00,2023/12/13 22:48:33+00,964.4527659,30256.44259,566,Joint Land Management Area-1,"Appropriate mix of residential & non-residential uses with a variety of dwelling units & lot sizes; 1.0 dwelling unit per 40,000 square feet or 1.2 dwelling units per 40,000 square feet with ADU",JLMA1
567,JLMA1,2023,, , ,1900/01/01 05:00:00+00,JLMA1 2023,2012_0003,1902/01/01 05:00:00+00,1902/01/01 05:00:00+00,2023/12/13 22:48:33+00,1180.886245,44976.29843,567,Joint Land Management Area-1,"Appropriate mix of residential & non-residential uses with a variety of dwelling units & lot sizes; 1.0 dwelling unit per 40,000 square feet or 1.2 dwelling units per 40,000 square feet with ADU",JLMA1
568,GI,2023,, ,32,1900/01/01 05:00:00+00,GI 2023,2023_0027,1902/01/01 05:00:00+00,1902/01/01 05:00:00+00,2023/12/13 22:48:33+00,3071.141894,501583.73,568,General Industry,District for industrial uses that are incompatible with residential uses due to the prevelance of outdoor storage and emissions of noise and odor. ,GI
569,GI,2023,, , ,1900/01/01 05:00:00+00,GI 2023,2023_0027,1902/01/01 05:00:00+00,1902/01/01 05:00:00+00,2023/12/13 22:48:33+00,10328.48088,3640187.869,569,General Industry,District for industrial uses that are incompatible with residential uses due to the prevelance of outdoor storage and emissions of noise and odor. ,GI
570,GI,2023,28,ZMAP-2006-0009,0,2007/02/20 05:00:00+00,GI 2023,2023_0027,1902/01/01 05:00:00+00,1902/01/01 05:00:00+00,2023/12/13 22:48:33+00,1161.392503,82890.60969,570,General Industry,District for industrial uses that are incompatible with residential uses due to the prevelance of outdoor storage and emissions of noise and odor. ,GI
571,IP,2023,28,ZMAP-2006-0020,0,2007/02/20 05:00:00+00,IP 2023,2023_0027,1902/01/01 05:00:00+00,1902/01/01 05:00:00+00,2023/12/13 22:48:33+00,2276.823346,260709.3336,571,Industrial Park,"District for office, light production, flex space, and warehousing uses.  Support limited first floor retail or other accessory uses that serve predominate uses.",IP
572,CLI,2023,NV, , ,1900/01/01 05:00:00+00,CLI  2023,2022_0017,1902/01/01 05:00:00+00,1902/01/01 05:00:00+00,2024/05/16 04:00:00+00,26474.18863,11134238.72,572,Commercial/Light Industry,"Mix of similar and compatible light industrial uses and office uses and related supportive commercial, retail and service  uses on minimum one acre lots. Only along Route 50 from Fairfax/Loudoun County line west to Route 659.",CLI
573,GI,2023,, , ,1900/01/01 05:00:00+00,GI 2023,2023_0027,1902/01/01 05:00:00+00,1902/01/01 05:00:00+00,2023/12/13 22:48:33+00,4108.433189,949592.6355,573,General Industry,District for industrial uses that are incompatible with residential uses due to the prevelance of outdoor storage and emissions of noise and odor. ,GI
574,PDH4,2023,,ZMAP-2004-0019,,2006/10/17 04:00:00+00,PDH4  2023,2012_0003,1902/01/01 05:00:00+00,1902/01/01 05:00:00+00,2023/12/13 22:48:33+00,3488.306827,648689.7669,574,Planned Development Housing-4,Mixed use residential communities including single family and multifamily housing products with supportive non-residential uses. Maximum overall residential density of 4 units per acre.,PDH4
575,IP,2023,NV, , ,1900/01/01 05:00:00+00,IP 2023,2023_0027,1902/01/01 05:00:00+00,1902/01/01 05:00:00+00,2023/12/13 22:48:33+00,9110.482325,83520.98599,575,Industrial Park,"District for office, light production, flex space, and warehousing uses.  Support limited first floor retail or other accessory uses that serve predominate uses.",IP
576,R24,2023,,ZMAP-2006-0011,176,2010/05/04 04:00:00+00,R4  2023,2012_0003,1902/01/01 05:00:00+00,1902/01/01 05:00:00+00,2023/12/13 22:48:33+00,2560.191298,314908.8327,576,Multifamily Residential-24,"Multifamily residences at a maximum density of 24 dwelling units per acre, 28.8 dwelling units per acre with ADU. Served by public water and sewer. In areas designated for infill development.",R24
577,PDH4,2023,,ZMAP-2001-0004, ,2003/05/05 04:00:00+00,PDH4  2023,2022_0017,1902/01/01 05:00:00+00,1902/01/01 05:00:00+00,2023/12/13 22:48:33+00,12528.86246,5228096.256,577,Planned Development Housing-4,Mixed use residential communities including single family and multifamily housing products with supportive non-residential uses. Maximum overall residential density of 4 units per acre.,PDH4
578,CCSC,2023,,ZMAP-2004-0005,,2006/05/09 04:00:00+00,CCSC 2023,2022_0017,1902/01/01 05:00:00+00,1902/01/01 05:00:00+00,2023/12/13 22:48:33+00,3333.829809,196543.6204,578,Commercial Center - Small Regional Center,"Small regional centers to meet shopping needs of a communitymore than a 10 minute drive from the center. Minimum of 18 acres, maximum of 60 acres. Controlled access to a major collector.",CCSC
579,CR1,2023,, , ,1900/01/01 05:00:00+00,CR1  2023,2012_0003,1902/01/01 05:00:00+00,1902/01/01 05:00:00+00,2023/12/13 22:48:33+00,17896.40457,8943483.06,579,Countryside Residential-1,"Residential development with a maximum density of 1 unit per 40,000 square feet with on-site well and wastewater. 1 unit per 40,000 square feet served by public water/sewer in cluster/complact cluster options.",CR1
580,TR3LBR,2023,, , ,1900/01/01 05:00:00+00,TR3LBR2023,2012_0003,1902/01/01 05:00:00+00,1902/01/01 05:00:00+00,2023/12/13 22:48:33+00,4586.455724,1144372.278,580,Transitional Residential - 3 (Lower Bull Run),"Sub-district of TR3 with central utilities. Residential with cluster (70% open space); 1.0 dwelling unit per 3 acres, 1.2 dwelling unit per 3 acres with ADU",TR3LBR
581,TR3LBR,2023,, , ,1900/01/01 05:00:00+00,TR3LBR2023,2012_0003,1902/01/01 05:00:00+00,1902/01/01 05:00:00+00,2023/12/13 22:48:33+00,418.1800322,2384.075536,581,Transitional Residential - 3 (Lower Bull Run),"Sub-district of TR3 with central utilities. Residential with cluster (70% open space); 1.0 dwelling unit per 3 acres, 1.2 dwelling unit per 3 acres with ADU",TR3LBR
582,TR3LF,2023,NV, , ,1900/01/01 05:00:00+00,TR3LF 2023,2023_0020,1902/01/01 05:00:00+00,1902/01/01 05:00:00+00,2023/12/13 22:48:33+00,82920.28782,109118260.3,582,Transitional Residential - 3 (Lower Foley),"Sub-district of TR3 with central utilities. Residential with cluster (50% open space); 1.0 dwelling unit per 3 acres, 1.2 dwelling units per 3 acres with ADU",TR3LF
583,PDH4,2023,,ZMAP-2005-0006, ,2006/04/18 04:00:00+00,PDH4  2023,2012_0003,1902/01/01 05:00:00+00,1902/01/01 05:00:00+00,2023/12/13 22:48:33+00,1393.772019,108454.8961,583,Planned Development Housing-4,Mixed use residential communities including single family and multifamily housing products with supportive non-residential uses. Maximum overall residential density of 4 units per acre.,PDH4
584,CR1,2023,, , ,1900/01/01 05:00:00+00,CR1  2023,2012_0003,1902/01/01 05:00:00+00,1902/01/01 05:00:00+00,2023/12/13 22:48:33+00,823.8234359,40147.25336,584,Countryside Residential-1,"Residential development with a maximum density of 1 unit per 40,000 square feet with on-site well and wastewater. 1 unit per 40,000 square feet served by public water/sewer in cluster/complact cluster options.",CR1
585,CR2,2023,, , ,1900/01/01 05:00:00+00,CR2   2023,2012_0003,1902/01/01 05:00:00+00,1902/01/01 05:00:00+00,2023/12/13 22:48:33+00,3520.845957,515642.5873,585,Countryside Residential-2,"Residential development with a maximum density of 1 unit per 40,000 square feet with on-site well and wastewater. 1 unit per 20,000 square feet served by public water/sewer in cluster/complact cluster options.",CR2
586,RC,2023,, , ,1900/01/01 05:00:00+00,RC  2023,2012_0003,1902/01/01 05:00:00+00,1902/01/01 05:00:00+00,2023/12/13 22:48:33+00,9289.503433,1555003.48,586,Rural Commercial,Commercial properties predominantly located in rural Loudoun. Uses are compatible with scale and character of general open and rural character of Rural North & South Place Types.,RC
587,PDH3,2023,,ZMAP-2005-0001, ,2006/03/21 04:00:00+00,PDH3  2023,2020_0001,1902/01/01 05:00:00+00,1902/01/01 05:00:00+00,2023/12/13 22:48:33+00,26889.30233,20276382.92,587,Planned Development Housing-3,Mixed use residential communities including single family and multifamily housing products with supportive non-residential uses. Maximum overall residential density of 3 units per acre.,PDH3
588,PDH4,2023,,ZMAP-2004-0004,,2005/11/09 05:00:00+00,PDH4  2023,2012_0003,1902/01/01 05:00:00+00,1902/01/01 05:00:00+00,2023/12/13 22:48:33+00,8065.830138,2662696.071,588,Planned Development Housing-4,Mixed use residential communities including single family and multifamily housing products with supportive non-residential uses. Maximum overall residential density of 4 units per acre.,PDH4
589,CCSC,2023,,ZMAP-2003-0016,83,2005/11/09 05:00:00+00,CCSC 2023,2012_0003,1902/01/01 05:00:00+00,1902/01/01 05:00:00+00,2023/12/13 22:48:33+00,1356.425193,104171.3381,589,Commercial Center - Small Regional Center,"Small regional centers to meet shopping needs of a communitymore than a 10 minute drive from the center. Minimum of 18 acres, maximum of 60 acres. Controlled access to a major collector.",CCSC
590,TR1UBF,2023,,ZMAP-2002-0013,,2005/12/06 05:00:00+00,TR1UBF2023,2012_0003,1902/01/01 05:00:00+00,1902/01/01 05:00:00+00,2023/12/13 22:48:33+00,10008.1912,4323776.875,590,Transitional Residential - 1 (Upper Broad Run and Upper Foley),"Sub-district of TR1. Residential with cluster (50% open space); 1.0 dwelling unit per 40,000 square feet, 1.2 dwelling units per 40,000 square feet with ADU",TR1UBF
591,AR1,2023,,ZMAP-2005-0042, ,2006/12/05 05:00:00+00,AR1  2023,2012_0003,1902/01/01 05:00:00+00,1902/01/01 05:00:00+00,2023/12/13 22:48:33+00,3141.300024,442336.8081,591,Agricultural Rural - 1,Rural business and residential uses: Base Density: 1.0 dwelling unit per 20 acres; Principal/Subordinate Subdivision: 1.0 dwelling unit per 10 acres; Cluster Subdivision: 1.0 dwelling unit per 5 acres,AR1
592,IP,2023,,ZMAP-2005-0036, ,2005/11/09 05:00:00+00,IP 2023,2023_0027,1902/01/01 05:00:00+00,1902/01/01 05:00:00+00,2023/12/13 22:48:33+00,16883.92506,12661738.48,592,Industrial Park,"District for office, light production, flex space, and warehousing uses.  Support limited first floor retail or other accessory uses that serve predominate uses.",IP
593,IP,2023,28,ZMAP-2005-0037, ,2006/03/14 04:00:00+00,IP 2023,2023_0027,1902/01/01 05:00:00+00,1902/01/01 05:00:00+00,2023/12/13 22:48:33+00,3494.248313,588714.6348,593,Industrial Park,"District for office, light production, flex space, and warehousing uses.  Support limited first floor retail or other accessory uses that serve predominate uses.",IP
594,RC,2023,, , ,1900/01/01 05:00:00+00,RC  2023,2012_0003,1902/01/01 05:00:00+00,1902/01/01 05:00:00+00,2023/12/13 22:48:33+00,956.7575449,50629.57602,594,Rural Commercial,Commercial properties predominantly located in rural Loudoun. Uses are compatible with scale and character of general open and rural character of Rural North & South Place Types.,RC
595,PDH3,2023,,ZMAP-2002-0001, ,2005/12/06 05:00:00+00,PDH3  2023,2012_0003,1902/01/01 05:00:00+00,1902/01/01 05:00:00+00,2023/12/13 22:48:33+00,11226.18702,2820772.683,595,Planned Development Housing-3,Mixed use residential communities including single family and multifamily housing products with supportive non-residential uses. Maximum overall residential density of 3 units per acre.,PDH3
596,CR1,2023,, , ,1900/01/01 05:00:00+00,CR1  2023,2012_0003,1902/01/01 05:00:00+00,1902/01/01 05:00:00+00,2023/12/13 22:48:33+00,2768.950025,4823.113456,596,Countryside Residential-1,"Residential development with a maximum density of 1 unit per 40,000 square feet with on-site well and wastewater. 1 unit per 40,000 square feet served by public water/sewer in cluster/complact cluster options.",CR1
597,PDIP,1972,28,ZMAP-1986-0002, ,1986/09/15 04:00:00+00,PDIP  1972, ,1902/01/01 05:00:00+00,1902/01/01 05:00:00+00,1900/01/01 05:00:00+00,868.9158513,29717.31699,597,Planned Development-Industrial Park,Light and medium industrial uses with supporting accessory uses and facilities designed with a parklike environment. May be subject to a concept development plan.  It is only under the 1972 Ordinance.,PDIP
598,PDH4,2023,,ZMAP-2004-0013,,2005/11/15 05:00:00+00,PDH4  2023,2012_0003,1902/01/01 05:00:00+00,1902/01/01 05:00:00+00,2023/12/13 22:48:33+00,6417.269298,2530151.206,598,Planned Development Housing-4,Mixed use residential communities including single family and multifamily housing products with supportive non-residential uses. Maximum overall residential density of 4 units per acre.,PDH4
599,OP,2023,NV,ZMAP-2007-0003,121,2007/07/31 04:00:00+00,OP 2023,2023_0027,1902/01/01 05:00:00+00,1902/01/01 05:00:00+00,2023/12/13 22:48:33+00,4179.609371,729043.025,599,Office Park,"District for administrative, business and professional offices research and development, and supporting commercial and instibutional uses and facilities; support limited first floor retail.",OP
600,R16,2023,,ZMAP-2021-0023, ,2024/07/02 04:00:00+00,R16  2023,2024_0013,1902/01/01 05:00:00+00,1902/01/01 05:00:00+00,2024/07/08 04:00:00+00,4865.168559,599729.624,600,Townhouse/Multifamily Residential-16,Single family attached/detached and multifamily residences at a maximum density of 16 units per acre; 19.2 units per acre with ADU. Served by public water and sewer. In areas designated for infill development. Traditional design option.,R16
601,OP,2023,,ZMAP-2003-0006, ,2005/02/15 05:00:00+00,OP 2023,2023_0027,1902/01/01 05:00:00+00,1902/01/01 05:00:00+00,2023/12/13 22:48:33+00,4545.00891,555809.9719,601,Office Park,"District for administrative, business and professional offices research and development, and supporting commercial and instibutional uses and facilities; support limited first floor retail.",OP
602,CCCC,2023,,ZMAP-2003-0001, ,2004/05/04 04:00:00+00,CCCC 2023,2023_0027,1902/01/01 05:00:00+00,1902/01/01 05:00:00+00,2023/12/13 22:48:33+00,5180.11821,1068112.721,602,Commercial Center - Community Center,"Serves retail shopping needs of surrounding community with 10 minutes drive. Minimum of 4 acres, maximum of 22 acres.",CCCC
603,R16,2023,,ZMAP-2004-0020,,2006/02/21 05:00:00+00,R16  2023,2012_0003,1902/01/01 05:00:00+00,1902/01/01 05:00:00+00,2023/12/13 22:48:33+00,5341.753306,575275.0801,603,Townhouse/Multifamily Residential-16,Single family attached/detached and multifamily residences at a maximum density of 16 units per acre; 19.2 units per acre with ADU. Served by public water and sewer. In areas designated for infill development. Traditional design option.,R16
604,PDH4,2023,,ZMAP-2002-0003,,2005/10/11 04:00:00+00,PDH4  2023,2012_0003,1902/01/01 05:00:00+00,1902/01/01 05:00:00+00,2023/12/13 22:48:33+00,9785.590387,5369033.52,604,Planned Development Housing-4,Mixed use residential communities including single family and multifamily housing products with supportive non-residential uses. Maximum overall residential density of 4 units per acre.,PDH4
605,TC,2023,,ZMAP-2003-0006, ,2005/02/15 05:00:00+00,TC 2023,2023_0027,1902/01/01 05:00:00+00,1902/01/01 05:00:00+00,2023/12/13 22:48:33+00,7532.478904,2835718.935,605,Town Center,"A district established to provide for a compatible mixture of commercial, cultural, institutional, governmental, and residential uses in compact pedestrian oriented, traditional town centers, in areas consistent with the General Plan & serving as focal points for substantial residential areas.",TC
606,IP,2023,,ZMAP-2005-0036, ,2005/11/09 05:00:00+00,IP 2023,2023_0027,1902/01/01 05:00:00+00,1902/01/01 05:00:00+00,2023/12/13 22:48:33+00,6228.397456,2003438.608,606,Industrial Park,"District for office, light production, flex space, and warehousing uses.  Support limited first floor retail or other accessory uses that serve predominate uses.",IP
607,CCSC,2023,,ZMAP-2005-0002, ,2006/02/21 05:00:00+00,CCSC 2023,2019_0018,1902/01/01 05:00:00+00,1902/01/01 05:00:00+00,2023/12/13 22:48:33+00,4545.343242,1262745.107,607,Commercial Center - Small Regional Center,"Small regional centers to meet shopping needs of a communitymore than a 10 minute drive from the center. Minimum of 18 acres, maximum of 60 acres. Controlled access to a major collector.",CCSC
608,PDH6,2023,,ZMAP-2003-0006, ,2005/02/15 05:00:00+00,PDH6  2023,2012_0003,1902/01/01 05:00:00+00,1902/01/01 05:00:00+00,2023/12/13 22:48:33+00,7207.63733,1273920.963,608,Planned Development Housing-6,Mixed use residential communities including single family and multifamily housing products with supportive non-residential uses. Maximum overall residential density of 6 units per acre.,PDH6
609,R16,2023,,ZMAP-2002-0013, ,2005/12/06 05:00:00+00,R16  2023,2012_0003,1902/01/01 05:00:00+00,1902/01/01 05:00:00+00,2023/12/13 22:48:33+00,3723.447252,316027.5193,609,Townhouse/Multifamily Residential-16,Single family attached/detached and multifamily residences at a maximum density of 16 units per acre; 19.2 units per acre with ADU. Served by public water and sewer. In areas designated for infill development. Traditional design option.,R16
610,PDH4,2023,,ZMAP-2004-0018, ,2005/12/13 05:00:00+00,PDH4  2023,2012_0003,1902/01/01 05:00:00+00,1902/01/01 05:00:00+00,2023/12/13 22:48:33+00,3935.244052,579801.1939,610,Planned Development Housing-4,Mixed use residential communities including single family and multifamily housing products with supportive non-residential uses. Maximum overall residential density of 4 units per acre.,PDH4
611,PDH3,2023,,ZMAP-2002-0001, ,2005/12/06 05:00:00+00,PDH3  2023,2012_0003,1902/01/01 05:00:00+00,1902/01/01 05:00:00+00,2023/12/13 22:48:33+00,8771.227472,4642244.799,611,Planned Development Housing-3,Mixed use residential communities including single family and multifamily housing products with supportive non-residential uses. Maximum overall residential density of 3 units per acre.,PDH3
612,IP,2023,,ZMAP-2002-0013, ,2005/12/06 05:00:00+00,IP 2023,2023_0027,1902/01/01 05:00:00+00,1902/01/01 05:00:00+00,2023/12/13 22:48:33+00,2599.379214,407455.0652,612,Industrial Park,"District for office, light production, flex space, and warehousing uses.  Support limited first floor retail or other accessory uses that serve predominate uses.",IP
613,RC,2023,, , ,1900/01/01 05:00:00+00,RC  2023,2012_0003,1902/01/01 05:00:00+00,1902/01/01 05:00:00+00,2023/12/13 22:48:33+00,728.5972716,29584.59244,613,Rural Commercial,Commercial properties predominantly located in rural Loudoun. Uses are compatible with scale and character of general open and rural character of Rural North & South Place Types.,RC
614,IP,2023,28,ZRTD-2017-0009, ,2006/01/10 05:00:00+00,IP 2023,2023_0027,1902/01/01 05:00:00+00,1902/01/01 05:00:00+00,2023/12/13 22:48:33+00,3745.189444,887667.9389,614,Industrial Park,"District for office, light production, flex space, and warehousing uses.  Support limited first floor retail or other accessory uses that serve predominate uses.",IP
615,JLMA2,2023,, , ,1900/01/01 05:00:00+00,JLMA2 2023,2012_0003,1902/01/01 05:00:00+00,1902/01/01 05:00:00+00,2023/12/13 22:48:33+00,6706.112657,2445116.079,615,Joint Land Management Area-2,"Appropriate mix of residential & non-residential uses with a variety of dwelling units & lot sizes; 1.0 dwelling unit per 20,000 square feet or 1.2 dwelling units per 20,000 square feet with ADU",JLMA2
616,A3,2023,, , ,1900/01/01 05:00:00+00,A3   2023,2012_0003,1902/01/01 05:00:00+00,1902/01/01 05:00:00+00,2023/12/13 22:48:33+00,165.5938648,211.3906447,616,Agricultural/Residential,Agriculture and low density residential development with a maximum density of one unit per 3 acres with a predominantly agricultural character. Rural hamlet options.,A3
617,A3,2023,, , ,1900/01/01 05:00:00+00,A3   2023,2012_0003,1902/01/01 05:00:00+00,1902/01/01 05:00:00+00,2023/12/13 22:48:33+00,920.1024642,47455.37359,617,Agricultural/Residential,Agriculture and low density residential development with a maximum density of one unit per 3 acres with a predominantly agricultural character. Rural hamlet options.,A3
618,A3,2023,, , ,1900/01/01 05:00:00+00,A3   2023,2012_0003,1902/01/01 05:00:00+00,1902/01/01 05:00:00+00,2023/12/13 22:48:33+00,282.9949742,511.8924867,618,Agricultural/Residential,Agriculture and low density residential development with a maximum density of one unit per 3 acres with a predominantly agricultural character. Rural hamlet options.,A3
619,GI,2023,,ZMAP-2003-0010, ,2003/12/02 05:00:00+00,GI 2023,2023_0027,1902/01/01 05:00:00+00,1902/01/01 05:00:00+00,2023/12/13 22:48:33+00,1225.807309,94202.8377,619,General Industry,District for industrial uses that are incompatible with residential uses due to the prevelance of outdoor storage and emissions of noise and odor. ,GI
620,CR1,2023,, , ,1900/01/01 05:00:00+00,CR1  2023,2012_0003,1902/01/01 05:00:00+00,1902/01/01 05:00:00+00,2023/12/13 22:48:33+00,1477.244299,111875.2773,620,Countryside Residential-1,"Residential development with a maximum density of 1 unit per 40,000 square feet with on-site well and wastewater. 1 unit per 40,000 square feet served by public water/sewer in cluster/complact cluster options.",CR1
621,CR1,2023,, , ,1900/01/01 05:00:00+00,CR1  2023,2012_0003,1902/01/01 05:00:00+00,1902/01/01 05:00:00+00,2023/12/13 22:48:33+00,595.9155235,11144.54904,621,Countryside Residential-1,"Residential development with a maximum density of 1 unit per 40,000 square feet with on-site well and wastewater. 1 unit per 40,000 square feet served by public water/sewer in cluster/complact cluster options.",CR1
622,CR1,2023,, , ,1900/01/01 05:00:00+00,CR1  2023,2012_0003,1902/01/01 05:00:00+00,1902/01/01 05:00:00+00,2023/12/13 22:48:33+00,4811.159894,821445.4545,622,Countryside Residential-1,"Residential development with a maximum density of 1 unit per 40,000 square feet with on-site well and wastewater. 1 unit per 40,000 square feet served by public water/sewer in cluster/complact cluster options.",CR1
623,A3,2023,, , ,1900/01/01 05:00:00+00,A3   2023,2012_0003,1902/01/01 05:00:00+00,1902/01/01 05:00:00+00,2023/12/13 22:48:33+00,14190.13249,5037234.623,623,Agricultural/Residential,Agriculture and low density residential development with a maximum density of one unit per 3 acres with a predominantly agricultural character. Rural hamlet options.,A3
624,A3,2023,, , ,1900/01/01 05:00:00+00,A3   2023,2012_0003,1902/01/01 05:00:00+00,1902/01/01 05:00:00+00,2023/12/13 22:48:33+00,199.9272033,52.07488107,624,Agricultural/Residential,Agriculture and low density residential development with a maximum density of one unit per 3 acres with a predominantly agricultural character. Rural hamlet options.,A3
625,PDAAAR,2023,,ZMAP-2005-0026,,2006/12/19 05:00:00+00,PDAAAR2023,2017_0010,1902/01/01 05:00:00+00,1902/01/01 05:00:00+00,2023/12/13 22:48:33+00,11824.19601,5380285.661,625,Planned Development-Active Adult/Age Restricted,"Planned adult residential communities 55 years or older. Max 30 dwelling units per acre, 36 dwelling units per acre with ADU, public sewer and water, and are served by one or more major arterial or collector roads. Consistent with locations designated for high-density urban residential development.",PDAAAR
626,R16,2023,,ZMAP-1995-0009, ,1996/12/18 05:00:00+00,R16  2023,2012_0003,1902/01/01 05:00:00+00,1902/01/01 05:00:00+00,2023/12/13 22:48:33+00,2475.10826,276635.7887,626,Townhouse/Multifamily Residential-16,Single family attached/detached and multifamily residences at a maximum density of 16 units per acre; 19.2 units per acre with ADU. Served by public water and sewer. In areas designated for infill development. Traditional design option.,R16
627,GB,2023,, , ,1900/01/01 05:00:00+00,GB  2023,2012_0003,1902/01/01 05:00:00+00,1902/01/01 05:00:00+00,2023/12/13 22:48:33+00,7602.227717,2439586.112,627,General Business,General destination retail and service businesses that serve the needs of residents and businesses in the vicinity,GB
628,GI,2023,,ZMAP-1991-0005,Z2000-0056,1993/03/03 05:00:00+00,GI 2023,2023_0027,1902/01/01 05:00:00+00,1902/01/01 05:00:00+00,2023/12/13 22:48:33+00,3565.309143,278372.5382,628,General Industry,District for industrial uses that are incompatible with residential uses due to the prevelance of outdoor storage and emissions of noise and odor. ,GI
629,A3,2023,, , ,1900/01/01 05:00:00+00,A3   2023,2012_0003,1902/01/01 05:00:00+00,1902/01/01 05:00:00+00,2023/12/13 22:48:33+00,1160.465499,28719.20204,629,Agricultural/Residential,Agriculture and low density residential development with a maximum density of one unit per 3 acres with a predominantly agricultural character. Rural hamlet options.,A3
630,CR1,2023,, , ,1900/01/01 05:00:00+00,CR1  2023,2012_0003,1902/01/01 05:00:00+00,1902/01/01 05:00:00+00,2023/12/13 22:48:33+00,1539.730022,126438.6106,630,Countryside Residential-1,"Residential development with a maximum density of 1 unit per 40,000 square feet with on-site well and wastewater. 1 unit per 40,000 square feet served by public water/sewer in cluster/complact cluster options.",CR1
631,A3,2023,, , ,1900/01/01 05:00:00+00,A3   2023,2012_0003,1902/01/01 05:00:00+00,1902/01/01 05:00:00+00,2023/12/13 22:48:33+00,18695.02862,13875449.91,631,Agricultural/Residential,Agriculture and low density residential development with a maximum density of one unit per 3 acres with a predominantly agricultural character. Rural hamlet options.,A3
632,PDH4,2023,,ZMAP-2004-0008, ,2005/07/12 04:00:00+00,PDH4  2023,2012_0003,1902/01/01 05:00:00+00,1902/01/01 05:00:00+00,2023/12/13 22:48:33+00,4492.496301,974194.1859,632,Planned Development Housing-4,Mixed use residential communities including single family and multifamily housing products with supportive non-residential uses. Maximum overall residential density of 4 units per acre.,PDH4
633,PDSA,2023,NONE,ZMAP-2012-0016, ,2013/04/03 04:00:00+00,PDSA  2023,2013_0004,1902/01/01 05:00:00+00,1902/01/01 05:00:00+00,2023/12/13 22:48:33+00,5387.677753,420054.1006,633,Planned Development-Special Activity,"A district established to accommodate uses which require sizable land area that may require functional separation from normal residential, commercial, or industrial development (e.g. airports, zoos, stadiums, etc.).",PDSA
634,CR1,2023,NONE, , ,1900/01/01 05:00:00+00,CR1  2023,2022_0030,1902/01/01 05:00:00+00,1902/01/01 05:00:00+00,2024/07/08 04:00:00+00,10989.70299,2560609.695,634,Countryside Residential-1,"Residential development with a maximum density of 1 unit per 40,000 square feet with on-site well and wastewater. 1 unit per 40,000 square feet served by public water/sewer in cluster/complact cluster options.",CR1
635,CLI,2023,, , ,1900/01/01 05:00:00+00,CLI  2023,2012_0003,1902/01/01 05:00:00+00,1902/01/01 05:00:00+00,2023/12/13 22:48:33+00,885.4419643,47273.23191,635,Commercial/Light Industry,"Mix of similar and compatible light industrial uses and office uses and related supportive commercial, retail and service  uses on minimum one acre lots. Only along Route 50 from Fairfax/Loudoun County line west to Route 659.",CLI
636,PDH4,2023,,ZMAP-2003-0002, ,2004/06/01 04:00:00+00,PDH4  2023,2012_0003,1902/01/01 05:00:00+00,1902/01/01 05:00:00+00,2023/12/13 22:48:33+00,4994.673426,1498556.073,636,Planned Development Housing-4,Mixed use residential communities including single family and multifamily housing products with supportive non-residential uses. Maximum overall residential density of 4 units per acre.,PDH4
637,PDH4,2023,,ZMAP-2003-0012, ,2005/06/21 04:00:00+00,PDH4  2023,2012_0003,1902/01/01 05:00:00+00,1902/01/01 05:00:00+00,2023/12/13 22:48:33+00,8920.649613,2730117.531,637,Planned Development Housing-4,Mixed use residential communities including single family and multifamily housing products with supportive non-residential uses. Maximum overall residential density of 4 units per acre.,PDH4
638,PDH4,2023,,ZMAP-2001-0010, ,2004/05/18 04:00:00+00,PDH4  2023,2012_0003,1902/01/01 05:00:00+00,1902/01/01 05:00:00+00,2023/12/13 22:48:33+00,23265.5789,8532235.542,638,Planned Development Housing-4,Mixed use residential communities including single family and multifamily housing products with supportive non-residential uses. Maximum overall residential density of 4 units per acre.,PDH4
639,CR1,2023,, , ,1900/01/01 05:00:00+00,CR1  2023,2012_0003,1902/01/01 05:00:00+00,1902/01/01 05:00:00+00,2023/12/13 22:48:33+00,7974.672978,3607303.844,639,Countryside Residential-1,"Residential development with a maximum density of 1 unit per 40,000 square feet with on-site well and wastewater. 1 unit per 40,000 square feet served by public water/sewer in cluster/complact cluster options.",CR1
640,PDH4,2023,,ZMAP-2003-0004, ,2004/11/16 05:00:00+00,PDH4  2023,2012_0003,1902/01/01 05:00:00+00,1902/01/01 05:00:00+00,2023/12/13 22:48:33+00,6633.82134,2299845.11,640,Planned Development Housing-4,Mixed use residential communities including single family and multifamily housing products with supportive non-residential uses. Maximum overall residential density of 4 units per acre.,PDH4
641,GI,2023,, , ,1900/01/01 05:00:00+00,GI 2023,2023_0027,1902/01/01 05:00:00+00,1902/01/01 05:00:00+00,2023/12/13 22:48:33+00,4816.282121,870271.5576,641,General Industry,District for industrial uses that are incompatible with residential uses due to the prevelance of outdoor storage and emissions of noise and odor. ,GI
642,R16,2023,,ZMAP-1994-0017, ,1995/11/19 05:00:00+00,R16  2023,2012_0003,1902/01/01 05:00:00+00,1902/01/01 05:00:00+00,2023/12/13 22:48:33+00,3494.798393,619199.8942,642,Townhouse/Multifamily Residential-16,Single family attached/detached and multifamily residences at a maximum density of 16 units per acre; 19.2 units per acre with ADU. Served by public water and sewer. In areas designated for infill development. Traditional design option.,R16
643,IP,2023,, , ,1900/01/01 05:00:00+00,IP 2023,2023_0027,1902/01/01 05:00:00+00,1902/01/01 05:00:00+00,2023/12/13 22:48:33+00,8981.885721,882128.3643,643,Industrial Park,"District for office, light production, flex space, and warehousing uses.  Support limited first floor retail or other accessory uses that serve predominate uses.",IP
644,PDH4,2023,,ZMAP-1994-0017, ,1995/11/19 05:00:00+00,PDH4  2023,2012_0003,1902/01/01 05:00:00+00,1902/01/01 05:00:00+00,2023/12/13 22:48:33+00,20548.0409,18166824.74,644,Planned Development Housing-4,Mixed use residential communities including single family and multifamily housing products with supportive non-residential uses. Maximum overall residential density of 4 units per acre.,PDH4
645,A3,2023,, , ,1900/01/01 05:00:00+00,A3   2023,2019_0017,1902/01/01 05:00:00+00,1902/01/01 05:00:00+00,2023/12/13 22:48:33+00,19244.59525,18712538.76,645,Agricultural/Residential,Agriculture and low density residential development with a maximum density of one unit per 3 acres with a predominantly agricultural character. Rural hamlet options.,A3
646,OP,2023,,ZMAP-1999-0009, ,2000/09/05 04:00:00+00,OP 2023,2023_0027,1902/01/01 05:00:00+00,1902/01/01 05:00:00+00,2023/12/13 22:48:33+00,4030.576961,957789.5175,646,Office Park,"District for administrative, business and professional offices research and development, and supporting commercial and instibutional uses and facilities; support limited first floor retail.",OP
647,PDH3,2023,,ZMAP-2005-0013,,2006/09/05 04:00:00+00,PDH3  2023,2022_0014,1902/01/01 05:00:00+00,1902/01/01 05:00:00+00,2023/12/13 22:48:33+00,18600.16355,10581520.22,647,Planned Development Housing-3,Mixed use residential communities including single family and multifamily housing products with supportive non-residential uses. Maximum overall residential density of 3 units per acre.,PDH3
648,MRHI,2023,, , ,1900/01/01 05:00:00+00,MRHI  2023,2023_0014,1902/01/01 05:00:00+00,1902/01/01 05:00:00+00,2024/03/26 04:00:00+00,39154.20993,17131266.87,648,Mineral Resource/Heavy Industry,Diabase resource extraction operations (quarries) co-located with compatible heavy industrial uses. Specific use limitations for stone quarry operations. Also recognized for future beneficial uses consistent with the General Plan.,MRHI
649,IP,2023,28,ZRTD-2015-0006, ,2015/10/07 04:00:00+00,IP 2023,2023_0027,1902/01/01 05:00:00+00,1902/01/01 05:00:00+00,2023/12/13 22:48:33+00,1906.14516,241287.2775,649,Industrial Park,"District for office, light production, flex space, and warehousing uses.  Support limited first floor retail or other accessory uses that serve predominate uses.",IP
650,R4,2023,,ZMAP-1987-0330, ,1988/12/19 05:00:00+00,R4  2023,2012_0003,1902/01/01 05:00:00+00,1902/01/01 05:00:00+00,2023/12/13 22:48:33+00,4755.659796,1279053.641,650,Single Family Residential-4,"Moderate density single family detached development with a maximum density of 1 unit per 10,000 square feet, 4.8 units per acre with ADU. Served by public water and sewer. Cluster, suburban, and traditional design and compact cluster options.",R4
651,CCCC,2023,NV,ZMAP-2003-0008, ,2005/07/19 04:00:00+00,CCCC 2023,2023_0027,1902/01/01 05:00:00+00,1902/01/01 05:00:00+00,2023/12/13 22:48:33+00,5323.639215,966596.5035,651,Commercial Center - Community Center,"Serves retail shopping needs of surrounding community with 10 minutes drive. Minimum of 4 acres, maximum of 22 acres.",CCCC
652,PDIP,1972,28, , ,1900/01/01 05:00:00+00,PDIP  1972, ,1902/01/01 05:00:00+00,1902/01/01 05:00:00+00,1900/01/01 05:00:00+00,2709.198093,367014.5873,652,Planned Development-Industrial Park,Light and medium industrial uses with supporting accessory uses and facilities designed with a parklike environment. May be subject to a concept development plan.  It is only under the 1972 Ordinance.,PDIP
653,IP,2023,28, , ,1900/01/01 05:00:00+00,IP 2023,2023_0027,1902/01/01 05:00:00+00,1902/01/01 05:00:00+00,2023/12/13 22:48:33+00,1459.541337,132264.7421,653,Industrial Park,"District for office, light production, flex space, and warehousing uses.  Support limited first floor retail or other accessory uses that serve predominate uses.",IP
654,PDH4,2023,,ZMAP-2002-0023, ,2004/10/05 04:00:00+00,PDH4  2023,2012_0003,1902/01/01 05:00:00+00,1902/01/01 05:00:00+00,2023/12/13 22:48:33+00,4217.184557,976708.6243,654,Planned Development Housing-4,Mixed use residential communities including single family and multifamily housing products with supportive non-residential uses. Maximum overall residential density of 4 units per acre.,PDH4
655,R4,2023,,ZMAP-1986-0032, ,1988/11/21 05:00:00+00,R4  2023,2012_0003,1902/01/01 05:00:00+00,1902/01/01 05:00:00+00,2023/12/13 22:48:33+00,3905.485548,821861.2251,655,Single Family Residential-4,"Moderate density single family detached development with a maximum density of 1 unit per 10,000 square feet, 4.8 units per acre with ADU. Served by public water and sewer. Cluster, suburban, and traditional design and compact cluster options.",R4
656,IP,2023,, , ,1900/01/01 05:00:00+00,IP 2023,2023_0027,1902/01/01 05:00:00+00,1902/01/01 05:00:00+00,2023/12/13 22:48:33+00,9788.593088,3299815.501,656,Industrial Park,"District for office, light production, flex space, and warehousing uses.  Support limited first floor retail or other accessory uses that serve predominate uses.",IP
657,R4,2023,,ZMAP-1988-0280, ,1989/07/18 04:00:00+00,R4  2023,2012_0003,1902/01/01 05:00:00+00,1902/01/01 05:00:00+00,2023/12/13 22:48:33+00,4489.133244,1233842.205,657,Single Family Residential-4,"Moderate density single family detached development with a maximum density of 1 unit per 10,000 square feet, 4.8 units per acre with ADU. Served by public water and sewer. Cluster, suburban, and traditional design and compact cluster options.",R4
658,R24,2023,,ZMAP-2003-0008, ,2005/07/19 04:00:00+00,R4  2023,2012_0003,1902/01/01 05:00:00+00,1902/01/01 05:00:00+00,2023/12/13 22:48:33+00,3924.002807,266597.6928,658,Multifamily Residential-24,"Multifamily residences at a maximum density of 24 dwelling units per acre, 28.8 dwelling units per acre with ADU. Served by public water and sewer. In areas designated for infill development.",R24
659,R1,2023,, , ,1900/01/01 05:00:00+00,R1  2023,2012_0003,1902/01/01 05:00:00+00,1902/01/01 05:00:00+00,2023/12/13 22:48:33+00,4819.224678,811627.5515,659,Single Family Residential-1,"Low-density single family detached development with a maximum density of 1 unit per 40,000 square feet; 1.2 unit per 40,000 square feet with ADU. Served by public water and sewer. Cluster and compact cluster options.",R1
660,R24,2023,,ZMAP-2003-0008, ,2005/07/19 04:00:00+00,R4  2023,2012_0003,1902/01/01 05:00:00+00,1902/01/01 05:00:00+00,2023/12/13 22:48:33+00,3545.484731,526022.2661,660,Multifamily Residential-24,"Multifamily residences at a maximum density of 24 dwelling units per acre, 28.8 dwelling units per acre with ADU. Served by public water and sewer. In areas designated for infill development.",R24
661,CR1,2023,, , ,1900/01/01 05:00:00+00,CR1  2023,2012_0003,1902/01/01 05:00:00+00,1902/01/01 05:00:00+00,2023/12/13 22:48:33+00,9036.067488,1635572.819,661,Countryside Residential-1,"Residential development with a maximum density of 1 unit per 40,000 square feet with on-site well and wastewater. 1 unit per 40,000 square feet served by public water/sewer in cluster/complact cluster options.",CR1
662,GI,2023,, ,,1900/01/01 05:00:00+00,GI 2023,2023_0027,1902/01/01 05:00:00+00,1902/01/01 05:00:00+00,2023/12/13 22:48:33+00,9408.397399,4255597.259,662,General Industry,District for industrial uses that are incompatible with residential uses due to the prevelance of outdoor storage and emissions of noise and odor. ,GI
663,IP,2023,,ZMAP-2003-0008, ,2005/07/19 04:00:00+00,IP 2023,2023_0027,1902/01/01 05:00:00+00,1902/01/01 05:00:00+00,2023/12/13 22:48:33+00,3627.454411,660401.3812,663,Industrial Park,"District for office, light production, flex space, and warehousing uses.  Support limited first floor retail or other accessory uses that serve predominate uses.",IP
664,R16,2023,,ZMAP-2003-0008, ,2005/07/19 04:00:00+00,R16  2023,2012_0003,1902/01/01 05:00:00+00,1902/01/01 05:00:00+00,2023/12/13 22:48:33+00,8685.671478,1101550.978,664,Townhouse/Multifamily Residential-16,Single family attached/detached and multifamily residences at a maximum density of 16 units per acre; 19.2 units per acre with ADU. Served by public water and sewer. In areas designated for infill development. Traditional design option.,R16
665,OP,2023,,ZMAP-1990-0013,Z2000-0024,1997/04/02 04:00:00+00,OP 2023,2023_0027,1902/01/01 05:00:00+00,1902/01/01 05:00:00+00,2023/12/13 22:48:33+00,6600.968891,1049311.477,665,Office Park,"District for administrative, business and professional offices research and development, and supporting commercial and instibutional uses and facilities; support limited first floor retail.",OP
666,RC,2023,, , ,1900/01/01 05:00:00+00,RC  2023,2012_0003,1902/01/01 05:00:00+00,1902/01/01 05:00:00+00,2023/12/13 22:48:33+00,1529.268959,116675.4114,666,Rural Commercial,Commercial properties predominantly located in rural Loudoun. Uses are compatible with scale and character of general open and rural character of Rural North & South Place Types.,RC
667,CR1,2023,, , ,1900/01/01 05:00:00+00,CR1  2023,2012_0003,1902/01/01 05:00:00+00,1902/01/01 05:00:00+00,2023/12/13 22:48:33+00,3545.159356,568655.716,667,Countryside Residential-1,"Residential development with a maximum density of 1 unit per 40,000 square feet with on-site well and wastewater. 1 unit per 40,000 square feet served by public water/sewer in cluster/complact cluster options.",CR1
668,PDH3,2023,,ZMAP-1986-0047, ,1988/05/16 04:00:00+00,PDH3  2023,2012_0003,1902/01/01 05:00:00+00,1902/01/01 05:00:00+00,2023/12/13 22:48:33+00,13982.25462,11474470.08,668,Planned Development Housing-3,Mixed use residential communities including single family and multifamily housing products with supportive non-residential uses. Maximum overall residential density of 3 units per acre.,PDH3
669,OP,2023,,ZMAP-1986-0041, ,1987/04/20 04:00:00+00,OP 2023,2023_0027,1902/01/01 05:00:00+00,1902/01/01 05:00:00+00,2023/12/13 22:48:33+00,2281.967118,278990.6308,669,Office Park,"District for administrative, business and professional offices research and development, and supporting commercial and instibutional uses and facilities; support limited first floor retail.",OP
670,IP,2023,, , ,1900/01/01 05:00:00+00,IP 2023,2023_0027,1902/01/01 05:00:00+00,1902/01/01 05:00:00+00,2024/04/16 04:00:00+00,10603.08083,2435082.563,670,Industrial Park,"District for office, light production, flex space, and warehousing uses.  Support limited first floor retail or other accessory uses that serve predominate uses.",IP
671,GI,2023,,ZMAP-1986-0012, ,1987/09/21 04:00:00+00,GI 2023,2023_0027,1902/01/01 05:00:00+00,1902/01/01 05:00:00+00,2023/12/13 22:48:33+00,10700.44049,4823795.096,671,General Industry,District for industrial uses that are incompatible with residential uses due to the prevelance of outdoor storage and emissions of noise and odor. ,GI
672,TR3LBR,2023,NV, ,,1900/01/01 05:00:00+00,TR3LBR2023,2022_0014,1902/01/01 05:00:00+00,1902/01/01 05:00:00+00,2023/12/13 22:48:33+00,73063.58072,54164433.5,672,Transitional Residential - 3 (Lower Bull Run),"Sub-district of TR3 with central utilities. Residential with cluster (70% open space); 1.0 dwelling unit per 3 acres, 1.2 dwelling unit per 3 acres with ADU",TR3LBR
673,PDRDP,2023,,ZMAP-1986-0054, ,1989/03/06 05:00:00+00,PDRDP 2023,2012_0003,1902/01/01 05:00:00+00,1902/01/01 05:00:00+00,2023/12/13 22:48:33+00,14557.83051,12604442.47,673,Planned Development-Research and Development Park,"Planned mixed employment park a minimum of 20 acres in size & within the Rt 28 Tax District, subject to an adopted concept development plan, which allows the mixing of research and development firms, office complexes, certain types of manufacturing and interrelated land uses.",PDRDP
674,PDH3,2023,,ZMAP-1994-0001,Z2001-0001,1995/08/02 04:00:00+00,PDH3  2023,2012_0003,1902/01/01 05:00:00+00,1902/01/01 05:00:00+00,2023/12/13 22:48:33+00,7859.793075,2684065.468,674,Planned Development Housing-3,Mixed use residential communities including single family and multifamily housing products with supportive non-residential uses. Maximum overall residential density of 3 units per acre.,PDH3
675,OP,2023,,ZMAP-1994-0001,Z2001-0001,1995/08/02 04:00:00+00,OP 2023,2023_0027,1902/01/01 05:00:00+00,1902/01/01 05:00:00+00,2023/12/13 22:48:33+00,6382.745448,1708072.853,675,Office Park,"District for administrative, business and professional offices research and development, and supporting commercial and instibutional uses and facilities; support limited first floor retail.",OP
676,IP,2023,28,ZMAP-2007-0009, ,2008/12/08 05:00:00+00,IP 2023,2023_0027,1902/01/01 05:00:00+00,1902/01/01 05:00:00+00,2023/12/13 22:48:33+00,2321.836961,301039.7055,676,Industrial Park,"District for office, light production, flex space, and warehousing uses.  Support limited first floor retail or other accessory uses that serve predominate uses.",IP
677,PDAAAR,2023,,ZMAP-1994-0001,Z2001-0001,1995/08/02 04:00:00+00,PDAAAR2023,2012_0003,1902/01/01 05:00:00+00,1902/01/01 05:00:00+00,2023/12/13 22:48:33+00,12141.33615,3832811.762,677,Planned Development-Active Adult/Age Restricted,"Planned adult residential communities 55 years or older. Max 30 dwelling units per acre, 36 dwelling units per acre with ADU, public sewer and water, and are served by one or more major arterial or collector roads. Consistent with locations designated for high-density urban residential development.",PDAAAR
678,OP,2023,, , ,1900/01/01 05:00:00+00,OP 2023,2023_0027,1902/01/01 05:00:00+00,1902/01/01 05:00:00+00,2023/12/13 22:48:33+00,8107.443716,3129805.071,678,Office Park,"District for administrative, business and professional offices research and development, and supporting commercial and instibutional uses and facilities; support limited first floor retail.",OP
679,CCSC,2023,,ZMAP-1995-0010,Z2000-0024,1997/04/02 04:00:00+00,CCSC 2023,2012_0003,1902/01/01 05:00:00+00,1902/01/01 05:00:00+00,2023/12/13 22:48:33+00,6864.081217,1421962.194,679,Commercial Center - Small Regional Center,"Small regional centers to meet shopping needs of a communitymore than a 10 minute drive from the center. Minimum of 18 acres, maximum of 60 acres. Controlled access to a major collector.",CCSC
680,RC,2023,,ZMAP-2004-0012, ,2005/01/04 05:00:00+00,RC  2023,2012_0003,1902/01/01 05:00:00+00,1902/01/01 05:00:00+00,2023/12/13 22:48:33+00,737.9817915,25366.54676,680,Rural Commercial,Commercial properties predominantly located in rural Loudoun. Uses are compatible with scale and character of general open and rural character of Rural North & South Place Types.,RC
681,R16,2023,,ZMAP-1999-0021, ,2001/01/16 05:00:00+00,R16  2023,2012_0003,1902/01/01 05:00:00+00,1902/01/01 05:00:00+00,2023/12/13 22:48:33+00,4175.10221,979129.4341,681,Townhouse/Multifamily Residential-16,Single family attached/detached and multifamily residences at a maximum density of 16 units per acre; 19.2 units per acre with ADU. Served by public water and sewer. In areas designated for infill development. Traditional design option.,R16
682,CR1,2023,, ,Z2000-0046,1900/01/01 05:00:00+00,CR1  2023,2012_0003,1902/01/01 05:00:00+00,1902/01/01 05:00:00+00,2023/12/13 22:48:33+00,1056.262841,49696.734,682,Countryside Residential-1,"Residential development with a maximum density of 1 unit per 40,000 square feet with on-site well and wastewater. 1 unit per 40,000 square feet served by public water/sewer in cluster/complact cluster options.",CR1
683,R16,2023,,ZMAP-1990-0013,Z2000-0024,1997/04/02 04:00:00+00,R16  2023,2012_0003,1902/01/01 05:00:00+00,1902/01/01 05:00:00+00,2023/12/13 22:48:33+00,6625.768679,1374312.991,683,Townhouse/Multifamily Residential-16,Single family attached/detached and multifamily residences at a maximum density of 16 units per acre; 19.2 units per acre with ADU. Served by public water and sewer. In areas designated for infill development. Traditional design option.,R16
684,R1,2023,NV, , ,1900/01/01 05:00:00+00,R1  2023,2012_0003,1902/01/01 05:00:00+00,1902/01/01 05:00:00+00,2023/12/13 22:48:33+00,10038.2585,2840001.718,684,Single Family Residential-1,"Low-density single family detached development with a maximum density of 1 unit per 40,000 square feet; 1.2 unit per 40,000 square feet with ADU. Served by public water and sewer. Cluster and compact cluster options.",R1
685,PDIP,1972,28, , ,1900/01/01 05:00:00+00,PDIP  1972,2023_0016,1902/01/01 05:00:00+00,1902/01/01 05:00:00+00,2023/06/06 04:00:00+00,12250.90937,303898.8881,685,Planned Development-Industrial Park,Light and medium industrial uses with supporting accessory uses and facilities designed with a parklike environment. May be subject to a concept development plan.  It is only under the 1972 Ordinance.,PDIP
686,PDH4,2023,NV,ZMAP-2004-0024,0,2007/10/16 04:00:00+00,PDH4  2023,2012_0003,1902/01/01 05:00:00+00,1902/01/01 05:00:00+00,2023/12/13 22:48:33+00,9921.473913,3416234.485,686,Planned Development Housing-4,Mixed use residential communities including single family and multifamily housing products with supportive non-residential uses. Maximum overall residential density of 4 units per acre.,PDH4
687,CCSC,2023,,ZMAP-2006-0011,176,2010/05/04 04:00:00+00,CCSC 2023,2012_0003,1902/01/01 05:00:00+00,1902/01/01 05:00:00+00,2023/12/13 22:48:33+00,1564.943931,115603.8627,687,Commercial Center - Small Regional Center,"Small regional centers to meet shopping needs of a communitymore than a 10 minute drive from the center. Minimum of 18 acres, maximum of 60 acres. Controlled access to a major collector.",CCSC
688,IP,2023,28, , ,1900/01/01 05:00:00+00,IP 2023,2023_0027,1902/01/01 05:00:00+00,1902/01/01 05:00:00+00,2023/12/13 22:48:33+00,1085.618657,68587.62388,688,Industrial Park,"District for office, light production, flex space, and warehousing uses.  Support limited first floor retail or other accessory uses that serve predominate uses.",IP
689,PDCCRC,2023,28,ZMAP-2015-0005,15,2016/01/13 05:00:00+00,PDCCRC2023,2022_0008,1902/01/01 05:00:00+00,1902/01/01 05:00:00+00,2023/12/13 22:48:33+00,471.517554,12949.42637,689,Planned Development-Commercial Center (Regional Center),"Large scale commercial centers which provide a wide range of retail, office, and service uses, with one or more anchor stores, to the regional market. Minimum of 60 acres with controlled access to arterial roads.",PDCCRC
690,R16,2023,,ZMAP-2006-0011,176,2010/05/04 04:00:00+00,R16  2023,2012_0003,1902/01/01 05:00:00+00,1902/01/01 05:00:00+00,2023/12/13 22:48:33+00,1457.582565,127031.9583,690,Townhouse/Multifamily Residential-16,Single family attached/detached and multifamily residences at a maximum density of 16 units per acre; 19.2 units per acre with ADU. Served by public water and sewer. In areas designated for infill development. Traditional design option.,R16
691,PDIP,1972,28, , ,1900/01/01 05:00:00+00,PDIP  1972, ,1902/01/01 05:00:00+00,1902/01/01 05:00:00+00,1900/01/01 05:00:00+00,730.7814547,21539.19022,691,Planned Development-Industrial Park,Light and medium industrial uses with supporting accessory uses and facilities designed with a parklike environment. May be subject to a concept development plan.  It is only under the 1972 Ordinance.,PDIP
692,R16,2023,,ZMAP-1990-0008, ,1995/02/15 05:00:00+00,R16  2023,2012_0003,1902/01/01 05:00:00+00,1902/01/01 05:00:00+00,2023/12/13 22:48:33+00,5166.019259,1060910.182,692,Townhouse/Multifamily Residential-16,Single family attached/detached and multifamily residences at a maximum density of 16 units per acre; 19.2 units per acre with ADU. Served by public water and sewer. In areas designated for infill development. Traditional design option.,R16
693,IP,2023,28,ZMAP-2005-0012, ,2005/06/07 04:00:00+00,IP 2023,2023_0027,1902/01/01 05:00:00+00,1902/01/01 05:00:00+00,2023/12/13 22:48:33+00,4507.067609,1023769.901,693,Industrial Park,"District for office, light production, flex space, and warehousing uses.  Support limited first floor retail or other accessory uses that serve predominate uses.",IP
694,R16,2023,NV,ZMAP-1998-0008,Z2000-0047,1999/11/03 04:00:00+00,R16  2023,2012_0003,1902/01/01 05:00:00+00,1902/01/01 05:00:00+00,2023/12/13 22:48:33+00,1311.106297,1840.98559,694,Townhouse/Multifamily Residential-16,Single family attached/detached and multifamily residences at a maximum density of 16 units per acre; 19.2 units per acre with ADU. Served by public water and sewer. In areas designated for infill development. Traditional design option.,R16
695,JLMA3,2023,, , ,1900/01/01 05:00:00+00,JLMA3 2023,2012_0003,1902/01/01 05:00:00+00,1902/01/01 05:00:00+00,2023/12/13 22:48:33+00,7248.633589,2111698.375,695,Joint Land Management Area-3,Appropriate mix of residential & non-residential uses with a variety of dwelling units & lot sizes; 1.0 dwelling unit per 3 acres. or 1.2 dwelling units per 3 acres. with ADU,JLMA3
696,A3,2023,,ZMAP-1998-0005, ,1999/05/05 04:00:00+00,A3   2023,2012_0003,1902/01/01 05:00:00+00,1902/01/01 05:00:00+00,2023/12/13 22:48:33+00,4817.17073,745370.1255,696,Agricultural/Residential,Agriculture and low density residential development with a maximum density of one unit per 3 acres with a predominantly agricultural character. Rural hamlet options.,A3
697,JLMA1,2023,, , ,1900/01/01 05:00:00+00,JLMA1 2023,2012_0003,1902/01/01 05:00:00+00,1902/01/01 05:00:00+00,2023/12/13 22:48:33+00,7380.859036,2637907.988,697,Joint Land Management Area-1,"Appropriate mix of residential & non-residential uses with a variety of dwelling units & lot sizes; 1.0 dwelling unit per 40,000 square feet or 1.2 dwelling units per 40,000 square feet with ADU",JLMA1
698,JLMA3,2023,, , ,1900/01/01 05:00:00+00,JLMA3 2023,2012_0003,1902/01/01 05:00:00+00,1902/01/01 05:00:00+00,2023/12/13 22:48:33+00,10341.55279,5259652.163,698,Joint Land Management Area-3,Appropriate mix of residential & non-residential uses with a variety of dwelling units & lot sizes; 1.0 dwelling unit per 3 acres. or 1.2 dwelling units per 3 acres. with ADU,JLMA3
699,PDH4,2023,,ZMAP-1988-0270, ,1990/02/20 05:00:00+00,PDH4  2023,2015_0016,1902/01/01 05:00:00+00,1902/01/01 05:00:00+00,2023/12/13 22:48:33+00,18598.8962,10503823.48,699,Planned Development Housing-4,Mixed use residential communities including single family and multifamily housing products with supportive non-residential uses. Maximum overall residential density of 4 units per acre.,PDH4
700,CR2,2023,, , ,1900/01/01 05:00:00+00,CR2   2023,2012_0003,1902/01/01 05:00:00+00,1902/01/01 05:00:00+00,2023/12/13 22:48:33+00,8304.99156,1546831.265,700,Countryside Residential-2,"Residential development with a maximum density of 1 unit per 40,000 square feet with on-site well and wastewater. 1 unit per 20,000 square feet served by public water/sewer in cluster/complact cluster options.",CR2
701,PDH4,2023,,ZMAP-1995-0003, ,1995/09/06 04:00:00+00,PDH4  2023,2019_0016,1902/01/01 05:00:00+00,1902/01/01 05:00:00+00,2023/12/13 22:48:33+00,34137.52799,20361203.96,701,Planned Development Housing-4,Mixed use residential communities including single family and multifamily housing products with supportive non-residential uses. Maximum overall residential density of 4 units per acre.,PDH4
702,PDH4,2023,,ZMAP-1989-0035, ,1991/08/06 04:00:00+00,PDH4  2023,2012_0003,1902/01/01 05:00:00+00,1902/01/01 05:00:00+00,2023/12/13 22:48:33+00,8496.265465,2583948.587,702,Planned Development Housing-4,Mixed use residential communities including single family and multifamily housing products with supportive non-residential uses. Maximum overall residential density of 4 units per acre.,PDH4
703,GI,2023,, , ,1900/01/01 05:00:00+00,GI 2023,2023_0027,1902/01/01 05:00:00+00,1902/01/01 05:00:00+00,2023/12/13 22:48:33+00,4308.837923,855410.9748,703,General Industry,District for industrial uses that are incompatible with residential uses due to the prevelance of outdoor storage and emissions of noise and odor. ,GI
704,JLMA3,2023,, , ,1900/01/01 05:00:00+00,JLMA3 2023,2012_0003,1902/01/01 05:00:00+00,1902/01/01 05:00:00+00,2023/12/13 22:48:33+00,8822.312607,1564560.052,704,Joint Land Management Area-3,Appropriate mix of residential & non-residential uses with a variety of dwelling units & lot sizes; 1.0 dwelling unit per 3 acres. or 1.2 dwelling units per 3 acres. with ADU,JLMA3
705,JLMA3,2023,, , ,1900/01/01 05:00:00+00,JLMA3 2023,2012_0003,1902/01/01 05:00:00+00,1902/01/01 05:00:00+00,2023/12/13 22:48:33+00,7738.116771,3672045.363,705,Joint Land Management Area-3,Appropriate mix of residential & non-residential uses with a variety of dwelling units & lot sizes; 1.0 dwelling unit per 3 acres. or 1.2 dwelling units per 3 acres. with ADU,JLMA3
706,IP,2023,28,ZRTD-2013-0005,188,2014/07/09 04:00:00+00,IP 2023,2023_0027,1902/01/01 05:00:00+00,1902/01/01 05:00:00+00,2023/12/13 22:48:33+00,11212.29749,2859091.177,706,Industrial Park,"District for office, light production, flex space, and warehousing uses.  Support limited first floor retail or other accessory uses that serve predominate uses.",IP
707,GI,2023,NV,ZMAP-1992-0007, ,1993/06/16 04:00:00+00,GI 2023,2023_0027,1902/01/01 05:00:00+00,1902/01/01 05:00:00+00,2023/12/13 22:48:33+00,849.3580856,37274.92738,707,General Industry,District for industrial uses that are incompatible with residential uses due to the prevelance of outdoor storage and emissions of noise and odor. ,GI
708,PDH6,2023,28,ZMAP-1993-0003, ,1994/12/21 05:00:00+00,PDH6  2023,2012_0003,1902/01/01 05:00:00+00,1902/01/01 05:00:00+00,2023/12/13 22:48:33+00,9461.24014,3446422.64,708,Planned Development Housing-6,Mixed use residential communities including single family and multifamily housing products with supportive non-residential uses. Maximum overall residential density of 6 units per acre.,PDH6
709,R16,2023,28,ZMAP-1990-0014,Z2000-0040,1991/12/17 05:00:00+00,R16  2023,2012_0003,1902/01/01 05:00:00+00,1902/01/01 05:00:00+00,2023/12/13 22:48:33+00,11179.94007,3958267.048,709,Townhouse/Multifamily Residential-16,Single family attached/detached and multifamily residences at a maximum density of 16 units per acre; 19.2 units per acre with ADU. Served by public water and sewer. In areas designated for infill development. Traditional design option.,R16
710,RC,2023,, , ,1900/01/01 05:00:00+00,RC  2023,2012_0003,1902/01/01 05:00:00+00,1902/01/01 05:00:00+00,2023/12/13 22:48:33+00,2877.254795,349275.3457,710,Rural Commercial,Commercial properties predominantly located in rural Loudoun. Uses are compatible with scale and character of general open and rural character of Rural North & South Place Types.,RC
711,JLMA3,2023,NV, , ,1900/01/01 05:00:00+00,JLMA3 2023,2020_0024,1902/01/01 05:00:00+00,1902/01/01 05:00:00+00,2023/12/13 22:48:33+00,111545.9551,86667979.5,711,Joint Land Management Area-3,Appropriate mix of residential & non-residential uses with a variety of dwelling units & lot sizes; 1.0 dwelling unit per 3 acres. or 1.2 dwelling units per 3 acres. with ADU,JLMA3
712,TOWNS,2023,NV,NO VALUE,NO VALUE,2009/12/14 05:00:00+00,TOWNS 2023,2020_0024,1902/01/01 05:00:00+00,1902/01/01 05:00:00+00,2023/12/13 22:48:33+00,74586.34056,95225154.82,712,Incorporated Towns,Districts zoned by the incorporated town and administered by the town.,TOWNS
713,JLMA2,2023,NV, , ,1900/01/01 05:00:00+00,JLMA2 2023,2012_0003,1902/01/01 05:00:00+00,1902/01/01 05:00:00+00,2023/12/13 22:48:33+00,2927.584143,231044.2892,713,Joint Land Management Area-2,"Appropriate mix of residential & non-residential uses with a variety of dwelling units & lot sizes; 1.0 dwelling unit per 20,000 square feet or 1.2 dwelling units per 20,000 square feet with ADU",JLMA2
714,CR1,2023,, , ,1900/01/01 05:00:00+00,CR1  2023,2012_0003,1902/01/01 05:00:00+00,1902/01/01 05:00:00+00,2023/12/13 22:48:33+00,3565.353726,376651.4453,714,Countryside Residential-1,"Residential development with a maximum density of 1 unit per 40,000 square feet with on-site well and wastewater. 1 unit per 40,000 square feet served by public water/sewer in cluster/complact cluster options.",CR1
715,JLMA2,2023,, , ,1900/01/01 05:00:00+00,JLMA2 2023,2012_0003,1902/01/01 05:00:00+00,1902/01/01 05:00:00+00,2023/12/13 22:48:33+00,5052.895093,892168.7693,715,Joint Land Management Area-2,"Appropriate mix of residential & non-residential uses with a variety of dwelling units & lot sizes; 1.0 dwelling unit per 20,000 square feet or 1.2 dwelling units per 20,000 square feet with ADU",JLMA2
716,IP,2023,28,ZMAP-2006-0022, ,2007/01/09 05:00:00+00,IP 2023,2023_0027,1902/01/01 05:00:00+00,1902/01/01 05:00:00+00,2023/12/13 22:48:33+00,3335.489542,717467.1172,716,Industrial Park,"District for office, light production, flex space, and warehousing uses.  Support limited first floor retail or other accessory uses that serve predominate uses.",IP
717,MRHI,2023,,ZMAP-2002-0018, ,2004/04/06 04:00:00+00,MRHI  2023,2015_0013,1902/01/01 05:00:00+00,1902/01/01 05:00:00+00,2023/12/13 22:48:33+00,12526.15902,8133232.553,717,Mineral Resource/Heavy Industry,Diabase resource extraction operations (quarries) co-located with compatible heavy industrial uses. Specific use limitations for stone quarry operations. Also recognized for future beneficial uses consistent with the General Plan.,MRHI
718,PDH4,2023,,ZMAP-2000-0008, ,2003/07/21 04:00:00+00,PDH4  2023,2012_0003,1902/01/01 05:00:00+00,1902/01/01 05:00:00+00,2023/12/13 22:48:33+00,4509.705644,1122610.691,718,Planned Development Housing-4,Mixed use residential communities including single family and multifamily housing products with supportive non-residential uses. Maximum overall residential density of 4 units per acre.,PDH4
719,PDH4,2023,,ZMAP-1995-0012,Z2000-0056,1996/09/18 04:00:00+00,PDH4  2023,2012_0003,1902/01/01 05:00:00+00,1902/01/01 05:00:00+00,2023/12/13 22:48:33+00,3757.442488,458735.5953,719,Planned Development Housing-4,Mixed use residential communities including single family and multifamily housing products with supportive non-residential uses. Maximum overall residential density of 4 units per acre.,PDH4
720,PDH3,2023,,ZMAP-2004-0022,,2005/07/05 04:00:00+00,PDH3  2023,2015_0012,1902/01/01 05:00:00+00,1902/01/01 05:00:00+00,2023/12/13 22:48:33+00,16367.70309,9818397.8,720,Planned Development Housing-3,Mixed use residential communities including single family and multifamily housing products with supportive non-residential uses. Maximum overall residential density of 3 units per acre.,PDH3
721,RC,2023,, , ,1900/01/01 05:00:00+00,RC  2023,2012_0003,1902/01/01 05:00:00+00,1902/01/01 05:00:00+00,2023/12/13 22:48:33+00,907.4110532,50107.23614,721,Rural Commercial,Commercial properties predominantly located in rural Loudoun. Uses are compatible with scale and character of general open and rural character of Rural North & South Place Types.,RC
722,MRHI,2023,, , ,1900/01/01 05:00:00+00,MRHI  2023,2012_0003,1902/01/01 05:00:00+00,1902/01/01 05:00:00+00,2023/12/13 22:48:33+00,24155.17348,20344339.77,722,Mineral Resource/Heavy Industry,Diabase resource extraction operations (quarries) co-located with compatible heavy industrial uses. Specific use limitations for stone quarry operations. Also recognized for future beneficial uses consistent with the General Plan.,MRHI
723,R1,2023,, , ,1900/01/01 05:00:00+00,R1  2023,2012_0003,1902/01/01 05:00:00+00,1902/01/01 05:00:00+00,2023/12/13 22:48:33+00,11839.35686,4330411.384,723,Single Family Residential-1,"Low-density single family detached development with a maximum density of 1 unit per 40,000 square feet; 1.2 unit per 40,000 square feet with ADU. Served by public water and sewer. Cluster and compact cluster options.",R1
724,R1,2023,, , ,1900/01/01 05:00:00+00,R1  2023,2012_0003,1902/01/01 05:00:00+00,1902/01/01 05:00:00+00,2023/12/13 22:48:33+00,1717.602885,106533.4717,724,Single Family Residential-1,"Low-density single family detached development with a maximum density of 1 unit per 40,000 square feet; 1.2 unit per 40,000 square feet with ADU. Served by public water and sewer. Cluster and compact cluster options.",R1
725,R16,2023,NV,ZMAP-1998-0008,Z2000-0047,1999/11/03 04:00:00+00,R16  2023,2012_0003,1902/01/01 05:00:00+00,1902/01/01 05:00:00+00,2023/12/13 22:48:33+00,83.6835352,68.71211286,725,Townhouse/Multifamily Residential-16,Single family attached/detached and multifamily residences at a maximum density of 16 units per acre; 19.2 units per acre with ADU. Served by public water and sewer. In areas designated for infill development. Traditional design option.,R16
726,R1,2023,, , ,1900/01/01 05:00:00+00,R1  2023,2012_0003,1902/01/01 05:00:00+00,1902/01/01 05:00:00+00,2023/12/13 22:48:33+00,3044.771116,275757.9434,726,Single Family Residential-1,"Low-density single family detached development with a maximum density of 1 unit per 40,000 square feet; 1.2 unit per 40,000 square feet with ADU. Served by public water and sewer. Cluster and compact cluster options.",R1
727,R1,2023,, , ,1900/01/01 05:00:00+00,R1  2023,2012_0003,1902/01/01 05:00:00+00,1902/01/01 05:00:00+00,2023/12/13 22:48:33+00,3080.881986,280135.0928,727,Single Family Residential-1,"Low-density single family detached development with a maximum density of 1 unit per 40,000 square feet; 1.2 unit per 40,000 square feet with ADU. Served by public water and sewer. Cluster and compact cluster options.",R1
728,R4,2023,,ZMAP-1999-0022,Z2001-0016,2001/07/16 04:00:00+00,R4  2023,2012_0003,1902/01/01 05:00:00+00,1902/01/01 05:00:00+00,2023/12/13 22:48:33+00,9676.714002,4209187.886,728,Single Family Residential-4,"Moderate density single family detached development with a maximum density of 1 unit per 10,000 square feet, 4.8 units per acre with ADU. Served by public water and sewer. Cluster, suburban, and traditional design and compact cluster options.",R4
729,GI,2023,,ZMAP-2004-0011, ,2005/04/05 04:00:00+00,GI 2023,2023_0027,1902/01/01 05:00:00+00,1902/01/01 05:00:00+00,2023/12/13 22:48:33+00,8558.537956,3002554.458,729,General Industry,District for industrial uses that are incompatible with residential uses due to the prevelance of outdoor storage and emissions of noise and odor. ,GI
730,OP,2023,NV, , ,1900/01/01 05:00:00+00,OP 2023,2023_0027,1902/01/01 05:00:00+00,1902/01/01 05:00:00+00,2023/12/13 22:48:33+00,18293.36789,12369504.65,730,Office Park,"District for administrative, business and professional offices research and development, and supporting commercial and instibutional uses and facilities; support limited first floor retail.",OP
731,R4,2023,28, , ,1900/01/01 05:00:00+00,R4  2023,2012_0003,1902/01/01 05:00:00+00,1902/01/01 05:00:00+00,2023/12/13 22:48:33+00,1186.147558,73565.56139,731,Single Family Residential-4,"Moderate density single family detached development with a maximum density of 1 unit per 10,000 square feet, 4.8 units per acre with ADU. Served by public water and sewer. Cluster, suburban, and traditional design and compact cluster options.",R4
732,IP,2023,28,ZRTD-2012-0003,212,2012/07/17 04:00:00+00,IP 2023,2023_0027,1902/01/01 05:00:00+00,1902/01/01 05:00:00+00,2023/12/13 22:48:33+00,1339.695274,104772.2403,732,Industrial Park,"District for office, light production, flex space, and warehousing uses.  Support limited first floor retail or other accessory uses that serve predominate uses.",IP
733,TR1LF,2023,, , ,1900/01/01 05:00:00+00,TR1LF 2023,2017_0036,1902/01/01 05:00:00+00,1902/01/01 05:00:00+00,2023/12/13 22:48:33+00,28263.93324,5078942.04,733,Transitional Residential - 1 (Lower Foley),"Sub-district of TR1. Residential with cluster (50% open space); 1.0 dwelling unit per 40,000 square feet, 1.2 dwelling units per 40,000 square feet with ADU",TR1LF
734,R4,2023,AI,ZMAP-1999-0006,Z2001-0002,2000/03/06 05:00:00+00,R4  2023,2012_0003,1902/01/01 05:00:00+00,1902/01/01 05:00:00+00,2023/12/13 22:48:33+00,3712.283792,733800.0825,734,Single Family Residential-4,"Moderate density single family detached development with a maximum density of 1 unit per 10,000 square feet, 4.8 units per acre with ADU. Served by public water and sewer. Cluster, suburban, and traditional design and compact cluster options.",R4
735,CCCC,2023,NV, , ,1900/01/01 05:00:00+00,CCCC 2023,2023_0027,1902/01/01 05:00:00+00,1902/01/01 05:00:00+00,2023/12/13 22:48:33+00,1034.621528,64035.3446,735,Commercial Center - Community Center,"Serves retail shopping needs of surrounding community with 10 minutes drive. Minimum of 4 acres, maximum of 22 acres.",CCCC
736,A3,2023,, , ,1900/01/01 05:00:00+00,A3   2023,2012_0003,1902/01/01 05:00:00+00,1902/01/01 05:00:00+00,2023/12/13 22:48:33+00,5233.647333,1255237.081,736,Agricultural/Residential,Agriculture and low density residential development with a maximum density of one unit per 3 acres with a predominantly agricultural character. Rural hamlet options.,A3
737,PDIP,1972,28, , ,1900/01/01 05:00:00+00,PDIP  1972,2017_0037,1902/01/01 05:00:00+00,1902/01/01 05:00:00+00,2017/09/14 04:00:00+00,6645.554629,809252.294,737,Planned Development-Industrial Park,Light and medium industrial uses with supporting accessory uses and facilities designed with a parklike environment. May be subject to a concept development plan.  It is only under the 1972 Ordinance.,PDIP
738,R8,2023,NONE,ZMAP-2012-0009, ,2013/09/04 04:00:00+00,R8  2023,2017_0021,1902/01/01 05:00:00+00,1902/01/01 05:00:00+00,2023/12/13 22:48:33+00,4469.383116,1211275.924,738,Single Family Residential-8,"Moderate to medium density single family detached, duplex, townhouse, and single family attached development with a maximum density of 8 units per acre, 9.6 units per acre with ADU. Served by public water and sewer. Traditional and suburban design options.",R8
739,OP,2023,,ZMAP-2000-0006, ,2001/11/05 05:00:00+00,OP 2023,2023_0027,1902/01/01 05:00:00+00,1902/01/01 05:00:00+00,2023/12/13 22:48:33+00,5116.540851,1424304.466,739,Office Park,"District for administrative, business and professional offices research and development, and supporting commercial and instibutional uses and facilities; support limited first floor retail.",OP
740,R8,2023,NV,ZMAP-0000-0310, ,1983/07/14 04:00:00+00,R8  2023,2023_0010,1902/01/01 05:00:00+00,1902/01/01 05:00:00+00,2023/12/13 22:48:33+00,9304.914032,1463595.355,740,Single Family Residential-8,"Moderate to medium density single family detached, duplex, townhouse, and single family attached development with a maximum density of 8 units per acre, 9.6 units per acre with ADU. Served by public water and sewer. Traditional and suburban design options.",R8
741,R4,2023,,ZMAP-0000-0273, ,1979/06/18 04:00:00+00,R4  2023,2023_0010,1902/01/01 05:00:00+00,1902/01/01 05:00:00+00,2023/12/13 22:48:33+00,10638.06744,5063191.63,741,Single Family Residential-4,"Moderate density single family detached development with a maximum density of 1 unit per 10,000 square feet, 4.8 units per acre with ADU. Served by public water and sewer. Cluster, suburban, and traditional design and compact cluster options.",R4
742,IP,2023,28,ZRTD-2017-0007,,2017/12/13 05:00:00+00,IP 2023,2023_0027,1902/01/01 05:00:00+00,1902/01/01 05:00:00+00,2023/12/13 22:48:33+00,2704.07497,435964.5528,742,Industrial Park,"District for office, light production, flex space, and warehousing uses.  Support limited first floor retail or other accessory uses that serve predominate uses.",IP
743,PDH3,2023,NV, , ,1900/01/01 05:00:00+00,PDH3  2023,2012_0003,1902/01/01 05:00:00+00,1902/01/01 05:00:00+00,2023/12/13 22:48:33+00,22688.90916,24409730.55,743,Planned Development Housing-3,Mixed use residential communities including single family and multifamily housing products with supportive non-residential uses. Maximum overall residential density of 3 units per acre.,PDH3
744,R4,2023,NV, , ,1900/01/01 05:00:00+00,R4  2023,2012_0003,1902/01/01 05:00:00+00,1902/01/01 05:00:00+00,2023/12/13 22:48:33+00,9911.6995,2568418.559,744,Single Family Residential-4,"Moderate density single family detached development with a maximum density of 1 unit per 10,000 square feet, 4.8 units per acre with ADU. Served by public water and sewer. Cluster, suburban, and traditional design and compact cluster options.",R4
745,R4,2023,,ZMAP-1986-0052, ,1987/09/21 04:00:00+00,R4  2023,2012_0003,1902/01/01 05:00:00+00,1902/01/01 05:00:00+00,2023/12/13 22:48:33+00,2034.854028,241767.0939,745,Single Family Residential-4,"Moderate density single family detached development with a maximum density of 1 unit per 10,000 square feet, 4.8 units per acre with ADU. Served by public water and sewer. Cluster, suburban, and traditional design and compact cluster options.",R4
746,R16,2023,NV,ZMAP-1998-0008,Z2000-0047,1999/11/03 04:00:00+00,R16  2023,2012_0003,1902/01/01 05:00:00+00,1902/01/01 05:00:00+00,2023/12/13 22:48:33+00,1.825186217,0.150326717,746,Townhouse/Multifamily Residential-16,Single family attached/detached and multifamily residences at a maximum density of 16 units per acre; 19.2 units per acre with ADU. Served by public water and sewer. In areas designated for infill development. Traditional design option.,R16
747,CR3,2023,, , ,1900/01/01 05:00:00+00,CR3  2023,2012_0003,1902/01/01 05:00:00+00,1902/01/01 05:00:00+00,2023/12/13 22:48:33+00,2447.265479,288611.8669,747,Countryside Residential-3,"Residential development with a maximum density of 1 unit per 40,000 square feet with on-site well and wastewater. 1 unit per 15,000 square feet served by public water/sewer in cluster/complact cluster options.",CR3
748,OP,2023,,ZMAP-1990-0013,Z2000-0024,1997/04/02 04:00:00+00,OP 2023,2023_0027,1902/01/01 05:00:00+00,1902/01/01 05:00:00+00,2023/12/13 22:48:33+00,2624.307894,25412.2304,748,Office Park,"District for administrative, business and professional offices research and development, and supporting commercial and instibutional uses and facilities; support limited first floor retail.",OP
749,R2,2023,NV, , ,1900/01/01 05:00:00+00,R2  2023,2021_0006,1902/01/01 05:00:00+00,1902/01/01 05:00:00+00,2023/12/13 22:48:33+00,707.1493184,29252.02066,749,Single Family Residential-2,"Low to moderate density single family detached development with a maximum density of 1 unit per 20,000 square feet, 1.2 units per 20,000 square feet with ADU. Served by public water and sewer. Cluster, suburban, compact cluster, and traditional design options.",R2
750,TRC,2023,,ZMAP-2002-0005, ,2003/12/15 05:00:00+00,TRC 2023,2023_0027,1902/01/01 05:00:00+00,1902/01/01 05:00:00+00,2023/12/13 22:48:33+00,5668.550088,1904819.483,750,Transit Related Center,"District established to provide for a compatible mixture of commercial, cultural, institutional, governmental, recreational, and high-density housing uses in compact, pedestrian oriented, transit oriented developments and transit-designed supportive areas. Supports General Plan.",TRC
751,PDH4,2023,,ZMAP-1999-0016, ,2001/03/05 05:00:00+00,PDH4  2023,2012_0003,1902/01/01 05:00:00+00,1902/01/01 05:00:00+00,2023/12/13 22:48:33+00,8435.599255,3583218.476,751,Planned Development Housing-4,Mixed use residential communities including single family and multifamily housing products with supportive non-residential uses. Maximum overall residential density of 4 units per acre.,PDH4
752,CLI,2023,, , ,1900/01/01 05:00:00+00,CLI  2023,2012_0003,1902/01/01 05:00:00+00,1902/01/01 05:00:00+00,2023/12/13 22:48:33+00,1792.306521,119844.1814,752,Commercial/Light Industry,"Mix of similar and compatible light industrial uses and office uses and related supportive commercial, retail and service  uses on minimum one acre lots. Only along Route 50 from Fairfax/Loudoun County line west to Route 659.",CLI
753,RC,2023,, , ,1900/01/01 05:00:00+00,RC  2023,2020_0018,1902/01/01 05:00:00+00,1902/01/01 05:00:00+00,2023/12/13 22:48:33+00,1369.704573,111909.8174,753,Rural Commercial,Commercial properties predominantly located in rural Loudoun. Uses are compatible with scale and character of general open and rural character of Rural North & South Place Types.,RC
754,TR3UBF,2023,, , ,1900/01/01 05:00:00+00,TR3UBF2023,2017_0052,1902/01/01 05:00:00+00,1902/01/01 05:00:00+00,2023/12/13 22:48:33+00,57757.3435,125676139.8,754,Transitional Residential - 3 (Upper Broad Run and Upper Foley),"Sub-district of TR3 without central utilities. Residential with cluster (50% open space); 1.0 dwelling unit per 3 acres, 1.2 dwelling units per 3 acres with ADU",TR3UBF
755,R8,2023,,ZMAP-1994-0017, ,1995/11/19 05:00:00+00,R8  2023,2012_0003,1902/01/01 05:00:00+00,1902/01/01 05:00:00+00,2023/12/13 22:48:33+00,5940.412451,1725570.107,755,Single Family Residential-8,"Moderate to medium density single family detached, duplex, townhouse, and single family attached development with a maximum density of 8 units per acre, 9.6 units per acre with ADU. Served by public water and sewer. Traditional and suburban design options.",R8
756,PDGI,1972,28,ZMAP-1987-0012, ,1988/07/18 04:00:00+00,PDGI  1972, ,1902/01/01 05:00:00+00,1902/01/01 05:00:00+00,1900/01/01 05:00:00+00,1693.405955,165956.5038,756,Planned Development-General Industrial,Medium intensity industrial uses with public nuisance potential.  It is only under the 1972 Ordinance.,PDGI
757,PDH4,2023,,ZMAP-1995-0012,Z2000-0056,1996/09/18 04:00:00+00,PDH4  2023,2012_0003,1902/01/01 05:00:00+00,1902/01/01 05:00:00+00,2023/12/13 22:48:33+00,2104.784837,204000.2021,757,Planned Development Housing-4,Mixed use residential communities including single family and multifamily housing products with supportive non-residential uses. Maximum overall residential density of 4 units per acre.,PDH4
758,R1,2023,, , ,1900/01/01 05:00:00+00,R1  2023,2012_0003,1902/01/01 05:00:00+00,1902/01/01 05:00:00+00,2023/12/13 22:48:33+00,6150.384001,1394811.918,758,Single Family Residential-1,"Low-density single family detached development with a maximum density of 1 unit per 40,000 square feet; 1.2 unit per 40,000 square feet with ADU. Served by public water and sewer. Cluster and compact cluster options.",R1
759,R4,2023,,ZMAP-1988-0044, ,1990/02/06 05:00:00+00,R4  2023,2012_0003,1902/01/01 05:00:00+00,1902/01/01 05:00:00+00,2023/12/13 22:48:33+00,1547.978997,142045.5751,759,Single Family Residential-4,"Moderate density single family detached development with a maximum density of 1 unit per 10,000 square feet, 4.8 units per acre with ADU. Served by public water and sewer. Cluster, suburban, and traditional design and compact cluster options.",R4
760,R4,2023,,ZMAP-1989-0013, ,1989/12/19 05:00:00+00,R4  2023,2012_0003,1902/01/01 05:00:00+00,1902/01/01 05:00:00+00,2023/12/13 22:48:33+00,1849.781048,147779.2455,760,Single Family Residential-4,"Moderate density single family detached development with a maximum density of 1 unit per 10,000 square feet, 4.8 units per acre with ADU. Served by public water and sewer. Cluster, suburban, and traditional design and compact cluster options.",R4
761,PDRDP,1972,28,ZMAP-1987-0031, ,1989/04/03 04:00:00+00,PDRDP 1972,2017_0026,1902/01/01 05:00:00+00,1902/01/01 05:00:00+00,1900/01/01 05:00:00+00,4743.898252,1162746.887,761,Planned Development-Research and Development Park,"Planned mixed employment park a mininum of 20 acres in size & within the Rt 28 Tax District, subject to an adopted concept development plan, which allows the mixing of research and development firms, office complexes, certain types of manufacturing and interrelated land uses. This Zoning District is found under the 1972 Zoning Ordinance.",PDRDP
762,R16,2023,,ZMAP-1994-0017, ,1995/11/19 05:00:00+00,R16  2023,2012_0003,1902/01/01 05:00:00+00,1902/01/01 05:00:00+00,2023/12/13 22:48:33+00,4153.35519,685542.5294,762,Townhouse/Multifamily Residential-16,Single family attached/detached and multifamily residences at a maximum density of 16 units per acre; 19.2 units per acre with ADU. Served by public water and sewer. In areas designated for infill development. Traditional design option.,R16
763,OP,2023,,ZMAP-1994-0017, ,1995/11/19 05:00:00+00,OP 2023,2023_0027,1902/01/01 05:00:00+00,1902/01/01 05:00:00+00,2023/12/13 22:48:33+00,3962.830134,960911.162,763,Office Park,"District for administrative, business and professional offices research and development, and supporting commercial and instibutional uses and facilities; support limited first floor retail.",OP
764,GI,2023,28,ZMAP-1994-0005, ,1995/06/21 04:00:00+00,GI 2023,2023_0027,1902/01/01 05:00:00+00,1902/01/01 05:00:00+00,2023/12/13 22:48:33+00,1527.954035,124017.2219,764,General Industry,District for industrial uses that are incompatible with residential uses due to the prevelance of outdoor storage and emissions of noise and odor. ,GI
765,PDH4,2023,,ZMAP-2002-0020, ,2004/04/06 04:00:00+00,PDH4  2023,2012_0003,1902/01/01 05:00:00+00,1902/01/01 05:00:00+00,2023/12/13 22:48:33+00,7352.23433,2329014.884,765,Planned Development Housing-4,Mixed use residential communities including single family and multifamily housing products with supportive non-residential uses. Maximum overall residential density of 4 units per acre.,PDH4
766,PDGI,1972,NV, , ,1900/01/01 05:00:00+00,PDGI  1972,2019_0035,1902/01/01 05:00:00+00,1902/01/01 05:00:00+00,2019/12/13 05:00:00+00,5121.139202,771582.2687,766,Planned Development-General Industrial,Medium intensity industrial uses with public nuisance potential.  It is only under the 1972 Ordinance.,PDGI
767,TR1LF,2023,, , ,1900/01/01 05:00:00+00,TR1LF 2023,2012_0003,1902/01/01 05:00:00+00,1902/01/01 05:00:00+00,2023/12/13 22:48:33+00,967.8091561,52680.39856,767,Transitional Residential - 1 (Lower Foley),"Sub-district of TR1. Residential with cluster (50% open space); 1.0 dwelling unit per 40,000 square feet, 1.2 dwelling units per 40,000 square feet with ADU",TR1LF
768,R24,2023,,ZMAP-1994-0017, ,1995/11/19 05:00:00+00,R4  2023,2012_0003,1902/01/01 05:00:00+00,1902/01/01 05:00:00+00,2023/12/13 22:48:33+00,4656.235753,1009235.103,768,Multifamily Residential-24,"Multifamily residences at a maximum density of 24 dwelling units per acre, 28.8 dwelling units per acre with ADU. Served by public water and sewer. In areas designated for infill development.",R24
769,C1,1972,28, , ,1900/01/01 05:00:00+00,C1    1972, ,1902/01/01 05:00:00+00,1902/01/01 05:00:00+00,1900/01/01 05:00:00+00,1832.831636,191350.6601,769,Commercial,Commercial primarily retail and personal services. C1 is under 1972 ordinance and is only within the Route 28 Tax District.,C1
770,PDH4,2023,NV,ZMAP-1986-0013, ,1987/09/21 04:00:00+00,PDH4  2023,2012_0003,1902/01/01 05:00:00+00,1902/01/01 05:00:00+00,2023/12/13 22:48:33+00,7351.919969,359155.3952,770,Planned Development Housing-4,Mixed use residential communities including single family and multifamily housing products with supportive non-residential uses. Maximum overall residential density of 4 units per acre.,PDH4
771,PDGI,1972,NV, , ,1900/01/01 05:00:00+00,PDGI  1972, ,1902/01/01 05:00:00+00,1902/01/01 05:00:00+00,1900/01/01 05:00:00+00,2168.746345,165212.5116,771,Planned Development-General Industrial,Medium intensity industrial uses with public nuisance potential.  It is only under the 1972 Ordinance.,PDGI
772,CCSC,2023,28,ZMAP-1994-0007, ,1995/06/21 04:00:00+00,CCSC 2023,2021_0021,1902/01/01 05:00:00+00,1902/01/01 05:00:00+00,2023/12/13 22:48:33+00,2733.490847,422324.2906,772,Commercial Center - Small Regional Center,"Small regional centers to meet shopping needs of a communitymore than a 10 minute drive from the center. Minimum of 18 acres, maximum of 60 acres. Controlled access to a major collector.",CCSC
773,C1,1972,28, , ,1900/01/01 05:00:00+00,C1    1972, ,1902/01/01 05:00:00+00,1902/01/01 05:00:00+00,1900/01/01 05:00:00+00,2218.989174,253071.7116,773,Commercial,Commercial primarily retail and personal services. C1 is under 1972 ordinance and is only within the Route 28 Tax District.,C1
774,A3,2023,, , ,1900/01/01 05:00:00+00,A3   2023,2012_0003,1902/01/01 05:00:00+00,1902/01/01 05:00:00+00,2023/12/13 22:48:33+00,2559.167333,187539.6105,774,Agricultural/Residential,Agriculture and low density residential development with a maximum density of one unit per 3 acres with a predominantly agricultural character. Rural hamlet options.,A3
775,PDSC,1972,28,ZMAP-1990-0010, ,1992/01/21 05:00:00+00,PDSC  1972, ,1902/01/01 05:00:00+00,1902/01/01 05:00:00+00,1900/01/01 05:00:00+00,1506.864758,106600.9456,775,Planned Development-Shopping Center,"Permits development of neighborhood, community, and regional shopping centers in scale with surrounding market areas. PDSC is under the 1972 ordinance.",PDSC
776,GI,2023,,ZMAP-2004-0009, ,2005/07/12 04:00:00+00,GI 2023,2023_0027,1902/01/01 05:00:00+00,1902/01/01 05:00:00+00,2023/12/13 22:48:33+00,3200.549138,312333.9514,776,General Industry,District for industrial uses that are incompatible with residential uses due to the prevelance of outdoor storage and emissions of noise and odor. ,GI
777,GI,2023,,ZMAP-1995-0008, ,1996/03/06 05:00:00+00,GI 2023,2023_0027,1902/01/01 05:00:00+00,1902/01/01 05:00:00+00,2023/12/13 22:48:33+00,1075.068766,45705.59838,777,General Industry,District for industrial uses that are incompatible with residential uses due to the prevelance of outdoor storage and emissions of noise and odor. ,GI
778,PDGI,1972,28, , ,1900/01/01 05:00:00+00,PDGI  1972, ,1902/01/01 05:00:00+00,1902/01/01 05:00:00+00,1900/01/01 05:00:00+00,3194.934406,570127.732,778,Planned Development-General Industrial,Medium intensity industrial uses with public nuisance potential.  It is only under the 1972 Ordinance.,PDGI
779,GI,2023,28, , ,1900/01/01 05:00:00+00,GI 2023,2023_0027,1902/01/01 05:00:00+00,1902/01/01 05:00:00+00,2023/12/13 22:48:33+00,1596.985873,99012.19655,779,General Industry,District for industrial uses that are incompatible with residential uses due to the prevelance of outdoor storage and emissions of noise and odor. ,GI
780,GI,2023,28, , ,1900/01/01 05:00:00+00,GI 2023,2023_0027,1902/01/01 05:00:00+00,1902/01/01 05:00:00+00,2023/12/13 22:48:33+00,4757.906393,581546.0079,780,General Industry,District for industrial uses that are incompatible with residential uses due to the prevelance of outdoor storage and emissions of noise and odor. ,GI
781,GI,2023,,ZMAP-1991-0006, ,1992/06/02 04:00:00+00,GI 2023,2023_0027,1902/01/01 05:00:00+00,1902/01/01 05:00:00+00,2023/12/13 22:48:33+00,1370.544598,91240.65416,781,General Industry,District for industrial uses that are incompatible with residential uses due to the prevelance of outdoor storage and emissions of noise and odor. ,GI
782,PDIP,1972,28,ZMAP-1988-0013, ,1989/11/06 05:00:00+00,PDIP  1972, ,1902/01/01 05:00:00+00,1902/01/01 05:00:00+00,1900/01/01 05:00:00+00,5628.972877,1643357.397,782,Planned Development-Industrial Park,Light and medium industrial uses with supporting accessory uses and facilities designed with a parklike environment. May be subject to a concept development plan.  It is only under the 1972 Ordinance.,PDIP
783,PDGI,1972,28,ZMAP-1984-0100, ,1985/03/18 04:00:00+00,PDGI  1972, ,1902/01/01 05:00:00+00,1902/01/01 05:00:00+00,1900/01/01 05:00:00+00,2288.584162,272637.7782,783,Planned Development-General Industrial,Medium intensity industrial uses with public nuisance potential.  It is only under the 1972 Ordinance.,PDGI
784,PDGI,1972,NV, , ,1900/01/01 05:00:00+00,PDGI  1972,2019_0034,1902/01/01 05:00:00+00,1902/01/01 05:00:00+00,2020/01/06 05:00:00+00,7201.516357,1458705.74,784,Planned Development-General Industrial,Medium intensity industrial uses with public nuisance potential.  It is only under the 1972 Ordinance.,PDGI
785,PDGI,1972,28,ZMAP-1989-0100, ,1992/06/08 04:00:00+00,PDGI  1972, ,1902/01/01 05:00:00+00,1902/01/01 05:00:00+00,1900/01/01 05:00:00+00,2269.412385,255030.3277,785,Planned Development-General Industrial,Medium intensity industrial uses with public nuisance potential.  It is only under the 1972 Ordinance.,PDGI
786,PDGI,1972,28,ZMAP-1986-0015, ,1986/09/15 04:00:00+00,PDGI  1972,2019_0013,1902/01/01 05:00:00+00,1902/01/01 05:00:00+00,2019/04/11 04:00:00+00,8364.544534,2519111.526,786,Planned Development-General Industrial,Medium intensity industrial uses with public nuisance potential.  It is only under the 1972 Ordinance.,PDGI
787,GI,2023,28,ZCON-2001-0005, ,2002/03/05 05:00:00+00,GI 2023,2023_0027,1902/01/01 05:00:00+00,1902/01/01 05:00:00+00,2023/12/13 22:48:33+00,1357.147344,118262.7966,787,General Industry,District for industrial uses that are incompatible with residential uses due to the prevelance of outdoor storage and emissions of noise and odor. ,GI
788,PDIP,1972,28,ZMAP-1987-0200, ,1987/10/19 04:00:00+00,PDIP  1972,2021_0021,1902/01/01 05:00:00+00,1902/01/01 05:00:00+00,2021/09/27 04:00:00+00,1726.18698,35363.93826,788,Planned Development-Industrial Park,Light and medium industrial uses with supporting accessory uses and facilities designed with a parklike environment. May be subject to a concept development plan.  It is only under the 1972 Ordinance.,PDIP
789,GI,2023,28, , ,1900/01/01 05:00:00+00,GI 2023,2023_0027,1902/01/01 05:00:00+00,1902/01/01 05:00:00+00,2023/12/13 22:48:33+00,2327.181185,201661.2285,789,General Industry,District for industrial uses that are incompatible with residential uses due to the prevelance of outdoor storage and emissions of noise and odor. ,GI
790,CCSC,2023,,ZMAP-1994-0017, ,1995/11/19 05:00:00+00,CCSC 2023,2012_0003,1902/01/01 05:00:00+00,1902/01/01 05:00:00+00,2023/12/13 22:48:33+00,4896.222984,1271687.772,790,Commercial Center - Small Regional Center,"Small regional centers to meet shopping needs of a communitymore than a 10 minute drive from the center. Minimum of 18 acres, maximum of 60 acres. Controlled access to a major collector.",CCSC
791,R1,2023,, , ,1900/01/01 05:00:00+00,R1  2023,2012_0003,1902/01/01 05:00:00+00,1902/01/01 05:00:00+00,2023/12/13 22:48:33+00,15551.58371,10803438.07,791,Single Family Residential-1,"Low-density single family detached development with a maximum density of 1 unit per 40,000 square feet; 1.2 unit per 40,000 square feet with ADU. Served by public water and sewer. Cluster and compact cluster options.",R1
792,R1,2023,NV, , ,1900/01/01 05:00:00+00,R1  2023,2012_0003,1902/01/01 05:00:00+00,1902/01/01 05:00:00+00,2023/12/13 22:48:33+00,9221.199112,3151179.077,792,Single Family Residential-1,"Low-density single family detached development with a maximum density of 1 unit per 40,000 square feet; 1.2 unit per 40,000 square feet with ADU. Served by public water and sewer. Cluster and compact cluster options.",R1
793,R1,2023,NV,ZMAP-2005-0036, ,2005/11/09 05:00:00+00,R1  2023,2012_0003,1902/01/01 05:00:00+00,1902/01/01 05:00:00+00,2023/12/13 22:48:33+00,11130.8504,5111528.05,793,Single Family Residential-1,"Low-density single family detached development with a maximum density of 1 unit per 40,000 square feet; 1.2 unit per 40,000 square feet with ADU. Served by public water and sewer. Cluster and compact cluster options.",R1
794,PDIP,1972,28, , ,1900/01/01 05:00:00+00,PDIP  1972,2021_0021,1902/01/01 05:00:00+00,1902/01/01 05:00:00+00,2021/09/27 04:00:00+00,4051.253398,568277.0352,794,Planned Development-Industrial Park,Light and medium industrial uses with supporting accessory uses and facilities designed with a parklike environment. May be subject to a concept development plan.  It is only under the 1972 Ordinance.,PDIP
795,TR2,2023,, , ,1900/01/01 05:00:00+00,TR2   2023,2012_0003,1902/01/01 05:00:00+00,1902/01/01 05:00:00+00,2023/12/13 22:48:33+00,6603.880417,966820.933,795,Transitional Residential - 2,"A blend of residential and suburban development; 1 dwelling unit per 20,000 square feet.",TR2
796,IP,2023,, , ,1900/01/01 05:00:00+00,IP 2023,2023_0027,1902/01/01 05:00:00+00,1902/01/01 05:00:00+00,2023/12/13 22:48:33+00,2827.874646,307028.005,796,Industrial Park,"District for office, light production, flex space, and warehousing uses.  Support limited first floor retail or other accessory uses that serve predominate uses.",IP
797,IP,2023,,ZMAP-1994-0017, ,1995/11/19 05:00:00+00,IP 2023,2023_0027,1902/01/01 05:00:00+00,1902/01/01 05:00:00+00,2023/12/13 22:48:33+00,4095.070501,43346.80735,797,Industrial Park,"District for office, light production, flex space, and warehousing uses.  Support limited first floor retail or other accessory uses that serve predominate uses.",IP
798,IP,2023,28, , ,1900/01/01 05:00:00+00,IP 2023,2023_0027,1902/01/01 05:00:00+00,1902/01/01 05:00:00+00,2023/12/13 22:48:33+00,514.0148869,15714.48912,798,Industrial Park,"District for office, light production, flex space, and warehousing uses.  Support limited first floor retail or other accessory uses that serve predominate uses.",IP
799,PDIP,1972,28,ZMAP-1984-0012, ,1985/02/19 05:00:00+00,PDIP  1972, ,1902/01/01 05:00:00+00,1902/01/01 05:00:00+00,1900/01/01 05:00:00+00,2356.569997,93979.39444,799,Planned Development-Industrial Park,Light and medium industrial uses with supporting accessory uses and facilities designed with a parklike environment. May be subject to a concept development plan.  It is only under the 1972 Ordinance.,PDIP
800,GI,2023,28,ZCON-2001-0001, ,2002/03/18 04:00:00+00,GI 2023,2023_0027,1902/01/01 05:00:00+00,1902/01/01 05:00:00+00,2023/12/13 22:48:33+00,4019.984233,889976.1516,800,General Industry,District for industrial uses that are incompatible with residential uses due to the prevelance of outdoor storage and emissions of noise and odor. ,GI
801,TR2,2023,, ,Z2000-0055,1900/01/01 05:00:00+00,TR2   2023,2021_0017,1902/01/01 05:00:00+00,1902/01/01 05:00:00+00,2023/12/13 22:48:33+00,1241.136687,59119.06084,801,Transitional Residential - 2,"A blend of residential and suburban development; 1 dwelling unit per 20,000 square feet.",TR2
802,IP,2023,28,ZCON-1997-0001, ,1997/05/07 04:00:00+00,IP 2023,2023_0027,1902/01/01 05:00:00+00,1902/01/01 05:00:00+00,2023/12/13 22:48:33+00,2669.655062,293247.8894,802,Industrial Park,"District for office, light production, flex space, and warehousing uses.  Support limited first floor retail or other accessory uses that serve predominate uses.",IP
803,PDH6,2023,,ZMAP-2002-0022, ,2005/10/18 04:00:00+00,PDH6  2023,2012_0003,1902/01/01 05:00:00+00,1902/01/01 05:00:00+00,2023/12/13 22:48:33+00,7381.804306,2586480.373,803,Planned Development Housing-6,Mixed use residential communities including single family and multifamily housing products with supportive non-residential uses. Maximum overall residential density of 6 units per acre.,PDH6
804,CLI,2023,, , ,1900/01/01 05:00:00+00,CLI  2023,2012_0003,1902/01/01 05:00:00+00,1902/01/01 05:00:00+00,2023/12/13 22:48:33+00,6043.97135,1314478.399,804,Commercial/Light Industry,"Mix of similar and compatible light industrial uses and office uses and related supportive commercial, retail and service  uses on minimum one acre lots. Only along Route 50 from Fairfax/Loudoun County line west to Route 659.",CLI
805,PDIP,1972,28, , ,1900/01/01 05:00:00+00,PDIP  1972, ,1902/01/01 05:00:00+00,1902/01/01 05:00:00+00,1900/01/01 05:00:00+00,2008.317263,240702.2643,805,Planned Development-Industrial Park,Light and medium industrial uses with supporting accessory uses and facilities designed with a parklike environment. May be subject to a concept development plan.  It is only under the 1972 Ordinance.,PDIP
806,GI,2023,, , ,1900/01/01 05:00:00+00,GI 2023,2023_0027,1902/01/01 05:00:00+00,1902/01/01 05:00:00+00,2023/12/13 22:48:33+00,4676.849369,882343.9465,806,General Industry,District for industrial uses that are incompatible with residential uses due to the prevelance of outdoor storage and emissions of noise and odor. ,GI
807,GI,2023,, , ,1900/01/01 05:00:00+00,GI 2023,2023_0027,1902/01/01 05:00:00+00,1902/01/01 05:00:00+00,2023/12/13 22:48:33+00,10005.84457,3726886.261,807,General Industry,District for industrial uses that are incompatible with residential uses due to the prevelance of outdoor storage and emissions of noise and odor. ,GI
808,GI,2023,,ZMAP-2004-0002, ,2004/12/07 05:00:00+00,GI 2023,2023_0027,1902/01/01 05:00:00+00,1902/01/01 05:00:00+00,2023/12/13 22:48:33+00,1369.292475,107274.5253,808,General Industry,District for industrial uses that are incompatible with residential uses due to the prevelance of outdoor storage and emissions of noise and odor. ,GI
809,PDRDP,2023,28,ZMAP-1988-0001,2015_0040,1989/11/22 05:00:00+00,PDRDP 2023,2021_0029,1902/01/01 05:00:00+00,1902/01/01 05:00:00+00,2023/12/13 22:48:33+00,10642.9571,519850.4932,809,Planned Development-Research and Development Park,"Planned mixed employment park a minimum of 20 acres in size & within the Rt 28 Tax District, subject to an adopted concept development plan, which allows the mixing of research and development firms, office complexes, certain types of manufacturing and interrelated land uses.",PDRDP
810,RC,2023,, ,Z2000-0055,1900/01/01 05:00:00+00,RC  2023,2021_0017,1902/01/01 05:00:00+00,1902/01/01 05:00:00+00,2023/12/13 22:48:33+00,3048.271846,574961.6829,810,Rural Commercial,Commercial properties predominantly located in rural Loudoun. Uses are compatible with scale and character of general open and rural character of Rural North & South Place Types.,RC
811,CCCC,2023,,ZMAP-2012-0013, ,2015/01/21 05:00:00+00,CCCC 2023,2023_0027,1902/01/01 05:00:00+00,1902/01/01 05:00:00+00,2023/12/13 22:48:33+00,3825.413075,918957.6614,811,Commercial Center - Community Center,"Serves retail shopping needs of surrounding community with 10 minutes drive. Minimum of 4 acres, maximum of 22 acres.",CCCC
812,IP,2023,28,ZMAP-1999-0003,Z2000-0027,1999/10/06 04:00:00+00,IP 2023,2023_0027,1902/01/01 05:00:00+00,1902/01/01 05:00:00+00,2023/12/13 22:48:33+00,1064.366343,65795.36325,812,Industrial Park,"District for office, light production, flex space, and warehousing uses.  Support limited first floor retail or other accessory uses that serve predominate uses.",IP
813,A3,2023,,ZMAP-1992-0006, ,1993/06/16 04:00:00+00,A3   2023,2012_0003,1902/01/01 05:00:00+00,1902/01/01 05:00:00+00,2023/12/13 22:48:33+00,2373.834027,248750.1441,813,Agricultural/Residential,Agriculture and low density residential development with a maximum density of one unit per 3 acres with a predominantly agricultural character. Rural hamlet options.,A3
814,PDH4,2023,NV,ZMAP-1986-0013, ,1987/09/21 04:00:00+00,PDH4  2023,2012_0003,1902/01/01 05:00:00+00,1902/01/01 05:00:00+00,2023/12/13 22:48:33+00,545.6177398,4092.696766,814,Planned Development Housing-4,Mixed use residential communities including single family and multifamily housing products with supportive non-residential uses. Maximum overall residential density of 4 units per acre.,PDH4
815,CR1,2023,, , ,1900/01/01 05:00:00+00,CR1  2023,2022_0005,1902/01/01 05:00:00+00,1902/01/01 05:00:00+00,2023/12/13 22:48:33+00,18230.74901,6173696.326,815,Countryside Residential-1,"Residential development with a maximum density of 1 unit per 40,000 square feet with on-site well and wastewater. 1 unit per 40,000 square feet served by public water/sewer in cluster/complact cluster options.",CR1
816,IP,2023,,ZMAP-2020-0003,,2022/02/15 05:00:00+00,IP 2023,2023_0027,1902/01/01 05:00:00+00,1902/01/01 05:00:00+00,2023/12/13 22:48:33+00,17492.84126,7008453.604,816,Industrial Park,"District for office, light production, flex space, and warehousing uses.  Support limited first floor retail or other accessory uses that serve predominate uses.",IP
817,GI,2023,,ZMAP-1986-0500, ,1988/04/18 04:00:00+00,GI 2023,2023_0027,1902/01/01 05:00:00+00,1902/01/01 05:00:00+00,2023/12/13 22:48:33+00,9679.379042,3782883.028,817,General Industry,District for industrial uses that are incompatible with residential uses due to the prevelance of outdoor storage and emissions of noise and odor. ,GI
818,IP,2023,NV,ZMAP-1993-0005,Z2000-0048,1995/11/16 05:00:00+00,IP 2023,2023_0027,1902/01/01 05:00:00+00,1902/01/01 05:00:00+00,2023/12/13 22:48:33+00,8130.837395,2381644.335,818,Industrial Park,"District for office, light production, flex space, and warehousing uses.  Support limited first floor retail or other accessory uses that serve predominate uses.",IP
819,GI,2023,, , ,1900/01/01 05:00:00+00,GI 2023,2023_0027,1902/01/01 05:00:00+00,1902/01/01 05:00:00+00,2023/12/13 22:48:33+00,11645.23738,6707347.942,819,General Industry,District for industrial uses that are incompatible with residential uses due to the prevelance of outdoor storage and emissions of noise and odor. ,GI
820,IP,2023,28,ZRTD-2011-0003, ,2012/05/15 04:00:00+00,IP 2023,2023_0027,1902/01/01 05:00:00+00,1902/01/01 05:00:00+00,2023/12/13 22:48:33+00,9917.758881,2780484.523,820,Industrial Park,"District for office, light production, flex space, and warehousing uses.  Support limited first floor retail or other accessory uses that serve predominate uses.",IP
821,IP,2023,NV,ZMAP-2012-0006, ,2015/09/02 04:00:00+00,IP 2023,2023_0027,1902/01/01 05:00:00+00,1902/01/01 05:00:00+00,2023/12/13 22:48:33+00,4556.961925,1141422.859,821,Industrial Park,"District for office, light production, flex space, and warehousing uses.  Support limited first floor retail or other accessory uses that serve predominate uses.",IP
822,RC,2023,,ZMAP-1992-0006, ,1993/06/16 04:00:00+00,RC  2023,2012_0003,1902/01/01 05:00:00+00,1902/01/01 05:00:00+00,2023/12/13 22:48:33+00,4688.926041,1314919.984,822,Rural Commercial,Commercial properties predominantly located in rural Loudoun. Uses are compatible with scale and character of general open and rural character of Rural North & South Place Types.,RC
823,GI,2023,,ZMAP-1984-0006, ,1984/02/17 05:00:00+00,GI 2023,2023_0027,1902/01/01 05:00:00+00,1902/01/01 05:00:00+00,2023/12/13 22:48:33+00,7145.889461,2510916.256,823,General Industry,District for industrial uses that are incompatible with residential uses due to the prevelance of outdoor storage and emissions of noise and odor. ,GI
824,R1,2023,, , ,1900/01/01 05:00:00+00,R1  2023,2012_0003,1902/01/01 05:00:00+00,1902/01/01 05:00:00+00,2023/12/13 22:48:33+00,1267.907082,88061.97877,824,Single Family Residential-1,"Low-density single family detached development with a maximum density of 1 unit per 40,000 square feet; 1.2 unit per 40,000 square feet with ADU. Served by public water and sewer. Cluster and compact cluster options.",R1
825,A3,2023,, , ,1900/01/01 05:00:00+00,A3   2023,2012_0003,1902/01/01 05:00:00+00,1902/01/01 05:00:00+00,2023/12/13 22:48:33+00,1326.795277,10205.51485,825,Agricultural/Residential,Agriculture and low density residential development with a maximum density of one unit per 3 acres with a predominantly agricultural character. Rural hamlet options.,A3
826,IP,2023,28,ZRTD-2022-0002, ,2023/02/15 05:00:00+00,IP 2023,2023_0027,1902/01/01 05:00:00+00,1902/01/01 05:00:00+00,2023/12/13 22:48:33+00,7632.274199,682640.1323,826,Industrial Park,"District for office, light production, flex space, and warehousing uses.  Support limited first floor retail or other accessory uses that serve predominate uses.",IP
827,TC,2023,NV,ZMAP-2012-0019,Z2014_0006,2014/04/16 04:00:00+00,TC 2023,2023_0027,1902/01/01 05:00:00+00,1902/01/01 05:00:00+00,2023/12/13 22:48:33+00,3299.872926,646695.4443,827,Town Center,"A district established to provide for a compatible mixture of commercial, cultural, institutional, governmental, and residential uses in compact pedestrian oriented, traditional town centers, in areas consistent with the General Plan & serving as focal points for substantial residential areas.",TC
828,R8,2023,,ZMAP-2015-0011, ,1900/01/01 05:00:00+00,R8  2023,2017_0001,1902/01/01 05:00:00+00,1902/01/01 05:00:00+00,2023/12/13 22:48:33+00,2355.39724,304844.6139,828,Single Family Residential-8,"Moderate to medium density single family detached, duplex, townhouse, and single family attached development with a maximum density of 8 units per acre, 9.6 units per acre with ADU. Served by public water and sewer. Traditional and suburban design options.",R8
829,A3,2023,, , ,1900/01/01 05:00:00+00,A3   2023,2012_0003,1902/01/01 05:00:00+00,1902/01/01 05:00:00+00,2023/12/13 22:48:33+00,6667.030081,922227.4658,829,Agricultural/Residential,Agriculture and low density residential development with a maximum density of one unit per 3 acres with a predominantly agricultural character. Rural hamlet options.,A3
830,CR2,2023,, , ,1900/01/01 05:00:00+00,CR2   2023,2012_0003,1902/01/01 05:00:00+00,1902/01/01 05:00:00+00,2023/12/13 22:48:33+00,1917.116838,227088.0579,830,Countryside Residential-2,"Residential development with a maximum density of 1 unit per 40,000 square feet with on-site well and wastewater. 1 unit per 20,000 square feet served by public water/sewer in cluster/complact cluster options.",CR2
831,IP,2023,28, , ,1900/01/01 05:00:00+00,IP 2023,2023_0027,1902/01/01 05:00:00+00,1902/01/01 05:00:00+00,2023/12/13 22:48:33+00,7797.407725,1706984.634,831,Industrial Park,"District for office, light production, flex space, and warehousing uses.  Support limited first floor retail or other accessory uses that serve predominate uses.",IP
832,A3,2023,, , ,1900/01/01 05:00:00+00,A3   2023,2012_0003,1902/01/01 05:00:00+00,1902/01/01 05:00:00+00,2023/12/13 22:48:33+00,6827.665257,1088068.201,832,Agricultural/Residential,Agriculture and low density residential development with a maximum density of one unit per 3 acres with a predominantly agricultural character. Rural hamlet options.,A3
833,PDH4,2023,,ZMAP-2003-0014, ,2005/06/07 04:00:00+00,PDH4  2023,2012_0003,1902/01/01 05:00:00+00,1902/01/01 05:00:00+00,2023/12/13 22:48:33+00,5745.740046,1700938.599,833,Planned Development Housing-4,Mixed use residential communities including single family and multifamily housing products with supportive non-residential uses. Maximum overall residential density of 4 units per acre.,PDH4
834,RC,2023,, , ,1900/01/01 05:00:00+00,RC  2023,2012_0003,1902/01/01 05:00:00+00,1902/01/01 05:00:00+00,2023/12/13 22:48:33+00,5445.865237,784531.1445,834,Rural Commercial,Commercial properties predominantly located in rural Loudoun. Uses are compatible with scale and character of general open and rural character of Rural North & South Place Types.,RC
835,IP,2023,28, , ,1900/01/01 05:00:00+00,IP 2023,2023_0027,1902/01/01 05:00:00+00,1902/01/01 05:00:00+00,2023/12/13 22:48:33+00,1487.545378,131509.9174,835,Industrial Park,"District for office, light production, flex space, and warehousing uses.  Support limited first floor retail or other accessory uses that serve predominate uses.",IP
836,PDGI,1972,NV,ZMAP-1987-0026, ,1988/03/21 04:00:00+00,PDGI  1972, ,1902/01/01 05:00:00+00,1902/01/01 05:00:00+00,2024/01/09 05:00:00+00,3754.883261,757760.8174,836,Planned Development-General Industrial,Medium intensity industrial uses with public nuisance potential.  It is only under the 1972 Ordinance.,PDGI
837,IP,2023,28, , ,1900/01/01 05:00:00+00,IP 2023,2023_0027,1902/01/01 05:00:00+00,1902/01/01 05:00:00+00,2023/12/13 22:48:33+00,3080.547534,369101.8233,837,Industrial Park,"District for office, light production, flex space, and warehousing uses.  Support limited first floor retail or other accessory uses that serve predominate uses.",IP
838,R1,2023,NV, ,Z2001-0006,1900/01/01 05:00:00+00,R1  2023,2012_0003,1902/01/01 05:00:00+00,1902/01/01 05:00:00+00,2023/12/13 22:48:33+00,3949.677845,151513.2822,838,Single Family Residential-1,"Low-density single family detached development with a maximum density of 1 unit per 40,000 square feet; 1.2 unit per 40,000 square feet with ADU. Served by public water and sewer. Cluster and compact cluster options.",R1
839,R1,2023,, , ,1900/01/01 05:00:00+00,R1  2023,2012_0003,1902/01/01 05:00:00+00,1902/01/01 05:00:00+00,2023/12/13 22:48:33+00,10230.63623,3987003.904,839,Single Family Residential-1,"Low-density single family detached development with a maximum density of 1 unit per 40,000 square feet; 1.2 unit per 40,000 square feet with ADU. Served by public water and sewer. Cluster and compact cluster options.",R1
840,R4,2023,NV, , ,1900/01/01 05:00:00+00,R4  2023,2012_0003,1902/01/01 05:00:00+00,1902/01/01 05:00:00+00,2023/12/13 22:48:33+00,2522.553793,27628.97037,840,Single Family Residential-4,"Moderate density single family detached development with a maximum density of 1 unit per 10,000 square feet, 4.8 units per acre with ADU. Served by public water and sewer. Cluster, suburban, and traditional design and compact cluster options.",R4
841,CR1,2023,, , ,1900/01/01 05:00:00+00,CR1  2023,2015_0032,1902/01/01 05:00:00+00,1902/01/01 05:00:00+00,2023/12/13 22:48:33+00,9781.009976,2373082.205,841,Countryside Residential-1,"Residential development with a maximum density of 1 unit per 40,000 square feet with on-site well and wastewater. 1 unit per 40,000 square feet served by public water/sewer in cluster/complact cluster options.",CR1
842,IP,2023,28,ZMAP-1993-0006, ,1994/12/21 05:00:00+00,IP 2023,2023_0027,1902/01/01 05:00:00+00,1902/01/01 05:00:00+00,2023/12/13 22:48:33+00,1266.419719,92149.46505,842,Industrial Park,"District for office, light production, flex space, and warehousing uses.  Support limited first floor retail or other accessory uses that serve predominate uses.",IP
843,PDIP,1972,28, , ,1900/01/01 05:00:00+00,PDIP  1972, ,1902/01/01 05:00:00+00,1902/01/01 05:00:00+00,1900/01/01 05:00:00+00,2194.927445,284675.6575,843,Planned Development-Industrial Park,Light and medium industrial uses with supporting accessory uses and facilities designed with a parklike environment. May be subject to a concept development plan.  It is only under the 1972 Ordinance.,PDIP
844,R1,2023,NV, , ,1900/01/01 05:00:00+00,R1  2023,2022_0034,1902/01/01 05:00:00+00,1902/01/01 05:00:00+00,2023/12/13 22:48:33+00,7382.952353,1987353.771,844,Single Family Residential-1,"Low-density single family detached development with a maximum density of 1 unit per 40,000 square feet; 1.2 unit per 40,000 square feet with ADU. Served by public water and sewer. Cluster and compact cluster options.",R1
845,GI,2023,28, , ,1900/01/01 05:00:00+00,GI 2023,2023_0027,1902/01/01 05:00:00+00,1902/01/01 05:00:00+00,2023/12/13 22:48:33+00,2238.638314,256984.2115,845,General Industry,District for industrial uses that are incompatible with residential uses due to the prevelance of outdoor storage and emissions of noise and odor. ,GI
846,R1,2023,28, , ,1900/01/01 05:00:00+00,R1  2023,2012_0003,1902/01/01 05:00:00+00,1902/01/01 05:00:00+00,2023/12/13 22:48:33+00,1490.312348,118543.8224,846,Single Family Residential-1,"Low-density single family detached development with a maximum density of 1 unit per 40,000 square feet; 1.2 unit per 40,000 square feet with ADU. Served by public water and sewer. Cluster and compact cluster options.",R1
847,R1,2023,NV, , ,1900/01/01 05:00:00+00,R1  2023,2012_0003,1902/01/01 05:00:00+00,1902/01/01 05:00:00+00,2023/12/13 22:48:33+00,1081.490362,54094.34474,847,Single Family Residential-1,"Low-density single family detached development with a maximum density of 1 unit per 40,000 square feet; 1.2 unit per 40,000 square feet with ADU. Served by public water and sewer. Cluster and compact cluster options.",R1
848,TR10,2023,, , ,1900/01/01 05:00:00+00,TR10  2023,2015_0015,1902/01/01 05:00:00+00,1902/01/01 05:00:00+00,2023/12/13 22:48:33+00,1949.396826,133099.4869,848,Transitional Residential - 10,"Residential with cluster (70% open space); 1.0 dwelling unit per 10 acres, 1.2 dwelling units per 10 acres with ADU",TR10
849,C1,1972,28, , ,1900/01/01 05:00:00+00,C1    1972, ,1902/01/01 05:00:00+00,1902/01/01 05:00:00+00,1900/01/01 05:00:00+00,5848.40948,1284811.759,849,Commercial,Commercial primarily retail and personal services. C1 is under 1972 ordinance and is only within the Route 28 Tax District.,C1
850,C1,1972,28,ZMAP-1984-0013, ,1985/05/20 04:00:00+00,C1    1972, ,1902/01/01 05:00:00+00,1902/01/01 05:00:00+00,1900/01/01 05:00:00+00,1415.121531,71416.53204,850,Commercial,Commercial primarily retail and personal services. C1 is under 1972 ordinance and is only within the Route 28 Tax District.,C1
851,GI,2023,,ZMAP-1986-0027, ,1988/07/05 04:00:00+00,GI 2023,2023_0027,1902/01/01 05:00:00+00,1902/01/01 05:00:00+00,2023/12/13 22:48:33+00,11141.20236,4878977.793,851,General Industry,District for industrial uses that are incompatible with residential uses due to the prevelance of outdoor storage and emissions of noise and odor. ,GI
852,R16,2023,28,ZMAP-1991-0010, ,1993/05/05 04:00:00+00,R16  2023,2012_0003,1902/01/01 05:00:00+00,1902/01/01 05:00:00+00,2023/12/13 22:48:33+00,5440.943207,1147994.362,852,Townhouse/Multifamily Residential-16,Single family attached/detached and multifamily residences at a maximum density of 16 units per acre; 19.2 units per acre with ADU. Served by public water and sewer. In areas designated for infill development. Traditional design option.,R16
853,PDSC,1972,28, , ,1900/01/01 05:00:00+00,PDSC  1972,2021_0011,1902/01/01 05:00:00+00,1902/01/01 05:00:00+00,2021/05/11 04:00:00+00,910.1540611,41916.26901,853,Planned Development-Shopping Center,"Permits development of neighborhood, community, and regional shopping centers in scale with surrounding market areas. PDSC is under the 1972 ordinance.",PDSC
854,PDIP,1972,28, , ,1900/01/01 05:00:00+00,PDIP  1972,2020-0001,1902/01/01 05:00:00+00,1902/01/01 05:00:00+00,2021/01/14 05:00:00+00,59720.09573,4921789.466,854,Planned Development-Industrial Park,Light and medium industrial uses with supporting accessory uses and facilities designed with a parklike environment. May be subject to a concept development plan.  It is only under the 1972 Ordinance.,PDIP
855,RC,2023,, , ,1900/01/01 05:00:00+00,RC  2023,2012_0003,1902/01/01 05:00:00+00,1902/01/01 05:00:00+00,2023/12/13 22:48:33+00,1747.342264,112637.605,855,Rural Commercial,Commercial properties predominantly located in rural Loudoun. Uses are compatible with scale and character of general open and rural character of Rural North & South Place Types.,RC
856,PDH6,2023,28,ZMAP-1988-0008, ,1990/07/03 04:00:00+00,PDH6  2023,2012_0003,1902/01/01 05:00:00+00,1902/01/01 05:00:00+00,2023/12/13 22:48:33+00,5887.834745,750623.3278,856,Planned Development Housing-6,Mixed use residential communities including single family and multifamily housing products with supportive non-residential uses. Maximum overall residential density of 6 units per acre.,PDH6
857,IP,2023,NV,ZMAP-1996-0004, ,1997/04/16 04:00:00+00,IP 2023,2023_0027,1902/01/01 05:00:00+00,1902/01/01 05:00:00+00,2023/12/13 22:48:33+00,7171.81552,1494636.142,857,Industrial Park,"District for office, light production, flex space, and warehousing uses.  Support limited first floor retail or other accessory uses that serve predominate uses.",IP
858,R16,2023,28,ZMAP-1998-0006,Z2000-0029,1999/11/17 05:00:00+00,R16  2023,2012_0003,1902/01/01 05:00:00+00,1902/01/01 05:00:00+00,2023/12/13 22:48:33+00,3386.957785,486502.8108,858,Townhouse/Multifamily Residential-16,Single family attached/detached and multifamily residences at a maximum density of 16 units per acre; 19.2 units per acre with ADU. Served by public water and sewer. In areas designated for infill development. Traditional design option.,R16
859,IP,2023,28,ZMAP-2005-0027, ,2005/12/13 05:00:00+00,IP 2023,2023_0027,1902/01/01 05:00:00+00,1902/01/01 05:00:00+00,2023/12/13 22:48:33+00,2048.311963,206367.0785,859,Industrial Park,"District for office, light production, flex space, and warehousing uses.  Support limited first floor retail or other accessory uses that serve predominate uses.",IP
860,CCCC,2023,NV,ZMAP-2014-0005, ,2015/07/15 04:00:00+00,CCCC 2023,2023_0027,1902/01/01 05:00:00+00,1902/01/01 05:00:00+00,2023/12/13 22:48:33+00,5246.662363,421421.2289,860,Commercial Center - Community Center,"Serves retail shopping needs of surrounding community with 10 minutes drive. Minimum of 4 acres, maximum of 22 acres.",CCCC
861,IP,2023,NV,ZMAP-1985-0019, ,1986/05/19 04:00:00+00,IP 2023,2023_0027,1902/01/01 05:00:00+00,1902/01/01 05:00:00+00,2023/12/13 22:48:33+00,4115.431992,669243.1255,861,Industrial Park,"District for office, light production, flex space, and warehousing uses.  Support limited first floor retail or other accessory uses that serve predominate uses.",IP
862,PDH3,2023,,ZMAP-1976-0244, ,1977/12/05 05:00:00+00,PDH3  2023,2016_0030,1902/01/01 05:00:00+00,1902/01/01 05:00:00+00,2023/12/13 22:48:33+00,16436.9526,12820854.06,862,Planned Development Housing-3,Mixed use residential communities including single family and multifamily housing products with supportive non-residential uses. Maximum overall residential density of 3 units per acre.,PDH3
863,R16,2023,,ZMAP-1990-0015,Z2000-0036,1993/02/03 05:00:00+00,R16  2023,2016_0030,1902/01/01 05:00:00+00,1902/01/01 05:00:00+00,2023/12/13 22:48:33+00,9803.844035,4832885.143,863,Townhouse/Multifamily Residential-16,Single family attached/detached and multifamily residences at a maximum density of 16 units per acre; 19.2 units per acre with ADU. Served by public water and sewer. In areas designated for infill development. Traditional design option.,R16
864,CCCC,2023,28,ZCON-1995-0001, ,1996/11/29 05:00:00+00,CCCC 2023,2023_0027,1902/01/01 05:00:00+00,1902/01/01 05:00:00+00,2023/12/13 22:48:33+00,1319.466466,106667.6558,864,Commercial Center - Community Center,"Serves retail shopping needs of surrounding community with 10 minutes drive. Minimum of 4 acres, maximum of 22 acres.",CCCC
865,R2,2023,NV, , ,1900/01/01 05:00:00+00,R2  2023,2012_0003,1902/01/01 05:00:00+00,1902/01/01 05:00:00+00,2023/12/13 22:48:33+00,15497.26873,8232378.806,865,Single Family Residential-2,"Low to moderate density single family detached development with a maximum density of 1 unit per 20,000 square feet, 1.2 units per 20,000 square feet with ADU. Served by public water and sewer. Cluster, suburban, compact cluster, and traditional design options.",R2
866,R4,2023,, , ,1900/01/01 05:00:00+00,R4  2023,2012_0003,1902/01/01 05:00:00+00,1902/01/01 05:00:00+00,2023/12/13 22:48:33+00,2114.902708,109133.5603,866,Single Family Residential-4,"Moderate density single family detached development with a maximum density of 1 unit per 10,000 square feet, 4.8 units per acre with ADU. Served by public water and sewer. Cluster, suburban, and traditional design and compact cluster options.",R4
867,PDIP,1972,28, , ,1900/01/01 05:00:00+00,PDIP  1972, ,1902/01/01 05:00:00+00,1902/01/01 05:00:00+00,1900/01/01 05:00:00+00,2247.512473,197788.5848,867,Planned Development-Industrial Park,Light and medium industrial uses with supporting accessory uses and facilities designed with a parklike environment. May be subject to a concept development plan.  It is only under the 1972 Ordinance.,PDIP
868,R4,2023,NV,ZMAP-1983-0331, ,1984/02/06 05:00:00+00,R4  2023,2012_0003,1902/01/01 05:00:00+00,1902/01/01 05:00:00+00,2023/12/13 22:48:33+00,690.3137793,23879.93157,868,Single Family Residential-4,"Moderate density single family detached development with a maximum density of 1 unit per 10,000 square feet, 4.8 units per acre with ADU. Served by public water and sewer. Cluster, suburban, and traditional design and compact cluster options.",R4
869,IP,2023,28,ZMAP-2004-0007, ,2004/07/27 04:00:00+00,IP 2023,2023_0027,1902/01/01 05:00:00+00,1902/01/01 05:00:00+00,2023/12/13 22:48:33+00,2928.786845,422127.0201,869,Industrial Park,"District for office, light production, flex space, and warehousing uses.  Support limited first floor retail or other accessory uses that serve predominate uses.",IP
870,IP,2023,NV, , ,1900/01/01 05:00:00+00,IP 2023,2023_0027,1902/01/01 05:00:00+00,1902/01/01 05:00:00+00,2023/12/13 22:48:33+00,13733.15242,2640396.204,870,Industrial Park,"District for office, light production, flex space, and warehousing uses.  Support limited first floor retail or other accessory uses that serve predominate uses.",IP
871,PDH4,2023,,ZMAP-2003-0007, ,2004/11/01 04:00:00+00,PDH4  2023,2012_0003,1902/01/01 05:00:00+00,1902/01/01 05:00:00+00,2023/12/13 22:48:33+00,5687.145927,1851891.003,871,Planned Development Housing-4,Mixed use residential communities including single family and multifamily housing products with supportive non-residential uses. Maximum overall residential density of 4 units per acre.,PDH4
872,IP,2023,NV,ZRTD-2016-0002, ,2006/06/20 04:00:00+00,IP 2023,2023_0027,1902/01/01 05:00:00+00,1902/01/01 05:00:00+00,2023/12/13 22:48:33+00,4551.727763,1260449.495,872,Industrial Park,"District for office, light production, flex space, and warehousing uses.  Support limited first floor retail or other accessory uses that serve predominate uses.",IP
873,IP,2023,NV,ZMAP-1989-0038,Z2000-0039,1991/07/02 04:00:00+00,IP 2023,2023_0027,1902/01/01 05:00:00+00,1902/01/01 05:00:00+00,2023/12/13 22:48:33+00,2263.152703,289589.4548,873,Industrial Park,"District for office, light production, flex space, and warehousing uses.  Support limited first floor retail or other accessory uses that serve predominate uses.",IP
874,IP,2023,28,ZMAP-2011-0002,190,2011/07/19 04:00:00+00,IP 2023,2023_0027,1902/01/01 05:00:00+00,1902/01/01 05:00:00+00,2023/12/13 22:48:33+00,1479.509921,136403.3365,874,Industrial Park,"District for office, light production, flex space, and warehousing uses.  Support limited first floor retail or other accessory uses that serve predominate uses.",IP
875,OP,2023,,ZMAP-1989-0038,Z2000-0039,1991/07/02 04:00:00+00,OP 2023,2023_0027,1902/01/01 05:00:00+00,1902/01/01 05:00:00+00,2023/12/13 22:48:33+00,2392.495506,336264.0494,875,Office Park,"District for administrative, business and professional offices research and development, and supporting commercial and instibutional uses and facilities; support limited first floor retail.",OP
876,IP,2023,28,ZMAP-2007-0010,136,2008/07/07 04:00:00+00,IP 2023,2023_0027,1902/01/01 05:00:00+00,1902/01/01 05:00:00+00,2023/12/13 22:48:33+00,1818.666681,185970.4713,876,Industrial Park,"District for office, light production, flex space, and warehousing uses.  Support limited first floor retail or other accessory uses that serve predominate uses.",IP
877,IP,2023,28,ZRTD-2012-0007,215,2012/11/13 05:00:00+00,IP 2023,2023_0027,1902/01/01 05:00:00+00,1902/01/01 05:00:00+00,2023/12/13 22:48:33+00,5673.572282,1869297.064,877,Industrial Park,"District for office, light production, flex space, and warehousing uses.  Support limited first floor retail or other accessory uses that serve predominate uses.",IP
878,CR1,2023,, , ,1900/01/01 05:00:00+00,CR1  2023,2012_0003,1902/01/01 05:00:00+00,1902/01/01 05:00:00+00,2023/12/13 22:48:33+00,1727.265137,56436.17488,878,Countryside Residential-1,"Residential development with a maximum density of 1 unit per 40,000 square feet with on-site well and wastewater. 1 unit per 40,000 square feet served by public water/sewer in cluster/complact cluster options.",CR1
879,R4,2023,NV,ZMAP-1984-0050, ,1984/05/07 04:00:00+00,R4  2023,2012_0003,1902/01/01 05:00:00+00,1902/01/01 05:00:00+00,2023/12/13 22:48:33+00,5174.36043,1265736.789,879,Single Family Residential-4,"Moderate density single family detached development with a maximum density of 1 unit per 10,000 square feet, 4.8 units per acre with ADU. Served by public water and sewer. Cluster, suburban, and traditional design and compact cluster options.",R4
880,GI,2023,,ZMAP-1988-0200, ,1989/04/03 04:00:00+00,GI 2023,2023_0027,1902/01/01 05:00:00+00,1902/01/01 05:00:00+00,2023/12/13 22:48:33+00,15205.19945,14961833.5,880,General Industry,District for industrial uses that are incompatible with residential uses due to the prevelance of outdoor storage and emissions of noise and odor. ,GI
881,R4,2023,28, , ,1900/01/01 05:00:00+00,R4  2023,2023_0011,1902/01/01 05:00:00+00,1902/01/01 05:00:00+00,2023/12/13 22:48:33+00,1053.708397,18271.55019,881,Single Family Residential-4,"Moderate density single family detached development with a maximum density of 1 unit per 10,000 square feet, 4.8 units per acre with ADU. Served by public water and sewer. Cluster, suburban, and traditional design and compact cluster options.",R4
882,PDGI,1972,NV,ZMAP-0000-0306, ,1985/07/17 04:00:00+00,PDGI  1972,2021_0006,1902/01/01 05:00:00+00,1902/01/01 05:00:00+00,2021/02/23 05:00:00+00,4582.671395,206364.5023,882,Planned Development-General Industrial,Medium intensity industrial uses with public nuisance potential.  It is only under the 1972 Ordinance.,PDGI
883,PDH3,2023,,ZMAP-0000-0319, ,1983/02/22 05:00:00+00,PDH3  2023,2023_0010,1902/01/01 05:00:00+00,1902/01/01 05:00:00+00,2023/12/13 22:48:33+00,5725.099302,1580143.359,883,Planned Development Housing-3,Mixed use residential communities including single family and multifamily housing products with supportive non-residential uses. Maximum overall residential density of 3 units per acre.,PDH3
884,R8,2023,,ZMAP-2004-0026, ,2007/10/16 04:00:00+00,R8  2023,2019_0001,1902/01/01 05:00:00+00,1902/01/01 05:00:00+00,2023/12/13 22:48:33+00,5182.632537,892990.4101,884,Single Family Residential-8,"Moderate to medium density single family detached, duplex, townhouse, and single family attached development with a maximum density of 8 units per acre, 9.6 units per acre with ADU. Served by public water and sewer. Traditional and suburban design options.",R8
885,R16,2023,28,ZMAP-1989-0140, ,1990/09/04 04:00:00+00,R16  2023,2012_0003,1902/01/01 05:00:00+00,1902/01/01 05:00:00+00,2023/12/13 22:48:33+00,2802.533152,479822.6114,885,Townhouse/Multifamily Residential-16,Single family attached/detached and multifamily residences at a maximum density of 16 units per acre; 19.2 units per acre with ADU. Served by public water and sewer. In areas designated for infill development. Traditional design option.,R16
886,R3,2023,,ZMAP-2001-0001, ,2002/10/21 04:00:00+00,R3   2023,2012_0003,1902/01/01 05:00:00+00,1902/01/01 05:00:00+00,2023/12/13 22:48:33+00,4111.308764,977524.7765,886,Single Family Residential-3,"Moderate density single family detached development with a maximum density of 1 unit per 15,000 square feet, 1.2 units per 15,000 square feet. Served by public water and sewer. Cluster, compact cluster, suburban, and traditional design options.",R3
887,TRC,2023,,ZMAP-2013-0006,,2019/03/21 04:00:00+00,TRC 2023,2023_0027,1902/01/01 05:00:00+00,1902/01/01 05:00:00+00,2023/12/13 22:48:33+00,10424.37191,4476914.396,887,Transit Related Center,"District established to provide for a compatible mixture of commercial, cultural, institutional, governmental, recreational, and high-density housing uses in compact, pedestrian oriented, transit oriented developments and transit-designed supportive areas. Supports General Plan.",TRC
888,R4,2023,NV,ZMAP-0000-0313, ,1982/12/06 05:00:00+00,R4  2023,2012_0003,1902/01/01 05:00:00+00,1902/01/01 05:00:00+00,2023/12/13 22:48:33+00,4525.012261,539646.5141,888,Single Family Residential-4,"Moderate density single family detached development with a maximum density of 1 unit per 10,000 square feet, 4.8 units per acre with ADU. Served by public water and sewer. Cluster, suburban, and traditional design and compact cluster options.",R4
889,IP,2023,28,ZMAP-2012-0018, ,2013/07/10 04:00:00+00,IP 2023,2023_0027,1902/01/01 05:00:00+00,1902/01/01 05:00:00+00,2023/12/13 22:48:33+00,3456.534962,788935.5476,889,Industrial Park,"District for office, light production, flex space, and warehousing uses.  Support limited first floor retail or other accessory uses that serve predominate uses.",IP
890,PDH4,2023,,ZMAP-2002-0004, ,2003/05/19 04:00:00+00,PDH4  2023,2012_0003,1902/01/01 05:00:00+00,1902/01/01 05:00:00+00,2023/12/13 22:48:33+00,3076.096873,573137.8078,890,Planned Development Housing-4,Mixed use residential communities including single family and multifamily housing products with supportive non-residential uses. Maximum overall residential density of 4 units per acre.,PDH4
891,PDIP,1972,28, , ,1900/01/01 05:00:00+00,PDIP  1972, ,1902/01/01 05:00:00+00,1902/01/01 05:00:00+00,1900/01/01 05:00:00+00,17021.69166,15441725.33,891,Planned Development-Industrial Park,Light and medium industrial uses with supporting accessory uses and facilities designed with a parklike environment. May be subject to a concept development plan.  It is only under the 1972 Ordinance.,PDIP
892,GI,2023,,ZMAP-1988-0016, ,1989/03/06 05:00:00+00,GI 2023,2023_0027,1902/01/01 05:00:00+00,1902/01/01 05:00:00+00,2023/12/13 22:48:33+00,6421.902918,2354368.049,892,General Industry,District for industrial uses that are incompatible with residential uses due to the prevelance of outdoor storage and emissions of noise and odor. ,GI
893,GI,2023,28,ZRTD-2012-0006,214,2012/11/13 05:00:00+00,GI 2023,2023_0027,1902/01/01 05:00:00+00,1902/01/01 05:00:00+00,2023/12/13 22:48:33+00,3294.031252,609448.7297,893,General Industry,District for industrial uses that are incompatible with residential uses due to the prevelance of outdoor storage and emissions of noise and odor. ,GI
894,R8,2023,,ZMAP-2000-0005,Z2002-0003,2001/04/12 04:00:00+00,R8  2023,2012_0003,1902/01/01 05:00:00+00,1902/01/01 05:00:00+00,2023/12/13 22:48:33+00,3226.026321,535683.19,894,Single Family Residential-8,"Moderate to medium density single family detached, duplex, townhouse, and single family attached development with a maximum density of 8 units per acre, 9.6 units per acre with ADU. Served by public water and sewer. Traditional and suburban design options.",R8
895,PDRV,2023,,ZMAP-1997-0001, ,1998/01/21 05:00:00+00,PDRV  2023,2012_0003,1902/01/01 05:00:00+00,1902/01/01 05:00:00+00,2023/12/13 22:48:33+00,24995.80967,18540528.33,895,Planned Development-Rural Village,"A rural, pedestrian oriented, mixed use community surrounded by the remaining farmland in an open space conservation easement.   Each village will be serviced by its own public water and sewer factility.",PDRV
896,IP,2023,28,ZRTD-2011-0010, ,2012/05/08 04:00:00+00,IP 2023,2023_0027,1902/01/01 05:00:00+00,1902/01/01 05:00:00+00,2023/12/13 22:48:33+00,1842.857005,24460.85148,896,Industrial Park,"District for office, light production, flex space, and warehousing uses.  Support limited first floor retail or other accessory uses that serve predominate uses.",IP
897,GI,2023,NV,ZMAP-0000-0322,Z2000-0015,1984/05/21 04:00:00+00,GI 2023,2023_0027,1902/01/01 05:00:00+00,1902/01/01 05:00:00+00,2023/12/13 22:48:33+00,14415.1926,10060161.6,897,General Industry,District for industrial uses that are incompatible with residential uses due to the prevelance of outdoor storage and emissions of noise and odor. ,GI
898,TRC,2023,,ZMAP-2001-0003, ,2002/12/16 05:00:00+00,TRC 2023,2023_0027,1902/01/01 05:00:00+00,1902/01/01 05:00:00+00,2023/12/13 22:48:33+00,28589.66882,26086059.4,898,Transit Related Center,"District established to provide for a compatible mixture of commercial, cultural, institutional, governmental, recreational, and high-density housing uses in compact, pedestrian oriented, transit oriented developments and transit-designed supportive areas. Supports General Plan.",TRC
899,PDH3,2023,,ZMAP-2002-0019, ,2003/12/15 05:00:00+00,PDH3  2023,2012_0003,1902/01/01 05:00:00+00,1902/01/01 05:00:00+00,2023/12/13 22:48:33+00,6784.720116,2257393.636,899,Planned Development Housing-3,Mixed use residential communities including single family and multifamily housing products with supportive non-residential uses. Maximum overall residential density of 3 units per acre.,PDH3
900,R8,2023,,ZMAP-2004-0017, ,2006/02/21 05:00:00+00,R8  2023,2012_0003,1902/01/01 05:00:00+00,1902/01/01 05:00:00+00,2023/12/13 22:48:33+00,3020.869197,336107.2188,900,Single Family Residential-8,"Moderate to medium density single family detached, duplex, townhouse, and single family attached development with a maximum density of 8 units per acre, 9.6 units per acre with ADU. Served by public water and sewer. Traditional and suburban design options.",R8
901,PDCCRC,2023,28,ZMAP-1995-0015, ,1996/06/18 04:00:00+00,PDCCRC2023,2020_0022,1902/01/01 05:00:00+00,1902/01/01 05:00:00+00,2023/12/13 22:48:33+00,13894.91985,6321436.525,901,Planned Development-Commercial Center (Regional Center),"Large scale commercial centers which provide a wide range of retail, office, and service uses, with one or more anchor stores, to the regional market. Minimum of 60 acres with controlled access to arterial roads.",PDCCRC
902,IP,2023,,ZMAP-1989-0038,Z2000-0039,1991/07/02 04:00:00+00,IP 2023,2023_0027,1902/01/01 05:00:00+00,1902/01/01 05:00:00+00,2023/12/13 22:48:33+00,5841.687734,1171342.044,902,Industrial Park,"District for office, light production, flex space, and warehousing uses.  Support limited first floor retail or other accessory uses that serve predominate uses.",IP
903,A3,2023,, , ,1900/01/01 05:00:00+00,A3   2023,2012_0003,1902/01/01 05:00:00+00,1902/01/01 05:00:00+00,2023/12/13 22:48:33+00,7685.16907,2084826.97,903,Agricultural/Residential,Agriculture and low density residential development with a maximum density of one unit per 3 acres with a predominantly agricultural character. Rural hamlet options.,A3
904,A3,2023,, , ,1900/01/01 05:00:00+00,A3   2023,2012_0003,1902/01/01 05:00:00+00,1902/01/01 05:00:00+00,2023/12/13 22:48:33+00,1415.905846,123948.1904,904,Agricultural/Residential,Agriculture and low density residential development with a maximum density of one unit per 3 acres with a predominantly agricultural character. Rural hamlet options.,A3
905,PDRDP,2023,,ZMAP-1986-0056, ,1990/05/06 04:00:00+00,PDRDP 2023,2017_0044,1902/01/01 05:00:00+00,1902/01/01 05:00:00+00,2023/12/13 22:48:33+00,9867.752082,4318628.511,905,Planned Development-Research and Development Park,"Planned mixed employment park a minimum of 20 acres in size & within the Rt 28 Tax District, subject to an adopted concept development plan, which allows the mixing of research and development firms, office complexes, certain types of manufacturing and interrelated land uses.",PDRDP
906,OP,2023,,ZMAP-1989-0038, ,1991/07/02 04:00:00+00,OP 2023,2023_0027,1902/01/01 05:00:00+00,1902/01/01 05:00:00+00,2023/12/13 22:48:33+00,3036.660696,316235.1684,906,Office Park,"District for administrative, business and professional offices research and development, and supporting commercial and instibutional uses and facilities; support limited first floor retail.",OP
907,PDH4,2023,,ZMAP-2003-0018, ,2005/04/19 04:00:00+00,PDH4  2023,2012_0003,1902/01/01 05:00:00+00,1902/01/01 05:00:00+00,2023/12/13 22:48:33+00,6395.895307,2343854.014,907,Planned Development Housing-4,Mixed use residential communities including single family and multifamily housing products with supportive non-residential uses. Maximum overall residential density of 4 units per acre.,PDH4
908,CR1,2023,, , ,1900/01/01 05:00:00+00,CR1  2023,2012_0003,1902/01/01 05:00:00+00,1902/01/01 05:00:00+00,2023/12/13 22:48:33+00,620.1521719,16038.25238,908,Countryside Residential-1,"Residential development with a maximum density of 1 unit per 40,000 square feet with on-site well and wastewater. 1 unit per 40,000 square feet served by public water/sewer in cluster/complact cluster options.",CR1
909,IP,2023,28,ZMAP-1986-0011, ,1988/05/02 04:00:00+00,IP 2023,2023_0027,1902/01/01 05:00:00+00,1902/01/01 05:00:00+00,2023/12/13 22:48:33+00,1626.353614,111296.8234,909,Industrial Park,"District for office, light production, flex space, and warehousing uses.  Support limited first floor retail or other accessory uses that serve predominate uses.",IP
910,R1,2023,, , ,1900/01/01 05:00:00+00,R1  2023,2012_0003,1902/01/01 05:00:00+00,1902/01/01 05:00:00+00,2023/12/13 22:48:33+00,1672.719501,168565.6047,910,Single Family Residential-1,"Low-density single family detached development with a maximum density of 1 unit per 40,000 square feet; 1.2 unit per 40,000 square feet with ADU. Served by public water and sewer. Cluster and compact cluster options.",R1
911,R1,2023,, , ,1900/01/01 05:00:00+00,R1  2023,2012_0003,1902/01/01 05:00:00+00,1902/01/01 05:00:00+00,2023/12/13 22:48:33+00,2230.533196,192337.093,911,Single Family Residential-1,"Low-density single family detached development with a maximum density of 1 unit per 40,000 square feet; 1.2 unit per 40,000 square feet with ADU. Served by public water and sewer. Cluster and compact cluster options.",R1
912,R4,2023,,ZMAP-1999-0017, ,2000/09/18 04:00:00+00,R4  2023,2012_0003,1902/01/01 05:00:00+00,1902/01/01 05:00:00+00,2023/12/13 22:48:33+00,2519.415642,248595.3994,912,Single Family Residential-4,"Moderate density single family detached development with a maximum density of 1 unit per 10,000 square feet, 4.8 units per acre with ADU. Served by public water and sewer. Cluster, suburban, and traditional design and compact cluster options.",R4
913,CR1,2023,, , ,1900/01/01 05:00:00+00,CR1  2023,2012_0003,1902/01/01 05:00:00+00,1902/01/01 05:00:00+00,2023/12/13 22:48:33+00,12425.82588,5248420.271,913,Countryside Residential-1,"Residential development with a maximum density of 1 unit per 40,000 square feet with on-site well and wastewater. 1 unit per 40,000 square feet served by public water/sewer in cluster/complact cluster options.",CR1
914,R8,2023,28,ZMAP-1993-0007, ,1994/10/19 04:00:00+00,R8  2023,2012_0003,1902/01/01 05:00:00+00,1902/01/01 05:00:00+00,2023/12/13 22:48:33+00,7626.893174,1422332.871,914,Single Family Residential-8,"Moderate to medium density single family detached, duplex, townhouse, and single family attached development with a maximum density of 8 units per acre, 9.6 units per acre with ADU. Served by public water and sewer. Traditional and suburban design options.",R8
915,IP,2023,,ZMAP-1989-0038,Z2000-0039,1991/07/02 04:00:00+00,IP 2023,2023_0027,1902/01/01 05:00:00+00,1902/01/01 05:00:00+00,2023/12/13 22:48:33+00,2819.767563,443653.9574,915,Industrial Park,"District for office, light production, flex space, and warehousing uses.  Support limited first floor retail or other accessory uses that serve predominate uses.",IP
916,R2,2023,28, , ,1900/01/01 05:00:00+00,R2  2023,2012_0003,1902/01/01 05:00:00+00,1902/01/01 05:00:00+00,2023/12/13 22:48:33+00,864.8795398,46253.39419,916,Single Family Residential-2,"Low to moderate density single family detached development with a maximum density of 1 unit per 20,000 square feet, 1.2 units per 20,000 square feet with ADU. Served by public water and sewer. Cluster, suburban, compact cluster, and traditional design options.",R2
917,R2,2023,28, , ,1900/01/01 05:00:00+00,R2  2023,2012_0003,1902/01/01 05:00:00+00,1902/01/01 05:00:00+00,2023/12/13 22:48:33+00,2554.620824,383430.8793,917,Single Family Residential-2,"Low to moderate density single family detached development with a maximum density of 1 unit per 20,000 square feet, 1.2 units per 20,000 square feet with ADU. Served by public water and sewer. Cluster, suburban, compact cluster, and traditional design options.",R2
918,CR1,2023,, , ,1900/01/01 05:00:00+00,CR1  2023,2012_0003,1902/01/01 05:00:00+00,1902/01/01 05:00:00+00,2023/12/13 22:48:33+00,18361.06401,7925396.333,918,Countryside Residential-1,"Residential development with a maximum density of 1 unit per 40,000 square feet with on-site well and wastewater. 1 unit per 40,000 square feet served by public water/sewer in cluster/complact cluster options.",CR1
919,CCCC,2023,, , ,1900/01/01 05:00:00+00,CCCC 2023,2023_0027,1902/01/01 05:00:00+00,1902/01/01 05:00:00+00,2023/12/13 22:48:33+00,4321.962533,490651.8089,919,Commercial Center - Community Center,"Serves retail shopping needs of surrounding community with 10 minutes drive. Minimum of 4 acres, maximum of 22 acres.",CCCC
920,PDCH,1972,28,ZMAP-1989-0021,0,1989/11/21 05:00:00+00,PDCH  1972,2022_0008,1902/01/01 05:00:00+00,1902/01/01 05:00:00+00,2022/03/16 04:00:00+00,25578.37875,12423965.56,920,Planned Development-Commercial Highway,Highway related commercial districts. PDCH is under the 1972 ordinance and is only within the Route 28 Tax District.,PDCH
921,R16,2023,,ZMAP-1996-0007, ,1997/02/05 05:00:00+00,R16  2023,2012_0003,1902/01/01 05:00:00+00,1902/01/01 05:00:00+00,2023/12/13 22:48:33+00,869.5675191,42707.10173,921,Townhouse/Multifamily Residential-16,Single family attached/detached and multifamily residences at a maximum density of 16 units per acre; 19.2 units per acre with ADU. Served by public water and sewer. In areas designated for infill development. Traditional design option.,R16
922,R16,2023,,ZMAP-1985-0024, ,1986/04/14 04:00:00+00,R16  2023,2012_0003,1902/01/01 05:00:00+00,1902/01/01 05:00:00+00,2023/12/13 22:48:33+00,1209.522221,81194.57914,922,Townhouse/Multifamily Residential-16,Single family attached/detached and multifamily residences at a maximum density of 16 units per acre; 19.2 units per acre with ADU. Served by public water and sewer. In areas designated for infill development. Traditional design option.,R16
923,R1,2023,, , ,1900/01/01 05:00:00+00,R1  2023,2012_0003,1902/01/01 05:00:00+00,1902/01/01 05:00:00+00,2023/12/13 22:48:33+00,1471.360629,29625.80903,923,Single Family Residential-1,"Low-density single family detached development with a maximum density of 1 unit per 40,000 square feet; 1.2 unit per 40,000 square feet with ADU. Served by public water and sewer. Cluster and compact cluster options.",R1
924,R1,2023,, , ,1900/01/01 05:00:00+00,R1  2023,2012_0003,1902/01/01 05:00:00+00,1902/01/01 05:00:00+00,2023/12/13 22:48:33+00,1095.766941,28629.52576,924,Single Family Residential-1,"Low-density single family detached development with a maximum density of 1 unit per 40,000 square feet; 1.2 unit per 40,000 square feet with ADU. Served by public water and sewer. Cluster and compact cluster options.",R1
925,PDH4,2023,NV,ZMAP-1998-0001, ,1999/02/17 05:00:00+00,PDH4  2023,2012_0003,1902/01/01 05:00:00+00,1902/01/01 05:00:00+00,2023/12/13 22:48:33+00,3596.191759,458745.4841,925,Planned Development Housing-4,Mixed use residential communities including single family and multifamily housing products with supportive non-residential uses. Maximum overall residential density of 4 units per acre.,PDH4
926,A3,2023,, , ,1900/01/01 05:00:00+00,A3   2023,2012_0003,1902/01/01 05:00:00+00,1902/01/01 05:00:00+00,2023/12/13 22:48:33+00,5543.470803,1066161.163,926,Agricultural/Residential,Agriculture and low density residential development with a maximum density of one unit per 3 acres with a predominantly agricultural character. Rural hamlet options.,A3
927,R16,2023,,ZMAP-1985-0002, ,1985/10/07 04:00:00+00,R16  2023,2012_0003,1902/01/01 05:00:00+00,1902/01/01 05:00:00+00,2023/12/13 22:48:33+00,2771.751178,377282.2394,927,Townhouse/Multifamily Residential-16,Single family attached/detached and multifamily residences at a maximum density of 16 units per acre; 19.2 units per acre with ADU. Served by public water and sewer. In areas designated for infill development. Traditional design option.,R16
928,CLI,2023,, , ,1900/01/01 05:00:00+00,CLI  2023,2012_0003,1902/01/01 05:00:00+00,1902/01/01 05:00:00+00,2023/12/13 22:48:33+00,20.69452771,1.986119981,928,Commercial/Light Industry,"Mix of similar and compatible light industrial uses and office uses and related supportive commercial, retail and service  uses on minimum one acre lots. Only along Route 50 from Fairfax/Loudoun County line west to Route 659.",CLI
929,R1,2023,, , ,1900/01/01 05:00:00+00,R1  2023,2012_0003,1902/01/01 05:00:00+00,1902/01/01 05:00:00+00,2023/12/13 22:48:33+00,2839.808671,259771.7517,929,Single Family Residential-1,"Low-density single family detached development with a maximum density of 1 unit per 40,000 square feet; 1.2 unit per 40,000 square feet with ADU. Served by public water and sewer. Cluster and compact cluster options.",R1
930,PDIP,1972,28, , ,1900/01/01 05:00:00+00,PDIP  1972, ,1902/01/01 05:00:00+00,1902/01/01 05:00:00+00,1900/01/01 05:00:00+00,1439.011264,102144.9631,930,Planned Development-Industrial Park,Light and medium industrial uses with supporting accessory uses and facilities designed with a parklike environment. May be subject to a concept development plan.  It is only under the 1972 Ordinance.,PDIP
931,R1,2023,NV, , ,1900/01/01 05:00:00+00,R1  2023,2022_0016,1902/01/01 05:00:00+00,1902/01/01 05:00:00+00,2024/05/16 04:00:00+00,14679.08574,4035499.566,931,Single Family Residential-1,"Low-density single family detached development with a maximum density of 1 unit per 40,000 square feet; 1.2 unit per 40,000 square feet with ADU. Served by public water and sewer. Cluster and compact cluster options.",R1
932,R2,2023,28, , ,1900/01/01 05:00:00+00,R2  2023,2021_0006,1902/01/01 05:00:00+00,1902/01/01 05:00:00+00,2023/12/13 22:48:33+00,1561.287809,124691.3964,932,Single Family Residential-2,"Low to moderate density single family detached development with a maximum density of 1 unit per 20,000 square feet, 1.2 units per 20,000 square feet with ADU. Served by public water and sewer. Cluster, suburban, compact cluster, and traditional design options.",R2
933,R16,2023,28,ZMAP-1989-0001, ,1990/11/13 05:00:00+00,R16  2023,2019_0020,1902/01/01 05:00:00+00,1902/01/01 05:00:00+00,2023/12/13 22:48:33+00,10152.64208,3181514.926,933,Townhouse/Multifamily Residential-16,Single family attached/detached and multifamily residences at a maximum density of 16 units per acre; 19.2 units per acre with ADU. Served by public water and sewer. In areas designated for infill development. Traditional design option.,R16
934,CCCC,2023,, , ,1900/01/01 05:00:00+00,CCCC 2023,2023_0027,1902/01/01 05:00:00+00,1902/01/01 05:00:00+00,2023/12/13 22:48:33+00,1417.807796,108514.819,934,Commercial Center - Community Center,"Serves retail shopping needs of surrounding community with 10 minutes drive. Minimum of 4 acres, maximum of 22 acres.",CCCC
935,R4,2023,,ZMAP-1985-0005, ,1986/05/05 04:00:00+00,R4  2023,2012_0003,1902/01/01 05:00:00+00,1902/01/01 05:00:00+00,2023/12/13 22:48:33+00,4327.437513,974624.6579,935,Single Family Residential-4,"Moderate density single family detached development with a maximum density of 1 unit per 10,000 square feet, 4.8 units per acre with ADU. Served by public water and sewer. Cluster, suburban, and traditional design and compact cluster options.",R4
936,PDH4,2023,,ZMAP-1995-0003, ,1995/09/06 04:00:00+00,PDH4  2023,2012_0003,1902/01/01 05:00:00+00,1902/01/01 05:00:00+00,2023/12/13 22:48:33+00,828.0660414,9278.660386,936,Planned Development Housing-4,Mixed use residential communities including single family and multifamily housing products with supportive non-residential uses. Maximum overall residential density of 4 units per acre.,PDH4
937,IP,2023,28, , ,1900/01/01 05:00:00+00,IP 2023,2023_0027,1902/01/01 05:00:00+00,1902/01/01 05:00:00+00,2023/12/13 22:48:33+00,4695.23735,612399.3781,937,Industrial Park,"District for office, light production, flex space, and warehousing uses.  Support limited first floor retail or other accessory uses that serve predominate uses.",IP
938,R1,2023,, , ,1900/01/01 05:00:00+00,R1  2023,2012_0003,1902/01/01 05:00:00+00,1902/01/01 05:00:00+00,2023/12/13 22:48:33+00,5240.242568,802022.073,938,Single Family Residential-1,"Low-density single family detached development with a maximum density of 1 unit per 40,000 square feet; 1.2 unit per 40,000 square feet with ADU. Served by public water and sewer. Cluster and compact cluster options.",R1
939,R4,2023,NV,ZMAP-0000-0260, ,1978/09/05 04:00:00+00,R4  2023,2012_0003,1902/01/01 05:00:00+00,1902/01/01 05:00:00+00,2023/12/13 22:48:33+00,4662.728217,1271737.603,939,Single Family Residential-4,"Moderate density single family detached development with a maximum density of 1 unit per 10,000 square feet, 4.8 units per acre with ADU. Served by public water and sewer. Cluster, suburban, and traditional design and compact cluster options.",R4
940,R8,2023,,ZMAP-2005-0014,,2005/12/19 05:00:00+00,R8  2023,2012_0003,1902/01/01 05:00:00+00,1902/01/01 05:00:00+00,2023/12/13 22:48:33+00,6048.842732,783531.0387,940,Single Family Residential-8,"Moderate to medium density single family detached, duplex, townhouse, and single family attached development with a maximum density of 8 units per acre, 9.6 units per acre with ADU. Served by public water and sewer. Traditional and suburban design options.",R8
941,R8,2023,,ZMAP-2005-0007,,2006/12/19 05:00:00+00,R8  2023,2012_0003,1902/01/01 05:00:00+00,1902/01/01 05:00:00+00,2023/12/13 22:48:33+00,2616.882488,366993.0726,941,Single Family Residential-8,"Moderate to medium density single family detached, duplex, townhouse, and single family attached development with a maximum density of 8 units per acre, 9.6 units per acre with ADU. Served by public water and sewer. Traditional and suburban design options.",R8
942,CCCC,2023,NV,ZMAP-2005-0008,,2007/01/16 05:00:00+00,CCCC 2023,2023_0027,1902/01/01 05:00:00+00,1902/01/01 05:00:00+00,2023/12/13 22:48:33+00,2851.992434,215972.4852,942,Commercial Center - Community Center,"Serves retail shopping needs of surrounding community with 10 minutes drive. Minimum of 4 acres, maximum of 22 acres.",CCCC
943,CR1,2023,, , ,1900/01/01 05:00:00+00,CR1  2023,2012_0003,1902/01/01 05:00:00+00,1902/01/01 05:00:00+00,2023/12/13 22:48:33+00,1480.669313,77354.91122,943,Countryside Residential-1,"Residential development with a maximum density of 1 unit per 40,000 square feet with on-site well and wastewater. 1 unit per 40,000 square feet served by public water/sewer in cluster/complact cluster options.",CR1
944,CR1,2023,, , ,1900/01/01 05:00:00+00,CR1  2023,2019_0032,1902/01/01 05:00:00+00,1902/01/01 05:00:00+00,2023/12/13 22:48:33+00,11250.83741,5896598.469,944,Countryside Residential-1,"Residential development with a maximum density of 1 unit per 40,000 square feet with on-site well and wastewater. 1 unit per 40,000 square feet served by public water/sewer in cluster/complact cluster options.",CR1
945,IP,2023,28,ZMAP-2004-0015, ,2005/04/05 04:00:00+00,IP 2023,2023_0027,1902/01/01 05:00:00+00,1902/01/01 05:00:00+00,2023/12/13 22:48:33+00,2216.198756,302606.2484,945,Industrial Park,"District for office, light production, flex space, and warehousing uses.  Support limited first floor retail or other accessory uses that serve predominate uses.",IP
946,R8,2023,,ZMAP-2000-0003,Z2001-0011,2001/04/21 04:00:00+00,R8  2023,2012_0003,1902/01/01 05:00:00+00,1902/01/01 05:00:00+00,2023/12/13 22:48:33+00,2580.395254,381629.5999,946,Single Family Residential-8,"Moderate to medium density single family detached, duplex, townhouse, and single family attached development with a maximum density of 8 units per acre, 9.6 units per acre with ADU. Served by public water and sewer. Traditional and suburban design options.",R8
947,R1,2023,, , ,1900/01/01 05:00:00+00,R1  2023,2012_0003,1902/01/01 05:00:00+00,1902/01/01 05:00:00+00,2023/12/13 22:48:33+00,1303.156776,86119.30785,947,Single Family Residential-1,"Low-density single family detached development with a maximum density of 1 unit per 40,000 square feet; 1.2 unit per 40,000 square feet with ADU. Served by public water and sewer. Cluster and compact cluster options.",R1
948,PDIP,1972,28,ZMAP-1986-0024, ,1987/07/20 04:00:00+00,PDIP  1972,2023_0012,1902/01/01 05:00:00+00,1902/01/01 05:00:00+00,2023/04/06 04:00:00+00,965.9522873,19261.93751,948,Planned Development-Industrial Park,Light and medium industrial uses with supporting accessory uses and facilities designed with a parklike environment. May be subject to a concept development plan.  It is only under the 1972 Ordinance.,PDIP
949,IP,2023,, , ,1900/01/01 05:00:00+00,IP 2023,2023_0027,1902/01/01 05:00:00+00,1902/01/01 05:00:00+00,2023/12/13 22:48:33+00,388.3171833,1226.471266,949,Industrial Park,"District for office, light production, flex space, and warehousing uses.  Support limited first floor retail or other accessory uses that serve predominate uses.",IP
950,IP,2023,NV,ZCON-2001-0002, ,2001/10/15 04:00:00+00,IP 2023,2023_0027,1902/01/01 05:00:00+00,1902/01/01 05:00:00+00,2023/12/13 22:48:33+00,5382.142939,948581.5253,950,Industrial Park,"District for office, light production, flex space, and warehousing uses.  Support limited first floor retail or other accessory uses that serve predominate uses.",IP
951,R1,2023,, , ,1900/01/01 05:00:00+00,R1  2023,2012_0003,1902/01/01 05:00:00+00,1902/01/01 05:00:00+00,2023/12/13 22:48:33+00,1072.519253,62047.5681,951,Single Family Residential-1,"Low-density single family detached development with a maximum density of 1 unit per 40,000 square feet; 1.2 unit per 40,000 square feet with ADU. Served by public water and sewer. Cluster and compact cluster options.",R1
952,CCSC,2023,,ZMAP-1988-0100, ,1989/03/28 04:00:00+00,CCSC 2023,2012_0003,1902/01/01 05:00:00+00,1902/01/01 05:00:00+00,2023/12/13 22:48:33+00,959.5201099,43312.32333,952,Commercial Center - Small Regional Center,"Small regional centers to meet shopping needs of a communitymore than a 10 minute drive from the center. Minimum of 18 acres, maximum of 60 acres. Controlled access to a major collector.",CCSC
953,R16,2023,,ZMAP-1989-0019, ,1994/01/05 05:00:00+00,R16  2023,2012_0003,1902/01/01 05:00:00+00,1902/01/01 05:00:00+00,2023/12/13 22:48:33+00,2590.845039,366987.169,953,Townhouse/Multifamily Residential-16,Single family attached/detached and multifamily residences at a maximum density of 16 units per acre; 19.2 units per acre with ADU. Served by public water and sewer. In areas designated for infill development. Traditional design option.,R16
954,RC,2023,,ZMAP-0000-0263, ,1978/10/16 04:00:00+00,RC  2023,2019_0007,1902/01/01 05:00:00+00,1902/01/01 05:00:00+00,2023/12/13 22:48:33+00,928.9554663,20408.71532,954,Rural Commercial,Commercial properties predominantly located in rural Loudoun. Uses are compatible with scale and character of general open and rural character of Rural North & South Place Types.,RC
955,R16,2023,,ZMAP-1987-0036, ,1989/01/17 05:00:00+00,R16  2023,2012_0003,1902/01/01 05:00:00+00,1902/01/01 05:00:00+00,2023/12/13 22:48:33+00,4006.595193,653017.7169,955,Townhouse/Multifamily Residential-16,Single family attached/detached and multifamily residences at a maximum density of 16 units per acre; 19.2 units per acre with ADU. Served by public water and sewer. In areas designated for infill development. Traditional design option.,R16
956,IP,2023,28,ZCON-2000-0001,Z2000-0054,2000/09/18 04:00:00+00,IP 2023,2023_0027,1902/01/01 05:00:00+00,1902/01/01 05:00:00+00,2023/12/13 22:48:33+00,1495.946385,138668.3258,956,Industrial Park,"District for office, light production, flex space, and warehousing uses.  Support limited first floor retail or other accessory uses that serve predominate uses.",IP
957,PDH4,2023,,ZMAP-1995-0003, ,1995/09/06 04:00:00+00,PDH4  2023,2012_0003,1902/01/01 05:00:00+00,1902/01/01 05:00:00+00,2023/12/13 22:48:33+00,4077.588338,874152.5078,957,Planned Development Housing-4,Mixed use residential communities including single family and multifamily housing products with supportive non-residential uses. Maximum overall residential density of 4 units per acre.,PDH4
958,PDOP,1972,28,ZMAP-1986-0004, ,1987/03/16 04:00:00+00,PDOP  1972,2018_0032,1902/01/01 05:00:00+00,1902/01/01 05:00:00+00,2018/09/14 04:00:00+00,2483.749904,180557.4072,958,Planned Development-Office Park,"Office park established primarily for administrative, business, and professional offices designed in a parklike environment and subject to an adopted concept development plan.  This is for 1972 Ordinance only.",PDOP
959,PDIP,1972,28, , ,1900/01/01 05:00:00+00,PDIP  1972, ,1902/01/01 05:00:00+00,1902/01/01 05:00:00+00,1900/01/01 05:00:00+00,2146.403501,208498.2025,959,Planned Development-Industrial Park,Light and medium industrial uses with supporting accessory uses and facilities designed with a parklike environment. May be subject to a concept development plan.  It is only under the 1972 Ordinance.,PDIP
960,R8,2023,, , ,1900/01/01 05:00:00+00,R8  2023,2012_0003,1902/01/01 05:00:00+00,1902/01/01 05:00:00+00,2023/12/13 22:48:33+00,12166.71509,4386962.601,960,Single Family Residential-8,"Moderate to medium density single family detached, duplex, townhouse, and single family attached development with a maximum density of 8 units per acre, 9.6 units per acre with ADU. Served by public water and sewer. Traditional and suburban design options.",R8
961,IP,2023,NV,ZRTD-2011-0007,,2012/07/17 04:00:00+00,IP 2023,2023_0027,1902/01/01 05:00:00+00,1902/01/01 05:00:00+00,2023/12/13 22:48:33+00,6534.910454,2038737.512,961,Industrial Park,"District for office, light production, flex space, and warehousing uses.  Support limited first floor retail or other accessory uses that serve predominate uses.",IP
962,R4,2023,,ZMAP-1996-0013,Z2000-0018,1998/05/06 04:00:00+00,R4  2023,2012_0003,1902/01/01 05:00:00+00,1902/01/01 05:00:00+00,2023/12/13 22:48:33+00,2289.678472,313942.1319,962,Single Family Residential-4,"Moderate density single family detached development with a maximum density of 1 unit per 10,000 square feet, 4.8 units per acre with ADU. Served by public water and sewer. Cluster, suburban, and traditional design and compact cluster options.",R4
963,R1,2023,, , ,1900/01/01 05:00:00+00,R1  2023,2012_0003,1902/01/01 05:00:00+00,1902/01/01 05:00:00+00,2023/12/13 22:48:33+00,1717.432149,147895.3731,963,Single Family Residential-1,"Low-density single family detached development with a maximum density of 1 unit per 40,000 square feet; 1.2 unit per 40,000 square feet with ADU. Served by public water and sewer. Cluster and compact cluster options.",R1
964,R1,2023,, , ,1900/01/01 05:00:00+00,R1  2023,2012_0003,1902/01/01 05:00:00+00,1902/01/01 05:00:00+00,2023/12/13 22:48:33+00,8110.858525,2456150.764,964,Single Family Residential-1,"Low-density single family detached development with a maximum density of 1 unit per 40,000 square feet; 1.2 unit per 40,000 square feet with ADU. Served by public water and sewer. Cluster and compact cluster options.",R1
965,PDH3,2023,, , ,1900/01/01 05:00:00+00,PDH3  2023,2012_0003,1902/01/01 05:00:00+00,1902/01/01 05:00:00+00,2023/12/13 22:48:33+00,1360.213316,40387.82217,965,Planned Development Housing-3,Mixed use residential communities including single family and multifamily housing products with supportive non-residential uses. Maximum overall residential density of 3 units per acre.,PDH3
966,PDRDP,1972,28,ZMAP-1987-0014, ,1988/04/18 04:00:00+00,PDRDP 1972, ,1902/01/01 05:00:00+00,1902/01/01 05:00:00+00,1900/01/01 05:00:00+00,1917.848945,209837.9533,966,Planned Development-Research and Development Park,"Planned mixed employment park a mininum of 20 acres in size & within the Rt 28 Tax District, subject to an adopted concept development plan, which allows the mixing of research and development firms, office complexes, certain types of manufacturing and interrelated land uses. This Zoning District is found under the 1972 Zoning Ordinance.",PDRDP
967,CCSC,2023,, ,Z2000-0050,1900/01/01 05:00:00+00,CCSC 2023,2012_0003,1902/01/01 05:00:00+00,1902/01/01 05:00:00+00,2023/12/13 22:48:33+00,1376.345123,85202.50048,967,Commercial Center - Small Regional Center,"Small regional centers to meet shopping needs of a communitymore than a 10 minute drive from the center. Minimum of 18 acres, maximum of 60 acres. Controlled access to a major collector.",CCSC
968,IP,2023,28,ZCON-1997-0002, ,1997/06/04 04:00:00+00,IP 2023,2023_0027,1902/01/01 05:00:00+00,1902/01/01 05:00:00+00,2023/12/13 22:48:33+00,2374.844731,313244.3967,968,Industrial Park,"District for office, light production, flex space, and warehousing uses.  Support limited first floor retail or other accessory uses that serve predominate uses.",IP
969,PDH3,2023,,ZMAP-1987-0015, ,1987/07/20 04:00:00+00,PDH3  2023,2012_0003,1902/01/01 05:00:00+00,1902/01/01 05:00:00+00,2023/12/13 22:48:33+00,4376.632462,906158.9945,969,Planned Development Housing-3,Mixed use residential communities including single family and multifamily housing products with supportive non-residential uses. Maximum overall residential density of 3 units per acre.,PDH3
970,CCSC,2023,,ZMAP-1985-0001, ,1985/07/17 04:00:00+00,CCSC 2023,2012_0003,1902/01/01 05:00:00+00,1902/01/01 05:00:00+00,2023/12/13 22:48:33+00,3377.050367,369674.6043,970,Commercial Center - Small Regional Center,"Small regional centers to meet shopping needs of a communitymore than a 10 minute drive from the center. Minimum of 18 acres, maximum of 60 acres. Controlled access to a major collector.",CCSC
971,GI,2023,,ZMAP-1996-0009, ,1997/02/05 05:00:00+00,GI 2023,2023_0027,1902/01/01 05:00:00+00,1902/01/01 05:00:00+00,2023/12/13 22:48:33+00,2875.05082,352608.6826,971,General Industry,District for industrial uses that are incompatible with residential uses due to the prevelance of outdoor storage and emissions of noise and odor. ,GI
972,IP,2023,NV, , ,1900/01/01 05:00:00+00,IP 2023,2023_0027,1902/01/01 05:00:00+00,1902/01/01 05:00:00+00,2023/12/13 22:48:33+00,40.02677542,13.9833811,972,Industrial Park,"District for office, light production, flex space, and warehousing uses.  Support limited first floor retail or other accessory uses that serve predominate uses.",IP
973,OP,2023,NV,ZMAP-1998-0003, ,1998/06/17 04:00:00+00,OP 2023,2023_0027,1902/01/01 05:00:00+00,1902/01/01 05:00:00+00,2023/12/13 22:48:33+00,19294.86219,18762511.39,973,Office Park,"District for administrative, business and professional offices research and development, and supporting commercial and instibutional uses and facilities; support limited first floor retail.",OP
974,R4,2023,, , ,1900/01/01 05:00:00+00,R4  2023,2012_0003,1902/01/01 05:00:00+00,1902/01/01 05:00:00+00,2023/12/13 22:48:33+00,10203.12623,3734911.741,974,Single Family Residential-4,"Moderate density single family detached development with a maximum density of 1 unit per 10,000 square feet, 4.8 units per acre with ADU. Served by public water and sewer. Cluster, suburban, and traditional design and compact cluster options.",R4
975,R16,2023,NV,ZMAP-1991-0007, ,1995/02/01 05:00:00+00,R16  2023,2012_0003,1902/01/01 05:00:00+00,1902/01/01 05:00:00+00,2023/12/13 22:48:33+00,5467.808951,1200998.359,975,Townhouse/Multifamily Residential-16,Single family attached/detached and multifamily residences at a maximum density of 16 units per acre; 19.2 units per acre with ADU. Served by public water and sewer. In areas designated for infill development. Traditional design option.,R16
976,OP,2023,28,ZMAP-1987-0028, ,1987/12/21 05:00:00+00,OP 2023,2023_0027,1902/01/01 05:00:00+00,1902/01/01 05:00:00+00,2023/12/13 22:48:33+00,1790.247488,177408.1809,976,Office Park,"District for administrative, business and professional offices research and development, and supporting commercial and instibutional uses and facilities; support limited first floor retail.",OP
977,CCCC,2023,,ZMAP-1992-0005,Z2000-0050,1993/10/06 04:00:00+00,CCCC 2023,2023_0027,1902/01/01 05:00:00+00,1902/01/01 05:00:00+00,2023/12/13 22:48:33+00,3156.833244,551511.318,977,Commercial Center - Community Center,"Serves retail shopping needs of surrounding community with 10 minutes drive. Minimum of 4 acres, maximum of 22 acres.",CCCC
978,PDIP,1972,NV,, ,1900/01/01 05:00:00+00,PDIP  1972,2023_0018,1902/01/01 05:00:00+00,1902/01/01 05:00:00+00,2023/06/21 04:00:00+00,43286.8491,14214349.38,978,Planned Development-Industrial Park,Light and medium industrial uses with supporting accessory uses and facilities designed with a parklike environment. May be subject to a concept development plan.  It is only under the 1972 Ordinance.,PDIP
979,IP,2023,NV, , ,1900/01/01 05:00:00+00,IP 2023,2023_0027,1902/01/01 05:00:00+00,1902/01/01 05:00:00+00,2023/12/13 22:48:33+00,16982.63491,4964207.601,979,Industrial Park,"District for office, light production, flex space, and warehousing uses.  Support limited first floor retail or other accessory uses that serve predominate uses.",IP
980,CCSC,2023,, , ,1900/01/01 05:00:00+00,CCSC 2023,2012_0003,1902/01/01 05:00:00+00,1902/01/01 05:00:00+00,2023/12/13 22:48:33+00,2895.669265,450254.3226,980,Commercial Center - Small Regional Center,"Small regional centers to meet shopping needs of a communitymore than a 10 minute drive from the center. Minimum of 18 acres, maximum of 60 acres. Controlled access to a major collector.",CCSC
981,CCSC,2023,, , ,1900/01/01 05:00:00+00,CCSC 2023,2012_0003,1902/01/01 05:00:00+00,1902/01/01 05:00:00+00,2023/12/13 22:48:33+00,2546.935528,328486.704,981,Commercial Center - Small Regional Center,"Small regional centers to meet shopping needs of a communitymore than a 10 minute drive from the center. Minimum of 18 acres, maximum of 60 acres. Controlled access to a major collector.",CCSC
982,IP,2023,NV,ZMAP-1986-0350, ,1987/05/16 04:00:00+00,IP 2023,2023_0027,1902/01/01 05:00:00+00,1902/01/01 05:00:00+00,2023/12/13 22:48:33+00,825.9270932,9764.48505,982,Industrial Park,"District for office, light production, flex space, and warehousing uses.  Support limited first floor retail or other accessory uses that serve predominate uses.",IP
983,CCSC,2023,, , ,1900/01/01 05:00:00+00,CCSC 2023,2012_0003,1902/01/01 05:00:00+00,1902/01/01 05:00:00+00,2023/12/13 22:48:33+00,5690.865945,1572020.876,983,Commercial Center - Small Regional Center,"Small regional centers to meet shopping needs of a communitymore than a 10 minute drive from the center. Minimum of 18 acres, maximum of 60 acres. Controlled access to a major collector.",CCSC
984,R8,2023,,ZMAP-1994-0016, ,1995/09/20 04:00:00+00,R8  2023,2012_0003,1902/01/01 05:00:00+00,1902/01/01 05:00:00+00,2023/12/13 22:48:33+00,3382.941294,669220.9296,984,Single Family Residential-8,"Moderate to medium density single family detached, duplex, townhouse, and single family attached development with a maximum density of 8 units per acre, 9.6 units per acre with ADU. Served by public water and sewer. Traditional and suburban design options.",R8
985,PDH4,2023,,ZMAP-1995-0003, ,1995/09/06 04:00:00+00,PDH4  2023,2012_0003,1902/01/01 05:00:00+00,1902/01/01 05:00:00+00,2023/12/13 22:48:33+00,8535.659272,2348523.435,985,Planned Development Housing-4,Mixed use residential communities including single family and multifamily housing products with supportive non-residential uses. Maximum overall residential density of 4 units per acre.,PDH4
986,CCNC,2023,,ZMAP-2002-0010, ,2003/12/15 05:00:00+00,CCNC 2023,2023_0027,1902/01/01 05:00:00+00,1902/01/01 05:00:00+00,2023/12/13 22:48:33+00,2375.008501,308622.6023,986,Commercial Center - Neighborhood Center,"Serves convenience needs of immediately adjacent residential neighborhoods or ones within 1/4 mile walking dist.  Minimum of 1.5 acres, maximum of 8 acres.",CCNC
987,R4,2023,,ZMAP-1996-0001,Z2000-0051,1997/02/05 05:00:00+00,R4  2023,2012_0003,1902/01/01 05:00:00+00,1902/01/01 05:00:00+00,2023/12/13 22:48:33+00,4515.662118,984010.0442,987,Single Family Residential-4,"Moderate density single family detached development with a maximum density of 1 unit per 10,000 square feet, 4.8 units per acre with ADU. Served by public water and sewer. Cluster, suburban, and traditional design and compact cluster options.",R4
988,R4,2023,,ZMAP-1999-0024,Z2001-0010,2001/03/05 05:00:00+00,R4  2023,2012_0003,1902/01/01 05:00:00+00,1902/01/01 05:00:00+00,2023/12/13 22:48:33+00,3844.167979,606138.9279,988,Single Family Residential-4,"Moderate density single family detached development with a maximum density of 1 unit per 10,000 square feet, 4.8 units per acre with ADU. Served by public water and sewer. Cluster, suburban, and traditional design and compact cluster options.",R4
989,RC,2023,,ZMAP-1992-0006, ,1993/06/16 04:00:00+00,RC  2023,2012_0003,1902/01/01 05:00:00+00,1902/01/01 05:00:00+00,2023/12/13 22:48:33+00,1692.240078,33415.08328,989,Rural Commercial,Commercial properties predominantly located in rural Loudoun. Uses are compatible with scale and character of general open and rural character of Rural North & South Place Types.,RC
990,PDIP,1972,28, , ,1900/01/01 05:00:00+00,PDIP  1972, ,1902/01/01 05:00:00+00,1902/01/01 05:00:00+00,1900/01/01 05:00:00+00,5429.942796,685789.2294,990,Planned Development-Industrial Park,Light and medium industrial uses with supporting accessory uses and facilities designed with a parklike environment. May be subject to a concept development plan.  It is only under the 1972 Ordinance.,PDIP
991,IP,2023,28, , ,1900/01/01 05:00:00+00,IP 2023,2023_0027,1902/01/01 05:00:00+00,1902/01/01 05:00:00+00,2023/12/13 22:48:33+00,974.9230736,45503.37639,991,Industrial Park,"District for office, light production, flex space, and warehousing uses.  Support limited first floor retail or other accessory uses that serve predominate uses.",IP
992,OP,2023,,ZMAP-1990-0021, ,1992/02/04 05:00:00+00,OP 2023,2023_0027,1902/01/01 05:00:00+00,1902/01/01 05:00:00+00,2023/12/13 22:48:33+00,864.3066187,38451.25559,992,Office Park,"District for administrative, business and professional offices research and development, and supporting commercial and instibutional uses and facilities; support limited first floor retail.",OP
993,PDH3,2023,, , ,1900/01/01 05:00:00+00,PDH3  2023,2019_0019,1902/01/01 05:00:00+00,1902/01/01 05:00:00+00,2023/12/13 22:48:33+00,42794.30284,37745780.61,993,Planned Development Housing-3,Mixed use residential communities including single family and multifamily housing products with supportive non-residential uses. Maximum overall residential density of 3 units per acre.,PDH3
994,R1,2023,NV, , ,1900/01/01 05:00:00+00,R1  2023,2022_0004,1902/01/01 05:00:00+00,1902/01/01 05:00:00+00,2023/12/13 22:48:33+00,17493.59658,15551759.69,994,Single Family Residential-1,"Low-density single family detached development with a maximum density of 1 unit per 40,000 square feet; 1.2 unit per 40,000 square feet with ADU. Served by public water and sewer. Cluster and compact cluster options.",R1
995,CCNC,2023,,ZMAP-1995-0013, ,1996/07/17 04:00:00+00,CCNC 2023,2023_0027,1902/01/01 05:00:00+00,1902/01/01 05:00:00+00,2023/12/13 22:48:33+00,1453.425341,133373.4673,995,Commercial Center - Neighborhood Center,"Serves convenience needs of immediately adjacent residential neighborhoods or ones within 1/4 mile walking dist.  Minimum of 1.5 acres, maximum of 8 acres.",CCNC
996,R8,2023,,ZMAP-2002-0012, ,2004/02/03 05:00:00+00,R8  2023,2012_0003,1902/01/01 05:00:00+00,1902/01/01 05:00:00+00,2023/12/13 22:48:33+00,6513.317516,1739091.959,996,Single Family Residential-8,"Moderate to medium density single family detached, duplex, townhouse, and single family attached development with a maximum density of 8 units per acre, 9.6 units per acre with ADU. Served by public water and sewer. Traditional and suburban design options.",R8
997,IP,2023,28,ZMAP-2021-0014, ,2022/11/01 04:00:00+00,IP 2023,2023_0027,1902/01/01 05:00:00+00,1902/01/01 05:00:00+00,2023/12/13 22:48:33+00,2681.385978,432901.1138,997,Industrial Park,"District for office, light production, flex space, and warehousing uses.  Support limited first floor retail or other accessory uses that serve predominate uses.",IP
998,R4,2023,NV,ZMAP-0000-0332, ,1984/06/18 04:00:00+00,R4  2023,2019_0019,1902/01/01 05:00:00+00,1902/01/01 05:00:00+00,2023/12/13 22:48:33+00,4359.419844,704099.141,998,Single Family Residential-4,"Moderate density single family detached development with a maximum density of 1 unit per 10,000 square feet, 4.8 units per acre with ADU. Served by public water and sewer. Cluster, suburban, and traditional design and compact cluster options.",R4
999,R8,2023,,ZMAP-2014-0007, ,2015/02/11 05:00:00+00,R8  2023,,1902/01/01 05:00:00+00,1902/01/01 05:00:00+00,2023/12/13 22:48:33+00,2309.521125,254694.7567,999,Single Family Residential-8,"Moderate to medium density single family detached, duplex, townhouse, and single family attached development with a maximum density of 8 units per acre, 9.6 units per acre with ADU. Served by public water and sewer. Traditional and suburban design options.",R8
1000,IP,2023,NV,ZMAP-1988-0270, ,1990/02/20 05:00:00+00,IP 2023,2023_0027,1902/01/01 05:00:00+00,1902/01/01 05:00:00+00,2023/12/13 22:48:33+00,15430.72577,11957632.73,1000,Industrial Park,"District for office, light production, flex space, and warehousing uses.  Support limited first floor retail or other accessory uses that serve predominate uses.",IP
1001,R8,2023,,ZMAP-1997-0002, ,1997/11/19 05:00:00+00,R8  2023,2012_0003,1902/01/01 05:00:00+00,1902/01/01 05:00:00+00,2023/12/13 22:48:33+00,4723.45875,1193882.177,1001,Single Family Residential-8,"Moderate to medium density single family detached, duplex, townhouse, and single family attached development with a maximum density of 8 units per acre, 9.6 units per acre with ADU. Served by public water and sewer. Traditional and suburban design options.",R8
1002,R1,2023,, , ,1900/01/01 05:00:00+00,R1  2023,2012_0003,1902/01/01 05:00:00+00,1902/01/01 05:00:00+00,2023/12/13 22:48:33+00,1137.410672,46880.20883,1002,Single Family Residential-1,"Low-density single family detached development with a maximum density of 1 unit per 40,000 square feet; 1.2 unit per 40,000 square feet with ADU. Served by public water and sewer. Cluster and compact cluster options.",R1
1003,CR1,2023,, , ,1900/01/01 05:00:00+00,CR1  2023,2012_0003,1902/01/01 05:00:00+00,1902/01/01 05:00:00+00,2023/12/13 22:48:33+00,5924.47406,1819439.629,1003,Countryside Residential-1,"Residential development with a maximum density of 1 unit per 40,000 square feet with on-site well and wastewater. 1 unit per 40,000 square feet served by public water/sewer in cluster/complact cluster options.",CR1
1004,IP,2023,28, , ,1900/01/01 05:00:00+00,IP 2023,2023_0027,1902/01/01 05:00:00+00,1902/01/01 05:00:00+00,2023/12/13 22:48:33+00,986.241203,61159.74103,1004,Industrial Park,"District for office, light production, flex space, and warehousing uses.  Support limited first floor retail or other accessory uses that serve predominate uses.",IP
1005,R8,2023,,ZMAP-1995-0013, ,1996/07/17 04:00:00+00,R8  2023,2012_0003,1902/01/01 05:00:00+00,1902/01/01 05:00:00+00,2023/12/13 22:48:33+00,5699.395951,1821060.852,1005,Single Family Residential-8,"Moderate to medium density single family detached, duplex, townhouse, and single family attached development with a maximum density of 8 units per acre, 9.6 units per acre with ADU. Served by public water and sewer. Traditional and suburban design options.",R8
1006,R4,2023,,ZMAP-1994-0014, ,1995/08/02 04:00:00+00,R4  2023,2012_0003,1902/01/01 05:00:00+00,1902/01/01 05:00:00+00,2023/12/13 22:48:33+00,3896.329224,874556.6577,1006,Single Family Residential-4,"Moderate density single family detached development with a maximum density of 1 unit per 10,000 square feet, 4.8 units per acre with ADU. Served by public water and sewer. Cluster, suburban, and traditional design and compact cluster options.",R4
1007,TR3LBR,2023,, , ,1900/01/01 05:00:00+00,TR3LBR2023,2012_0003,1902/01/01 05:00:00+00,1902/01/01 05:00:00+00,2023/12/13 22:48:33+00,9147.952194,2859277.181,1007,Transitional Residential - 3 (Lower Bull Run),"Sub-district of TR3 with central utilities. Residential with cluster (70% open space); 1.0 dwelling unit per 3 acres, 1.2 dwelling unit per 3 acres with ADU",TR3LBR
1008,R1,2023,NV, , ,1900/01/01 05:00:00+00,R1  2023,2012_0003,1902/01/01 05:00:00+00,1902/01/01 05:00:00+00,2023/12/13 22:48:33+00,8280.684525,4156721.306,1008,Single Family Residential-1,"Low-density single family detached development with a maximum density of 1 unit per 40,000 square feet; 1.2 unit per 40,000 square feet with ADU. Served by public water and sewer. Cluster and compact cluster options.",R1
1009,PDH4,2023,NV,ZMAP-2013-0012, ,2014/12/10 05:00:00+00,PDH4  2023,ZMAP201312,1902/01/01 05:00:00+00,1902/01/01 05:00:00+00,2023/12/13 22:48:33+00,3917.429476,805886.3514,1009,Planned Development Housing-4,Mixed use residential communities including single family and multifamily housing products with supportive non-residential uses. Maximum overall residential density of 4 units per acre.,PDH4
1010,PDSC,1972,28,ZMAP-1986-0053,174,1987/11/23 05:00:00+00,PDSC  1972, ,1902/01/01 05:00:00+00,1902/01/01 05:00:00+00,2010/09/27 04:00:00+00,8795.572526,4504208.447,1010,Planned Development-Shopping Center,"Permits development of neighborhood, community, and regional shopping centers in scale with surrounding market areas. PDSC is under the 1972 ordinance.",PDSC
1011,PDH4,2023,,ZMAP-1987-0032, ,1989/08/01 04:00:00+00,PDH4  2023,2012_0003,1902/01/01 05:00:00+00,1902/01/01 05:00:00+00,2023/12/13 22:48:33+00,7095.835035,2171805.795,1011,Planned Development Housing-4,Mixed use residential communities including single family and multifamily housing products with supportive non-residential uses. Maximum overall residential density of 4 units per acre.,PDH4
1012,R4,2023,,ZMAP-1995-0001, ,1995/12/06 05:00:00+00,R4  2023,2012_0003,1902/01/01 05:00:00+00,1902/01/01 05:00:00+00,2023/12/13 22:48:33+00,2723.089577,314569.2226,1012,Single Family Residential-4,"Moderate density single family detached development with a maximum density of 1 unit per 10,000 square feet, 4.8 units per acre with ADU. Served by public water and sewer. Cluster, suburban, and traditional design and compact cluster options.",R4
1013,R1,2023,, , ,1900/01/01 05:00:00+00,R1  2023,2012_0003,1902/01/01 05:00:00+00,1902/01/01 05:00:00+00,2023/12/13 22:48:33+00,1294.032175,102708.0895,1013,Single Family Residential-1,"Low-density single family detached development with a maximum density of 1 unit per 40,000 square feet; 1.2 unit per 40,000 square feet with ADU. Served by public water and sewer. Cluster and compact cluster options.",R1
1014,R4,2023,,ZMAP-1986-0014, ,1989/08/01 04:00:00+00,R4  2023,2012_0003,1902/01/01 05:00:00+00,1902/01/01 05:00:00+00,2023/12/13 22:48:33+00,5724.623706,1399912.601,1014,Single Family Residential-4,"Moderate density single family detached development with a maximum density of 1 unit per 10,000 square feet, 4.8 units per acre with ADU. Served by public water and sewer. Cluster, suburban, and traditional design and compact cluster options.",R4
1015,R1,2023,NV, , ,1900/01/01 05:00:00+00,R1  2023,2012_0003,1902/01/01 05:00:00+00,1902/01/01 05:00:00+00,2023/12/13 22:48:33+00,4477.305669,801821.8676,1015,Single Family Residential-1,"Low-density single family detached development with a maximum density of 1 unit per 40,000 square feet; 1.2 unit per 40,000 square feet with ADU. Served by public water and sewer. Cluster and compact cluster options.",R1
1016,PDH4,2023,,ZMAP-2005-0016, ,2006/07/18 04:00:00+00,PDH4  2023,2012_0003,1902/01/01 05:00:00+00,1902/01/01 05:00:00+00,2023/12/13 22:48:33+00,4734.65707,1212328.959,1016,Planned Development Housing-4,Mixed use residential communities including single family and multifamily housing products with supportive non-residential uses. Maximum overall residential density of 4 units per acre.,PDH4
1017,TR10,2023,, , ,1900/01/01 05:00:00+00,TR10  2023,2012_0003,1902/01/01 05:00:00+00,1902/01/01 05:00:00+00,2024/07/08 04:00:00+00,80573.6248,87820334.39,1017,Transitional Residential - 10,"Residential with cluster (70% open space); 1.0 dwelling unit per 10 acres, 1.2 dwelling units per 10 acres with ADU",TR10
1018,R4,2023,,ZMAP-1988-0029, ,1989/07/10 04:00:00+00,R4  2023,2012_0003,1902/01/01 05:00:00+00,1902/01/01 05:00:00+00,2023/12/13 22:48:33+00,2649.223598,383011.0473,1018,Single Family Residential-4,"Moderate density single family detached development with a maximum density of 1 unit per 10,000 square feet, 4.8 units per acre with ADU. Served by public water and sewer. Cluster, suburban, and traditional design and compact cluster options.",R4
1019,R1,2023,, , ,1900/01/01 05:00:00+00,R1  2023,2012_0003,1902/01/01 05:00:00+00,1902/01/01 05:00:00+00,2023/12/13 22:48:33+00,4018.484152,934555.7333,1019,Single Family Residential-1,"Low-density single family detached development with a maximum density of 1 unit per 40,000 square feet; 1.2 unit per 40,000 square feet with ADU. Served by public water and sewer. Cluster and compact cluster options.",R1
1020,R4,2023,,ZMAP-1986-0026, ,1987/06/15 04:00:00+00,R4  2023,2012_0003,1902/01/01 05:00:00+00,1902/01/01 05:00:00+00,2023/12/13 22:48:33+00,4494.808248,824409.1396,1020,Single Family Residential-4,"Moderate density single family detached development with a maximum density of 1 unit per 10,000 square feet, 4.8 units per acre with ADU. Served by public water and sewer. Cluster, suburban, and traditional design and compact cluster options.",R4
1021,R8,2023,NV,ZMAP-1990-0022,Z2000-0042,1995/05/03 04:00:00+00,R8  2023,2012_0003,1902/01/01 05:00:00+00,1902/01/01 05:00:00+00,2023/12/13 22:48:33+00,1990.383117,1740.370255,1021,Single Family Residential-8,"Moderate to medium density single family detached, duplex, townhouse, and single family attached development with a maximum density of 8 units per acre, 9.6 units per acre with ADU. Served by public water and sewer. Traditional and suburban design options.",R8
1022,PDH3,2023,,ZMAP-1986-0550, ,1989/10/17 04:00:00+00,PDH3  2023,2018-0005,1902/01/01 05:00:00+00,1902/01/01 05:00:00+00,2023/12/13 22:48:33+00,13005.99059,4499268.155,1022,Planned Development Housing-3,Mixed use residential communities including single family and multifamily housing products with supportive non-residential uses. Maximum overall residential density of 3 units per acre.,PDH3
1023,CCCC,2023,NV,ZMAP-1986-0026,Z2000-0034,1987/06/15 04:00:00+00,CCCC 2023,2023_0027,1902/01/01 05:00:00+00,1902/01/01 05:00:00+00,2023/12/13 22:48:33+00,3235.669651,608415.9981,1023,Commercial Center - Community Center,"Serves retail shopping needs of surrounding community with 10 minutes drive. Minimum of 4 acres, maximum of 22 acres.",CCCC
1024,PDH4,2023,,ZMAP-2004-0014, ,2007/04/17 04:00:00+00,PDH4  2023,2012_0003,1902/01/01 05:00:00+00,1902/01/01 05:00:00+00,2023/12/13 22:48:33+00,2391.111942,264251.8745,1024,Planned Development Housing-4,Mixed use residential communities including single family and multifamily housing products with supportive non-residential uses. Maximum overall residential density of 4 units per acre.,PDH4
1025,CCSC,2023,28,ZMAP-1996-0005, ,1996/07/03 04:00:00+00,CCSC 2023,2020_0010,1902/01/01 05:00:00+00,1902/01/01 05:00:00+00,2023/12/13 22:48:33+00,918.1495092,11120.9012,1025,Commercial Center - Small Regional Center,"Small regional centers to meet shopping needs of a communitymore than a 10 minute drive from the center. Minimum of 18 acres, maximum of 60 acres. Controlled access to a major collector.",CCSC
1026,R1,2023,NV, , ,1900/01/01 05:00:00+00,R1  2023,2012_0003,1902/01/01 05:00:00+00,1902/01/01 05:00:00+00,2023/12/13 22:48:33+00,2059.019862,143076.76,1026,Single Family Residential-1,"Low-density single family detached development with a maximum density of 1 unit per 40,000 square feet; 1.2 unit per 40,000 square feet with ADU. Served by public water and sewer. Cluster and compact cluster options.",R1
1027,A3,2023,, , ,1900/01/01 05:00:00+00,A3   2023,2012_0003,1902/01/01 05:00:00+00,1902/01/01 05:00:00+00,2023/12/13 22:48:33+00,2152.462599,133057.4323,1027,Agricultural/Residential,Agriculture and low density residential development with a maximum density of one unit per 3 acres with a predominantly agricultural character. Rural hamlet options.,A3
1028,PDIP,1972,28,, ,1900/01/01 05:00:00+00,PDIP  1972,2021_0012,1902/01/01 05:00:00+00,1902/01/01 05:00:00+00,2021/05/13 04:00:00+00,18725.63523,5088263.602,1028,Planned Development-Industrial Park,Light and medium industrial uses with supporting accessory uses and facilities designed with a parklike environment. May be subject to a concept development plan.  It is only under the 1972 Ordinance.,PDIP
1029,R4,2023,,ZMAP-0000-0252, ,1978/03/20 04:00:00+00,R4  2023,2012_0003,1902/01/01 05:00:00+00,1902/01/01 05:00:00+00,2023/12/13 22:48:33+00,7778.853247,3462239.678,1029,Single Family Residential-4,"Moderate density single family detached development with a maximum density of 1 unit per 10,000 square feet, 4.8 units per acre with ADU. Served by public water and sewer. Cluster, suburban, and traditional design and compact cluster options.",R4
1030,PDCH,1972,28,ZMAP-1990-0014,Z2000-0040,1991/12/17 05:00:00+00,PDCH  1972, ,1902/01/01 05:00:00+00,1902/01/01 05:00:00+00,1900/01/01 05:00:00+00,1941.570671,207155.5743,1030,Planned Development-Commercial Highway,Highway related commercial districts. PDCH is under the 1972 ordinance and is only within the Route 28 Tax District.,PDCH
1031,PDH6,2023,,ZMAP-1988-0039,Z2000-0023,1989/11/21 05:00:00+00,PDH6  2023,2012_0003,1902/01/01 05:00:00+00,1902/01/01 05:00:00+00,2023/12/13 22:48:33+00,3137.10661,471491.7933,1031,Planned Development Housing-6,Mixed use residential communities including single family and multifamily housing products with supportive non-residential uses. Maximum overall residential density of 6 units per acre.,PDH6
1032,A3,2023,,ZMAP-1994-0008, ,1995/05/17 04:00:00+00,A3   2023,2012_0003,1902/01/01 05:00:00+00,1902/01/01 05:00:00+00,2023/12/13 22:48:33+00,7782.801083,2448013.933,1032,Agricultural/Residential,Agriculture and low density residential development with a maximum density of one unit per 3 acres with a predominantly agricultural character. Rural hamlet options.,A3
1033,R24,2023,28,ZMAP-1991-0004, ,1992/10/07 04:00:00+00,R4  2023,2012_0003,1902/01/01 05:00:00+00,1902/01/01 05:00:00+00,2023/12/13 22:48:33+00,5411.651291,1487215.109,1033,Multifamily Residential-24,"Multifamily residences at a maximum density of 24 dwelling units per acre, 28.8 dwelling units per acre with ADU. Served by public water and sewer. In areas designated for infill development.",R24
1034,TR10,2023,, , ,1900/01/01 05:00:00+00,TR10  2023,2012_0003,1902/01/01 05:00:00+00,1902/01/01 05:00:00+00,2023/12/13 22:48:33+00,4849.107619,1144088.604,1034,Transitional Residential - 10,"Residential with cluster (70% open space); 1.0 dwelling unit per 10 acres, 1.2 dwelling units per 10 acres with ADU",TR10
1035,R1,2023,, , ,1900/01/01 05:00:00+00,R1  2023,2012_0003,1902/01/01 05:00:00+00,1902/01/01 05:00:00+00,2023/12/13 22:48:33+00,4028.24928,873926.3038,1035,Single Family Residential-1,"Low-density single family detached development with a maximum density of 1 unit per 40,000 square feet; 1.2 unit per 40,000 square feet with ADU. Served by public water and sewer. Cluster and compact cluster options.",R1
1036,R4,2023,,ZMAP-1994-0013, ,1999/05/05 04:00:00+00,R4  2023,2012_0003,1902/01/01 05:00:00+00,1902/01/01 05:00:00+00,2023/12/13 22:48:33+00,4228.325818,811228.4911,1036,Single Family Residential-4,"Moderate density single family detached development with a maximum density of 1 unit per 10,000 square feet, 4.8 units per acre with ADU. Served by public water and sewer. Cluster, suburban, and traditional design and compact cluster options.",R4
1037,CR1,2023,, , ,1900/01/01 05:00:00+00,CR1  2023,2012_0003,1902/01/01 05:00:00+00,1902/01/01 05:00:00+00,2023/12/13 22:48:33+00,3300.336713,438391.3305,1037,Countryside Residential-1,"Residential development with a maximum density of 1 unit per 40,000 square feet with on-site well and wastewater. 1 unit per 40,000 square feet served by public water/sewer in cluster/complact cluster options.",CR1
1038,R8,2023,,ZMAP-1986-0034, ,1987/03/16 04:00:00+00,R8  2023,2012_0003,1902/01/01 05:00:00+00,1902/01/01 05:00:00+00,2023/12/13 22:48:33+00,10680.09534,4451906.605,1038,Single Family Residential-8,"Moderate to medium density single family detached, duplex, townhouse, and single family attached development with a maximum density of 8 units per acre, 9.6 units per acre with ADU. Served by public water and sewer. Traditional and suburban design options.",R8
1039,R8,2023,,ZMAP-2004-0023, ,2006/06/20 04:00:00+00,R8  2023,2012_0003,1902/01/01 05:00:00+00,1902/01/01 05:00:00+00,2023/12/13 22:48:33+00,2883.81382,431773.6511,1039,Single Family Residential-8,"Moderate to medium density single family detached, duplex, townhouse, and single family attached development with a maximum density of 8 units per acre, 9.6 units per acre with ADU. Served by public water and sewer. Traditional and suburban design options.",R8
1040,AR1,2023,,ZMAP-2006-0002, ,2006/12/05 05:00:00+00,AR1  2023,2012_0003,1902/01/01 05:00:00+00,1902/01/01 05:00:00+00,2023/12/13 22:48:33+00,1313.235903,105165.2064,1040,Agricultural Rural - 1,Rural business and residential uses: Base Density: 1.0 dwelling unit per 20 acres; Principal/Subordinate Subdivision: 1.0 dwelling unit per 10 acres; Cluster Subdivision: 1.0 dwelling unit per 5 acres,AR1
1041,PDRV,2023,,ZMAP-2002-0002, ,2003/06/02 04:00:00+00,PDRV  2023,2012_0003,1902/01/01 05:00:00+00,1902/01/01 05:00:00+00,2023/12/13 22:48:33+00,42848.40041,38680416.04,1041,Planned Development-Rural Village,"A rural, pedestrian oriented, mixed use community surrounded by the remaining farmland in an open space conservation easement.   Each village will be serviced by its own public water and sewer factility.",PDRV
1042,OP,2023,,ZMAP-1989-0038, ,1991/07/02 04:00:00+00,OP 2023,2023_0027,1902/01/01 05:00:00+00,1902/01/01 05:00:00+00,2023/12/13 22:48:33+00,5982.097121,1694350.827,1042,Office Park,"District for administrative, business and professional offices research and development, and supporting commercial and instibutional uses and facilities; support limited first floor retail.",OP
1043,R1,2023,, , ,1900/01/01 05:00:00+00,R1  2023,2012_0003,1902/01/01 05:00:00+00,1902/01/01 05:00:00+00,2023/12/13 22:48:33+00,9135.804647,3894185.761,1043,Single Family Residential-1,"Low-density single family detached development with a maximum density of 1 unit per 40,000 square feet; 1.2 unit per 40,000 square feet with ADU. Served by public water and sewer. Cluster and compact cluster options.",R1
1044,R1,2023,, , ,1900/01/01 05:00:00+00,R1  2023,2012_0003,1902/01/01 05:00:00+00,1902/01/01 05:00:00+00,2023/12/13 22:48:33+00,2201.591268,166714.3545,1044,Single Family Residential-1,"Low-density single family detached development with a maximum density of 1 unit per 40,000 square feet; 1.2 unit per 40,000 square feet with ADU. Served by public water and sewer. Cluster and compact cluster options.",R1
1045,R4,2023,,ZMAP-1988-0031, ,1989/08/01 04:00:00+00,R4  2023,2012_0003,1902/01/01 05:00:00+00,1902/01/01 05:00:00+00,2023/12/13 22:48:33+00,6376.577357,1281511.398,1045,Single Family Residential-4,"Moderate density single family detached development with a maximum density of 1 unit per 10,000 square feet, 4.8 units per acre with ADU. Served by public water and sewer. Cluster, suburban, and traditional design and compact cluster options.",R4
1046,PDH3,2023,NV,ZMAP-2005-0004, ,2006/07/18 04:00:00+00,PDH3  2023,2012_0003,1902/01/01 05:00:00+00,1902/01/01 05:00:00+00,2023/12/13 22:48:33+00,8940.493421,4548300.419,1046,Planned Development Housing-3,Mixed use residential communities including single family and multifamily housing products with supportive non-residential uses. Maximum overall residential density of 3 units per acre.,PDH3
1047,CR1,2023,, , ,1900/01/01 05:00:00+00,CR1  2023,2012_0003,1902/01/01 05:00:00+00,1902/01/01 05:00:00+00,2023/12/13 22:48:33+00,15353.00778,7715453.253,1047,Countryside Residential-1,"Residential development with a maximum density of 1 unit per 40,000 square feet with on-site well and wastewater. 1 unit per 40,000 square feet served by public water/sewer in cluster/complact cluster options.",CR1
1048,PDH4,2023,,ZMAP-2002-0008, ,2002/10/08 04:00:00+00,PDH4  2023,2012_0003,1902/01/01 05:00:00+00,1902/01/01 05:00:00+00,2023/12/13 22:48:33+00,7788.703129,2625228.128,1048,Planned Development Housing-4,Mixed use residential communities including single family and multifamily housing products with supportive non-residential uses. Maximum overall residential density of 4 units per acre.,PDH4
1049,AR1,2023,,ZMAP-2005-0042, ,2006/12/05 05:00:00+00,AR1  2023,2012_0003,1902/01/01 05:00:00+00,1902/01/01 05:00:00+00,2023/12/13 22:48:33+00,2633.354455,360500.8976,1049,Agricultural Rural - 1,Rural business and residential uses: Base Density: 1.0 dwelling unit per 20 acres; Principal/Subordinate Subdivision: 1.0 dwelling unit per 10 acres; Cluster Subdivision: 1.0 dwelling unit per 5 acres,AR1
1050,R1,2023,, , ,1900/01/01 05:00:00+00,R1  2023,2012_0003,1902/01/01 05:00:00+00,1902/01/01 05:00:00+00,2023/12/13 22:48:33+00,1394.272664,113514.2043,1050,Single Family Residential-1,"Low-density single family detached development with a maximum density of 1 unit per 40,000 square feet; 1.2 unit per 40,000 square feet with ADU. Served by public water and sewer. Cluster and compact cluster options.",R1
1051,PDH6,2023,,ZMAP-1988-0046,Z2000-0034,1989/11/06 05:00:00+00,PDH6  2023,2012_0003,1902/01/01 05:00:00+00,1902/01/01 05:00:00+00,2023/12/13 22:48:33+00,1786.117162,144979.3579,1051,Planned Development Housing-6,Mixed use residential communities including single family and multifamily housing products with supportive non-residential uses. Maximum overall residential density of 6 units per acre.,PDH6
1052,R16,2023,28,ZMAP-2005-0022,,2006/12/05 05:00:00+00,R16  2023,2012_0003,1902/01/01 05:00:00+00,1902/01/01 05:00:00+00,2023/12/13 22:48:33+00,1723.001686,172980.7549,1052,Townhouse/Multifamily Residential-16,Single family attached/detached and multifamily residences at a maximum density of 16 units per acre; 19.2 units per acre with ADU. Served by public water and sewer. In areas designated for infill development. Traditional design option.,R16
1053,R1,2023,, , ,1900/01/01 05:00:00+00,R1  2023,2012_0003,1902/01/01 05:00:00+00,1902/01/01 05:00:00+00,2023/12/13 22:48:33+00,1229.397794,90769.93336,1053,Single Family Residential-1,"Low-density single family detached development with a maximum density of 1 unit per 40,000 square feet; 1.2 unit per 40,000 square feet with ADU. Served by public water and sewer. Cluster and compact cluster options.",R1
1054,GI,2023,,ZMAP-0000-0303,133,1981/04/20 04:00:00+00,GI 2023,2023_0027,1902/01/01 05:00:00+00,1902/01/01 05:00:00+00,2024/03/26 04:00:00+00,2900.296697,457677.609,1054,General Industry,District for industrial uses that are incompatible with residential uses due to the prevelance of outdoor storage and emissions of noise and odor. ,GI
1055,R4,2023,,ZMAP-1994-0003, ,1994/11/16 05:00:00+00,R4  2023,2012_0003,1902/01/01 05:00:00+00,1902/01/01 05:00:00+00,2023/12/13 22:48:33+00,1854.448467,181025.4473,1055,Single Family Residential-4,"Moderate density single family detached development with a maximum density of 1 unit per 10,000 square feet, 4.8 units per acre with ADU. Served by public water and sewer. Cluster, suburban, and traditional design and compact cluster options.",R4
1056,PDH3,2023,,ZMAP-2004-0006, ,2004/06/15 04:00:00+00,PDH3  2023,2012_0003,1902/01/01 05:00:00+00,1902/01/01 05:00:00+00,2023/12/13 22:48:33+00,14729.70529,6768945.557,1056,Planned Development Housing-3,Mixed use residential communities including single family and multifamily housing products with supportive non-residential uses. Maximum overall residential density of 3 units per acre.,PDH3
1057,OP,2023,,ZMAP-1985-0017, ,1986/10/20 04:00:00+00,OP 2023,2023_0027,1902/01/01 05:00:00+00,1902/01/01 05:00:00+00,2023/12/13 22:48:33+00,519.5165026,10403.88307,1057,Office Park,"District for administrative, business and professional offices research and development, and supporting commercial and instibutional uses and facilities; support limited first floor retail.",OP
1058,PDOP,1972,NV, , ,1900/01/01 05:00:00+00,PDOP  1972, ,1902/01/01 05:00:00+00,1902/01/01 05:00:00+00,1900/01/01 05:00:00+00,1432.148753,86981.37061,1058,Planned Development-Office Park,"Office park established primarily for administrative, business, and professional offices designed in a parklike environment and subject to an adopted concept development plan.  This is for 1972 Ordinance only.",PDOP
1059,A10,2023,,ZMAP-1999-0020,Z2001-0009,2001/04/02 04:00:00+00,A10   2023,2012_0003,1902/01/01 05:00:00+00,1902/01/01 05:00:00+00,2023/12/13 22:48:33+00,8503.226628,2321987.999,1059,Agriculture,Agriculture and low density residential development with a maximum density of one unit per 10 acres. Rural hamlet options.,A10
1060,PDH3,2023,, , ,1900/01/01 05:00:00+00,PDH3  2023,2012_0003,1902/01/01 05:00:00+00,1902/01/01 05:00:00+00,2023/12/13 22:48:33+00,3642.631374,206801.9868,1060,Planned Development Housing-3,Mixed use residential communities including single family and multifamily housing products with supportive non-residential uses. Maximum overall residential density of 3 units per acre.,PDH3
1061,PDH4,2023,,ZMAP-0000-0326, ,1985/04/01 04:00:00+00,PDH4  2023,2012_0003,1902/01/01 05:00:00+00,1902/01/01 05:00:00+00,2023/12/13 22:48:33+00,6815.807511,1760401.95,1061,Planned Development Housing-4,Mixed use residential communities including single family and multifamily housing products with supportive non-residential uses. Maximum overall residential density of 4 units per acre.,PDH4
1062,OP,2023,28,ZMAP-1987-0300, ,1988/07/18 04:00:00+00,OP 2023,2023_0027,1902/01/01 05:00:00+00,1902/01/01 05:00:00+00,2023/12/13 22:48:33+00,3656.783011,361766.5788,1062,Office Park,"District for administrative, business and professional offices research and development, and supporting commercial and instibutional uses and facilities; support limited first floor retail.",OP
1063,R4,2023,,ZMAP-2006-0008, ,2007/06/13 04:00:00+00,R4  2023,2012_0003,1902/01/01 05:00:00+00,1902/01/01 05:00:00+00,2023/12/13 22:48:33+00,3272.420101,589761.4091,1063,Single Family Residential-4,"Moderate density single family detached development with a maximum density of 1 unit per 10,000 square feet, 4.8 units per acre with ADU. Served by public water and sewer. Cluster, suburban, and traditional design and compact cluster options.",R4
1064,OP,2023,28,ZMAP-1986-0058, ,1988/05/21 04:00:00+00,OP 2023,2023_0027,1902/01/01 05:00:00+00,1902/01/01 05:00:00+00,2023/12/13 22:48:33+00,3194.092519,373246.9665,1064,Office Park,"District for administrative, business and professional offices research and development, and supporting commercial and instibutional uses and facilities; support limited first floor retail.",OP
1065,R2,2023,, , ,1900/01/01 05:00:00+00,R2  2023,2012_0003,1902/01/01 05:00:00+00,1902/01/01 05:00:00+00,2023/12/13 22:48:33+00,9465.837321,4246936.047,1065,Single Family Residential-2,"Low to moderate density single family detached development with a maximum density of 1 unit per 20,000 square feet, 1.2 units per 20,000 square feet with ADU. Served by public water and sewer. Cluster, suburban, compact cluster, and traditional design options.",R2
1066,R1,2023,, , ,1900/01/01 05:00:00+00,R1  2023,2012_0003,1902/01/01 05:00:00+00,1902/01/01 05:00:00+00,2023/12/13 22:48:33+00,1266.567281,87644.32349,1066,Single Family Residential-1,"Low-density single family detached development with a maximum density of 1 unit per 40,000 square feet; 1.2 unit per 40,000 square feet with ADU. Served by public water and sewer. Cluster and compact cluster options.",R1
1067,R1,2023,NV, , ,1900/01/01 05:00:00+00,R1  2023,2012_0003,1902/01/01 05:00:00+00,1902/01/01 05:00:00+00,2023/12/13 22:48:33+00,9370.821644,4215275.295,1067,Single Family Residential-1,"Low-density single family detached development with a maximum density of 1 unit per 40,000 square feet; 1.2 unit per 40,000 square feet with ADU. Served by public water and sewer. Cluster and compact cluster options.",R1
1068,PDCCRC,2023,28,ZMAP-1989-0024, ,1990/02/20 05:00:00+00,PDCCRC2023,2022_0004,1902/01/01 05:00:00+00,1902/01/01 05:00:00+00,2023/12/13 22:48:33+00,7489.190668,927834.7793,1068,Planned Development-Commercial Center (Regional Center),"Large scale commercial centers which provide a wide range of retail, office, and service uses, with one or more anchor stores, to the regional market. Minimum of 60 acres with controlled access to arterial roads.",PDCCRC
1069,TC,2023,NV,ZMAP-2005-0008,,2007/01/16 05:00:00+00,TC 2023,2023_0027,1902/01/01 05:00:00+00,1902/01/01 05:00:00+00,2023/12/13 22:48:33+00,12748.46753,3530540.268,1069,Town Center,"A district established to provide for a compatible mixture of commercial, cultural, institutional, governmental, and residential uses in compact pedestrian oriented, traditional town centers, in areas consistent with the General Plan & serving as focal points for substantial residential areas.",TC
1070,CCSC,2023,NV,ZMAP-1994-0004, ,1994/07/06 04:00:00+00,CCSC 2023,2020_0010,1902/01/01 05:00:00+00,1902/01/01 05:00:00+00,2023/12/13 22:48:33+00,6262.412306,1335211.136,1070,Commercial Center - Small Regional Center,"Small regional centers to meet shopping needs of a communitymore than a 10 minute drive from the center. Minimum of 18 acres, maximum of 60 acres. Controlled access to a major collector.",CCSC
1071,PDH3,1972,,ZMAP-1984-0150, ,1985/07/17 04:00:00+00,PDH3  1972, ,1902/01/01 05:00:00+00,1902/01/01 05:00:00+00,1900/01/01 05:00:00+00,2261.407194,329657.1437,1071,Planned Development Housing-3,Mixed use residential communities including single family and multifamily housing products with supportive non-residential uses. Maximum overall residential density of 3 units per acre.,PDH3
1072,PDRV,2023,,ZMAP-1994-0008, ,1995/05/17 04:00:00+00,PDRV  2023,2012_0003,1902/01/01 05:00:00+00,1902/01/01 05:00:00+00,2023/12/13 22:48:33+00,44487.67561,35929574.1,1072,Planned Development-Rural Village,"A rural, pedestrian oriented, mixed use community surrounded by the remaining farmland in an open space conservation easement.   Each village will be serviced by its own public water and sewer factility.",PDRV
1073,IP,2023,28,ZMAP-2004-0003, ,2004/06/08 04:00:00+00,IP 2023,2023_0027,1902/01/01 05:00:00+00,1902/01/01 05:00:00+00,2023/12/13 22:48:33+00,2375.346742,311207.4863,1073,Industrial Park,"District for office, light production, flex space, and warehousing uses.  Support limited first floor retail or other accessory uses that serve predominate uses.",IP
1074,R16,2023,NV, , ,1900/01/01 05:00:00+00,R16  2023,2012_0003,1902/01/01 05:00:00+00,1902/01/01 05:00:00+00,2023/12/13 22:48:33+00,1761.317883,190327.858,1074,Townhouse/Multifamily Residential-16,Single family attached/detached and multifamily residences at a maximum density of 16 units per acre; 19.2 units per acre with ADU. Served by public water and sewer. In areas designated for infill development. Traditional design option.,R16
1075,PDIP,1972,28,ZMAP-1984-0008, ,1985/01/22 05:00:00+00,PDIP  1972, ,1902/01/01 05:00:00+00,1902/01/01 05:00:00+00,1900/01/01 05:00:00+00,5209.306917,1061403.779,1075,Planned Development-Industrial Park,Light and medium industrial uses with supporting accessory uses and facilities designed with a parklike environment. May be subject to a concept development plan.  It is only under the 1972 Ordinance.,PDIP
1076,R1,2023,, , ,1900/01/01 05:00:00+00,R1  2023,2012_0003,1902/01/01 05:00:00+00,1902/01/01 05:00:00+00,2023/12/13 22:48:33+00,9152.180051,3514566.352,1076,Single Family Residential-1,"Low-density single family detached development with a maximum density of 1 unit per 40,000 square feet; 1.2 unit per 40,000 square feet with ADU. Served by public water and sewer. Cluster and compact cluster options.",R1
1077,RC,2023,, , ,1900/01/01 05:00:00+00,RC  2023,2012_0003,1902/01/01 05:00:00+00,1902/01/01 05:00:00+00,2023/12/13 22:48:33+00,1903.318824,200351.2879,1077,Rural Commercial,Commercial properties predominantly located in rural Loudoun. Uses are compatible with scale and character of general open and rural character of Rural North & South Place Types.,RC
1078,R2,2023,, , ,1900/01/01 05:00:00+00,R2  2023,2012_0003,1902/01/01 05:00:00+00,1902/01/01 05:00:00+00,2023/12/13 22:48:33+00,12872.12317,6228589.503,1078,Single Family Residential-2,"Low to moderate density single family detached development with a maximum density of 1 unit per 20,000 square feet, 1.2 units per 20,000 square feet with ADU. Served by public water and sewer. Cluster, suburban, compact cluster, and traditional design options.",R2
1079,R4,2023,,ZMAP-2005-0017,,2006/05/09 04:00:00+00,R4  2023,2012_0003,1902/01/01 05:00:00+00,1902/01/01 05:00:00+00,2023/12/13 22:48:33+00,3817.292866,544747.9881,1079,Single Family Residential-4,"Moderate density single family detached development with a maximum density of 1 unit per 10,000 square feet, 4.8 units per acre with ADU. Served by public water and sewer. Cluster, suburban, and traditional design and compact cluster options.",R4
1080,CR1,2023,, , ,1900/01/01 05:00:00+00,CR1  2023,2012_0003,1902/01/01 05:00:00+00,1902/01/01 05:00:00+00,2023/12/13 22:48:33+00,312.5803632,79.46739705,1080,Countryside Residential-1,"Residential development with a maximum density of 1 unit per 40,000 square feet with on-site well and wastewater. 1 unit per 40,000 square feet served by public water/sewer in cluster/complact cluster options.",CR1
1081,CR1,2023,, , ,1900/01/01 05:00:00+00,CR1  2023,2012_0003,1902/01/01 05:00:00+00,1902/01/01 05:00:00+00,2023/12/13 22:48:33+00,7041.015616,2515235.494,1081,Countryside Residential-1,"Residential development with a maximum density of 1 unit per 40,000 square feet with on-site well and wastewater. 1 unit per 40,000 square feet served by public water/sewer in cluster/complact cluster options.",CR1
1082,TR10,2023,, , ,1900/01/01 05:00:00+00,TR10  2023,2012_0003,1902/01/01 05:00:00+00,1902/01/01 05:00:00+00,2023/12/13 22:48:33+00,5042.850371,1265300.524,1082,Transitional Residential - 10,"Residential with cluster (70% open space); 1.0 dwelling unit per 10 acres, 1.2 dwelling units per 10 acres with ADU",TR10
1083,CR1,2023,, , ,1900/01/01 05:00:00+00,CR1  2023,2012_0003,1902/01/01 05:00:00+00,1902/01/01 05:00:00+00,2023/12/13 22:48:33+00,3610.196859,452040.2226,1083,Countryside Residential-1,"Residential development with a maximum density of 1 unit per 40,000 square feet with on-site well and wastewater. 1 unit per 40,000 square feet served by public water/sewer in cluster/complact cluster options.",CR1
1084,R2,2023,, , ,1900/01/01 05:00:00+00,R2  2023,2012_0003,1902/01/01 05:00:00+00,1902/01/01 05:00:00+00,2023/12/13 22:48:33+00,1215.217374,86518.19235,1084,Single Family Residential-2,"Low to moderate density single family detached development with a maximum density of 1 unit per 20,000 square feet, 1.2 units per 20,000 square feet with ADU. Served by public water and sewer. Cluster, suburban, compact cluster, and traditional design options.",R2
1085,PDH4,2023,,ZMAP-1998-0012,Z2000-0041,1999/11/17 05:00:00+00,PDH4  2023,2012_0003,1902/01/01 05:00:00+00,1902/01/01 05:00:00+00,2023/12/13 22:48:33+00,3040.653396,441411.3587,1085,Planned Development Housing-4,Mixed use residential communities including single family and multifamily housing products with supportive non-residential uses. Maximum overall residential density of 4 units per acre.,PDH4
1086,CCSC,2023,,ZMAP-1987-0016, ,1989/10/17 04:00:00+00,CCSC 2023,2012_0003,1902/01/01 05:00:00+00,1902/01/01 05:00:00+00,2023/12/13 22:48:33+00,3530.114975,708232.0037,1086,Commercial Center - Small Regional Center,"Small regional centers to meet shopping needs of a communitymore than a 10 minute drive from the center. Minimum of 18 acres, maximum of 60 acres. Controlled access to a major collector.",CCSC
1087,R2,2023,, , ,1900/01/01 05:00:00+00,R2  2023,2012_0003,1902/01/01 05:00:00+00,1902/01/01 05:00:00+00,2023/12/13 22:48:33+00,8259.634718,2680196.248,1087,Single Family Residential-2,"Low to moderate density single family detached development with a maximum density of 1 unit per 20,000 square feet, 1.2 units per 20,000 square feet with ADU. Served by public water and sewer. Cluster, suburban, compact cluster, and traditional design options.",R2
1088,PDH3,2023,NV,ZMAP-1998-0008,Z2000-0047,1999/11/03 04:00:00+00,PDH3  2023,2012_0003,1902/01/01 05:00:00+00,1902/01/01 05:00:00+00,2023/12/13 22:48:33+00,3855.821545,364964.8037,1088,Planned Development Housing-3,Mixed use residential communities including single family and multifamily housing products with supportive non-residential uses. Maximum overall residential density of 3 units per acre.,PDH3
1089,R2,2023,, ,Z2000-0017,1900/01/01 05:00:00+00,R2  2023,2012_0003,1902/01/01 05:00:00+00,1902/01/01 05:00:00+00,2023/12/13 22:48:33+00,1527.444592,125289.9445,1089,Single Family Residential-2,"Low to moderate density single family detached development with a maximum density of 1 unit per 20,000 square feet, 1.2 units per 20,000 square feet with ADU. Served by public water and sewer. Cluster, suburban, compact cluster, and traditional design options.",R2
1090,R4,2023,,ZMAP-1999-0015,Z2001-0003,2000/06/19 04:00:00+00,R4  2023,2012_0003,1902/01/01 05:00:00+00,1902/01/01 05:00:00+00,2023/12/13 22:48:33+00,2043.376166,248816.716,1090,Single Family Residential-4,"Moderate density single family detached development with a maximum density of 1 unit per 10,000 square feet, 4.8 units per acre with ADU. Served by public water and sewer. Cluster, suburban, and traditional design and compact cluster options.",R4
1091,R16,2023,28,ZMAP-1990-0022,Z2000-0042,1995/05/03 04:00:00+00,R16  2023,2012_0003,1902/01/01 05:00:00+00,1902/01/01 05:00:00+00,2023/12/13 22:48:33+00,5903.807379,1142434.689,1091,Townhouse/Multifamily Residential-16,Single family attached/detached and multifamily residences at a maximum density of 16 units per acre; 19.2 units per acre with ADU. Served by public water and sewer. In areas designated for infill development. Traditional design option.,R16
1092,PDH4,2023,,ZMAP-1996-0002, ,1998/03/18 04:00:00+00,PDH4  2023,2012_0003,1902/01/01 05:00:00+00,1902/01/01 05:00:00+00,2023/12/13 22:48:33+00,2885.692071,433309.2712,1092,Planned Development Housing-4,Mixed use residential communities including single family and multifamily housing products with supportive non-residential uses. Maximum overall residential density of 4 units per acre.,PDH4
1093,CR1,2023,, , ,1900/01/01 05:00:00+00,CR1  2023,2012_0003,1902/01/01 05:00:00+00,1902/01/01 05:00:00+00,2023/12/13 22:48:33+00,61.16673007,55.88976407,1093,Countryside Residential-1,"Residential development with a maximum density of 1 unit per 40,000 square feet with on-site well and wastewater. 1 unit per 40,000 square feet served by public water/sewer in cluster/complact cluster options.",CR1
1094,PDH4,2023,, , ,1900/01/01 05:00:00+00,PDH4  2023,2012_0003,1902/01/01 05:00:00+00,1902/01/01 05:00:00+00,2023/12/13 22:48:33+00,2158.767029,89602.67014,1094,Planned Development Housing-4,Mixed use residential communities including single family and multifamily housing products with supportive non-residential uses. Maximum overall residential density of 4 units per acre.,PDH4
1095,A3,2023,28, , ,1900/01/01 05:00:00+00,A3   2023,2021_0003,1902/01/01 05:00:00+00,1902/01/01 05:00:00+00,2023/12/13 22:48:33+00,4101.941044,939792.041,1095,Agricultural/Residential,Agriculture and low density residential development with a maximum density of one unit per 3 acres with a predominantly agricultural character. Rural hamlet options.,A3
1096,R4,2023,NV, , ,1900/01/01 05:00:00+00,R4  2023,2012_0003,1902/01/01 05:00:00+00,1902/01/01 05:00:00+00,2023/12/13 22:48:33+00,13711.41107,7187012.977,1096,Single Family Residential-4,"Moderate density single family detached development with a maximum density of 1 unit per 10,000 square feet, 4.8 units per acre with ADU. Served by public water and sewer. Cluster, suburban, and traditional design and compact cluster options.",R4
1097,PDH4,2023,,ZMAP-1998-0013, ,2000/03/06 05:00:00+00,PDH4  2023,2012_0003,1902/01/01 05:00:00+00,1902/01/01 05:00:00+00,2023/12/13 22:48:33+00,3812.207818,874349.1254,1097,Planned Development Housing-4,Mixed use residential communities including single family and multifamily housing products with supportive non-residential uses. Maximum overall residential density of 4 units per acre.,PDH4
1098,IP,2023,, , ,1900/01/01 05:00:00+00,IP 2023,2023_0027,1902/01/01 05:00:00+00,1902/01/01 05:00:00+00,2023/12/13 22:48:33+00,1616.294752,66027.51299,1098,Industrial Park,"District for office, light production, flex space, and warehousing uses.  Support limited first floor retail or other accessory uses that serve predominate uses.",IP
1099,PDH4,2023,,ZMAP-2004-0025,0,2007/10/16 04:00:00+00,PDH4  2023,2012_0003,1902/01/01 05:00:00+00,1902/01/01 05:00:00+00,2023/12/13 22:48:33+00,3175.896553,579377.9602,1099,Planned Development Housing-4,Mixed use residential communities including single family and multifamily housing products with supportive non-residential uses. Maximum overall residential density of 4 units per acre.,PDH4
1100,R8,2023,,ZMAP-1995-0002, ,1996/02/07 05:00:00+00,R8  2023,2012_0003,1902/01/01 05:00:00+00,1902/01/01 05:00:00+00,2023/12/13 22:48:33+00,2250.419171,225187.8313,1100,Single Family Residential-8,"Moderate to medium density single family detached, duplex, townhouse, and single family attached development with a maximum density of 8 units per acre, 9.6 units per acre with ADU. Served by public water and sewer. Traditional and suburban design options.",R8
1101,CR2,2023,, , ,1900/01/01 05:00:00+00,CR2   2023,2012_0003,1902/01/01 05:00:00+00,1902/01/01 05:00:00+00,2023/12/13 22:48:33+00,4413.026291,685684.3151,1101,Countryside Residential-2,"Residential development with a maximum density of 1 unit per 40,000 square feet with on-site well and wastewater. 1 unit per 20,000 square feet served by public water/sewer in cluster/complact cluster options.",CR2
1102,PDH4,2023,,ZMAP-1999-0012,Z2001-0014,2000/11/06 05:00:00+00,PDH4  2023,2012_0003,1902/01/01 05:00:00+00,1902/01/01 05:00:00+00,2023/12/13 22:48:33+00,2088.432122,258774.0173,1102,Planned Development Housing-4,Mixed use residential communities including single family and multifamily housing products with supportive non-residential uses. Maximum overall residential density of 4 units per acre.,PDH4
1103,CR2,2023,,,,1900/01/01 05:00:00+00,CR2   2023,2018_0033,1902/01/01 05:00:00+00,1902/01/01 05:00:00+00,2023/12/13 22:48:33+00,4733.493951,750435.8299,1103,Countryside Residential-2,"Residential development with a maximum density of 1 unit per 40,000 square feet with on-site well and wastewater. 1 unit per 20,000 square feet served by public water/sewer in cluster/complact cluster options.",CR2
1104,R8,2023,NV,ZMAP-1990-0022,Z2000-0042,1995/05/03 04:00:00+00,R8  2023,2012_0003,1902/01/01 05:00:00+00,1902/01/01 05:00:00+00,2023/12/13 22:48:33+00,2142.659903,756.7162842,1104,Single Family Residential-8,"Moderate to medium density single family detached, duplex, townhouse, and single family attached development with a maximum density of 8 units per acre, 9.6 units per acre with ADU. Served by public water and sewer. Traditional and suburban design options.",R8
1105,CR1,2023,, , ,1900/01/01 05:00:00+00,CR1  2023,2012_0003,1902/01/01 05:00:00+00,1902/01/01 05:00:00+00,2023/12/13 22:48:33+00,5852.100676,1468228.769,1105,Countryside Residential-1,"Residential development with a maximum density of 1 unit per 40,000 square feet with on-site well and wastewater. 1 unit per 40,000 square feet served by public water/sewer in cluster/complact cluster options.",CR1
1106,R16,2023,NV,ZMAP-1998-0008,Z2000-0047,1999/11/03 04:00:00+00,R16  2023,2012_0003,1902/01/01 05:00:00+00,1902/01/01 05:00:00+00,2023/12/13 22:48:33+00,6984.369659,1826515.993,1106,Townhouse/Multifamily Residential-16,Single family attached/detached and multifamily residences at a maximum density of 16 units per acre; 19.2 units per acre with ADU. Served by public water and sewer. In areas designated for infill development. Traditional design option.,R16
1107,A3,2023,28, , ,1900/01/01 05:00:00+00,A3   2023,2012_0003,1902/01/01 05:00:00+00,1902/01/01 05:00:00+00,2023/12/13 22:48:33+00,823.8033935,21688.11943,1107,Agricultural/Residential,Agriculture and low density residential development with a maximum density of one unit per 3 acres with a predominantly agricultural character. Rural hamlet options.,A3
1108,PDAAAR,2023,,ZMAP-2002-0016, ,2003/07/21 04:00:00+00,PDAAAR2023,2021_0019,1902/01/01 05:00:00+00,1902/01/01 05:00:00+00,2023/12/13 22:48:33+00,15842.30126,13087811.46,1108,Planned Development-Active Adult/Age Restricted,"Planned adult residential communities 55 years or older. Max 30 dwelling units per acre, 36 dwelling units per acre with ADU, public sewer and water, and are served by one or more major arterial or collector roads. Consistent with locations designated for high-density urban residential development.",PDAAAR
1109,GI,2023,NV,ZMAP-1986-0019, ,1987/09/21 04:00:00+00,GI 2023,2023_0027,1902/01/01 05:00:00+00,1902/01/01 05:00:00+00,2023/12/13 22:48:33+00,7222.029205,847178.2087,1109,General Industry,District for industrial uses that are incompatible with residential uses due to the prevelance of outdoor storage and emissions of noise and odor. ,GI
1110,PDH4,2023,NV,ZMAP-1986-0013, ,1987/09/21 04:00:00+00,PDH4  2023,2012_0003,1902/01/01 05:00:00+00,1902/01/01 05:00:00+00,2023/12/13 22:48:33+00,56414.72902,56732570.2,1110,Planned Development Housing-4,Mixed use residential communities including single family and multifamily housing products with supportive non-residential uses. Maximum overall residential density of 4 units per acre.,PDH4
1111,PDRV,2023,,ZMAP-2000-0007, ,2002/02/04 05:00:00+00,PDRV  2023,2012_0003,1902/01/01 05:00:00+00,1902/01/01 05:00:00+00,2023/12/13 22:48:33+00,44272.23905,47794533.17,1111,Planned Development-Rural Village,"A rural, pedestrian oriented, mixed use community surrounded by the remaining farmland in an open space conservation easement.   Each village will be serviced by its own public water and sewer factility.",PDRV
1112,R8,2023,NV,ZMAP-1990-0022,Z2000-0042,1995/05/03 04:00:00+00,R8  2023,2012_0003,1902/01/01 05:00:00+00,1902/01/01 05:00:00+00,2023/12/13 22:48:33+00,6703.548008,1158590.277,1112,Single Family Residential-8,"Moderate to medium density single family detached, duplex, townhouse, and single family attached development with a maximum density of 8 units per acre, 9.6 units per acre with ADU. Served by public water and sewer. Traditional and suburban design options.",R8
1113,PDH4,2023,,ZMAP-1987-0035, ,1989/10/17 04:00:00+00,PDH4  2023,2012_0003,1902/01/01 05:00:00+00,1902/01/01 05:00:00+00,2023/12/13 22:48:33+00,17085.09061,7064582.917,1113,Planned Development Housing-4,Mixed use residential communities including single family and multifamily housing products with supportive non-residential uses. Maximum overall residential density of 4 units per acre.,PDH4
1114,PDH4,2023,, , ,1900/01/01 05:00:00+00,PDH4  2023,2012_0003,1902/01/01 05:00:00+00,1902/01/01 05:00:00+00,2023/12/13 22:48:33+00,2236.851439,311537.0316,1114,Planned Development Housing-4,Mixed use residential communities including single family and multifamily housing products with supportive non-residential uses. Maximum overall residential density of 4 units per acre.,PDH4
1115,PDH4,2023,,ZMAP-1989-0039, ,1990/06/19 04:00:00+00,PDH4  2023,2012_0003,1902/01/01 05:00:00+00,1902/01/01 05:00:00+00,2023/12/13 22:48:33+00,4620.370953,1211739.592,1115,Planned Development Housing-4,Mixed use residential communities including single family and multifamily housing products with supportive non-residential uses. Maximum overall residential density of 4 units per acre.,PDH4
1116,PDH4,2023,,ZMAP-1997-0008, ,1998/04/01 04:00:00+00,PDH4  2023,2012_0003,1902/01/01 05:00:00+00,1902/01/01 05:00:00+00,2023/12/13 22:48:33+00,6894.744102,1592764.691,1116,Planned Development Housing-4,Mixed use residential communities including single family and multifamily housing products with supportive non-residential uses. Maximum overall residential density of 4 units per acre.,PDH4
1117,RC,2023,, , ,1900/01/01 05:00:00+00,RC  2023,2012_0003,1902/01/01 05:00:00+00,1902/01/01 05:00:00+00,2023/12/13 22:48:33+00,2500.344701,285504.6235,1117,Rural Commercial,Commercial properties predominantly located in rural Loudoun. Uses are compatible with scale and character of general open and rural character of Rural North & South Place Types.,RC
1118,C1,1972,NV, , ,1900/01/01 05:00:00+00,C1    1972,2023_0004,1902/01/01 05:00:00+00,1902/01/01 05:00:00+00,2023/02/22 05:00:00+00,12826.7897,2967563.15,1118,Commercial,Commercial primarily retail and personal services. C1 is under 1972 ordinance and is only within the Route 28 Tax District.,C1
1119,R16,2023,28,ZMAP-1986-0029, ,1988/10/16 04:00:00+00,R16  2023,2012_0003,1902/01/01 05:00:00+00,1902/01/01 05:00:00+00,2023/12/13 22:48:33+00,6098.369355,1847600.481,1119,Townhouse/Multifamily Residential-16,Single family attached/detached and multifamily residences at a maximum density of 16 units per acre; 19.2 units per acre with ADU. Served by public water and sewer. In areas designated for infill development. Traditional design option.,R16
1120,CR1,2023,, , ,1900/01/01 05:00:00+00,CR1  2023,2012_0003,1902/01/01 05:00:00+00,1902/01/01 05:00:00+00,2023/12/13 22:48:33+00,7874.145198,1286161.607,1120,Countryside Residential-1,"Residential development with a maximum density of 1 unit per 40,000 square feet with on-site well and wastewater. 1 unit per 40,000 square feet served by public water/sewer in cluster/complact cluster options.",CR1
1121,CR2,2023,, , ,1900/01/01 05:00:00+00,CR2   2023,2012_0003,1902/01/01 05:00:00+00,1902/01/01 05:00:00+00,2023/12/13 22:48:33+00,8482.032475,1227769.04,1121,Countryside Residential-2,"Residential development with a maximum density of 1 unit per 40,000 square feet with on-site well and wastewater. 1 unit per 20,000 square feet served by public water/sewer in cluster/complact cluster options.",CR2
1122,R8,2023,,ZMAP-1999-0023, ,2002/01/22 05:00:00+00,R8  2023,2012_0003,1902/01/01 05:00:00+00,1902/01/01 05:00:00+00,2023/12/13 22:48:33+00,6746.96218,2787560.748,1122,Single Family Residential-8,"Moderate to medium density single family detached, duplex, townhouse, and single family attached development with a maximum density of 8 units per acre, 9.6 units per acre with ADU. Served by public water and sewer. Traditional and suburban design options.",R8
1123,MRHI,2023,,ZMAP-1990-0009, ,1992/05/19 04:00:00+00,MRHI  2023,2015_0015,1902/01/01 05:00:00+00,1902/01/01 05:00:00+00,2023/12/13 22:48:33+00,8766.473028,3483873.142,1123,Mineral Resource/Heavy Industry,Diabase resource extraction operations (quarries) co-located with compatible heavy industrial uses. Specific use limitations for stone quarry operations. Also recognized for future beneficial uses consistent with the General Plan.,MRHI
1124,CR1,2023,, , ,1900/01/01 05:00:00+00,CR1  2023,2012_0003,1902/01/01 05:00:00+00,1902/01/01 05:00:00+00,2023/12/13 22:48:33+00,2888.873724,449061.2112,1124,Countryside Residential-1,"Residential development with a maximum density of 1 unit per 40,000 square feet with on-site well and wastewater. 1 unit per 40,000 square feet served by public water/sewer in cluster/complact cluster options.",CR1
1125,PDIP,1972,NV, , ,1900/01/01 05:00:00+00,PDIP  1972,2021_0013,1902/01/01 05:00:00+00,1902/01/01 05:00:00+00,2021/06/11 04:00:00+00,9249.85745,450600.4783,1125,Planned Development-Industrial Park,Light and medium industrial uses with supporting accessory uses and facilities designed with a parklike environment. May be subject to a concept development plan.  It is only under the 1972 Ordinance.,PDIP
1126,CCSC,2023,,ZMAP-1994-0012,Z2001-0008,1996/03/20 04:00:00+00,CCSC 2023,2012_0003,1902/01/01 05:00:00+00,1902/01/01 05:00:00+00,2023/12/13 22:48:33+00,6715.170741,1822804.824,1126,Commercial Center - Small Regional Center,"Small regional centers to meet shopping needs of a communitymore than a 10 minute drive from the center. Minimum of 18 acres, maximum of 60 acres. Controlled access to a major collector.",CCSC
1127,PDH4,2023,,ZMAP-1995-0007, ,1996/10/16 04:00:00+00,PDH4  2023,2012_0003,1902/01/01 05:00:00+00,1902/01/01 05:00:00+00,2023/12/13 22:48:33+00,13119.90082,7069594.704,1127,Planned Development Housing-4,Mixed use residential communities including single family and multifamily housing products with supportive non-residential uses. Maximum overall residential density of 4 units per acre.,PDH4
1128,IP,2023,,ZMAP-1994-0012, ,1996/03/20 04:00:00+00,IP 2023,2023_0027,1902/01/01 05:00:00+00,1902/01/01 05:00:00+00,2023/12/13 22:48:33+00,1438.300829,108465.2671,1128,Industrial Park,"District for office, light production, flex space, and warehousing uses.  Support limited first floor retail or other accessory uses that serve predominate uses.",IP
1129,R16,2023,28,ZMAP-1992-0004, ,1993/01/16 05:00:00+00,R16  2023,2012_0003,1902/01/01 05:00:00+00,1902/01/01 05:00:00+00,2023/12/13 22:48:33+00,5075.780036,1143351.893,1129,Townhouse/Multifamily Residential-16,Single family attached/detached and multifamily residences at a maximum density of 16 units per acre; 19.2 units per acre with ADU. Served by public water and sewer. In areas designated for infill development. Traditional design option.,R16
1130,A3,2023,, , ,1900/01/01 05:00:00+00,A3   2023,2012_0003,1902/01/01 05:00:00+00,1902/01/01 05:00:00+00,2023/12/13 22:48:33+00,26643.75163,22256704.98,1130,Agricultural/Residential,Agriculture and low density residential development with a maximum density of one unit per 3 acres with a predominantly agricultural character. Rural hamlet options.,A3
1131,PDH6,2023,,ZMAP-1994-0012, ,1996/03/20 04:00:00+00,PDH6  2023,2021_0019,1902/01/01 05:00:00+00,1902/01/01 05:00:00+00,2023/12/13 22:48:33+00,10979.6434,5165193.459,1131,Planned Development Housing-6,Mixed use residential communities including single family and multifamily housing products with supportive non-residential uses. Maximum overall residential density of 6 units per acre.,PDH6
1132,IP,2023,,ZMAP-1994-0012, ,1996/03/20 04:00:00+00,IP 2023,2023_0027,1902/01/01 05:00:00+00,1902/01/01 05:00:00+00,2023/12/13 22:48:33+00,15625.58872,4900792.976,1132,Industrial Park,"District for office, light production, flex space, and warehousing uses.  Support limited first floor retail or other accessory uses that serve predominate uses.",IP
1133,CR1,2023,NV, , ,1900/01/01 05:00:00+00,CR1  2023,2015_0032,1902/01/01 05:00:00+00,1902/01/01 05:00:00+00,2023/12/13 22:48:33+00,23283.46124,17589746.83,1133,Countryside Residential-1,"Residential development with a maximum density of 1 unit per 40,000 square feet with on-site well and wastewater. 1 unit per 40,000 square feet served by public water/sewer in cluster/complact cluster options.",CR1
1134,PDH3,1972,NV,ZMAP-1984-0090, ,1984/11/05 05:00:00+00,PDH3  1972, ,1902/01/01 05:00:00+00,1902/01/01 05:00:00+00,1900/01/01 05:00:00+00,40101.79659,53622697.33,1134,Planned Development Housing-3,Mixed use residential communities including single family and multifamily housing products with supportive non-residential uses. Maximum overall residential density of 3 units per acre.,PDH3
1135,R4,2023,,ZMAP-1999-0005, ,2000/03/03 05:00:00+00,R4  2023,2012_0003,1902/01/01 05:00:00+00,1902/01/01 05:00:00+00,2023/12/13 22:48:33+00,4189.475327,1151705.682,1135,Single Family Residential-4,"Moderate density single family detached development with a maximum density of 1 unit per 10,000 square feet, 4.8 units per acre with ADU. Served by public water and sewer. Cluster, suburban, and traditional design and compact cluster options.",R4
1136,R4,2023,,ZMAP-1988-0250, ,1989/06/05 04:00:00+00,R4  2023,2012_0003,1902/01/01 05:00:00+00,1902/01/01 05:00:00+00,2023/12/13 22:48:33+00,7455.371184,2254794.343,1136,Single Family Residential-4,"Moderate density single family detached development with a maximum density of 1 unit per 10,000 square feet, 4.8 units per acre with ADU. Served by public water and sewer. Cluster, suburban, and traditional design and compact cluster options.",R4
1137,R8,2023,NV,ZMAP-2014-0002,,2015/02/11 05:00:00+00,R8  2023,2018_0041,1902/01/01 05:00:00+00,1902/01/01 05:00:00+00,2023/12/13 22:48:33+00,3595.82698,572562.0254,1137,Single Family Residential-8,"Moderate to medium density single family detached, duplex, townhouse, and single family attached development with a maximum density of 8 units per acre, 9.6 units per acre with ADU. Served by public water and sewer. Traditional and suburban design options.",R8
1138,OP,2023,,ZMAP-1986-0400, ,1988/05/16 04:00:00+00,OP 2023,2023_0027,1902/01/01 05:00:00+00,1902/01/01 05:00:00+00,2023/12/13 22:48:33+00,2037.268913,258601.55,1138,Office Park,"District for administrative, business and professional offices research and development, and supporting commercial and instibutional uses and facilities; support limited first floor retail.",OP
1139,PDH4,2023,NV,ZMAP-1984-0007, ,1985/12/02 05:00:00+00,PDH4  2023,2019_0039,1902/01/01 05:00:00+00,1902/01/01 05:00:00+00,2023/12/13 22:48:33+00,49282.30712,62426103.91,1139,Planned Development Housing-4,Mixed use residential communities including single family and multifamily housing products with supportive non-residential uses. Maximum overall residential density of 4 units per acre.,PDH4
1140,PDH4,2023,,ZMAP-1996-0003, ,1998/04/15 04:00:00+00,PDH4  2023,2012_0003,1902/01/01 05:00:00+00,1902/01/01 05:00:00+00,2023/12/13 22:48:33+00,16381.43723,14741021.64,1140,Planned Development Housing-4,Mixed use residential communities including single family and multifamily housing products with supportive non-residential uses. Maximum overall residential density of 4 units per acre.,PDH4
1141,CCCC,2023,,ZMAP-1997-0009, ,2004/12/21 05:00:00+00,CCCC 2023,2023_0027,1902/01/01 05:00:00+00,1902/01/01 05:00:00+00,2023/12/13 22:48:33+00,4362.966335,939660.8679,1141,Commercial Center - Community Center,"Serves retail shopping needs of surrounding community with 10 minutes drive. Minimum of 4 acres, maximum of 22 acres.",CCCC
1142,IP,2023,28,ZRTD-2011-0014, ,2013/05/08 04:00:00+00,IP 2023,2023_0027,1902/01/01 05:00:00+00,1902/01/01 05:00:00+00,2023/12/13 22:48:33+00,1104.394097,23463.30969,1142,Industrial Park,"District for office, light production, flex space, and warehousing uses.  Support limited first floor retail or other accessory uses that serve predominate uses.",IP
1143,OP,2023,,ZMAP-1986-0033, ,1990/10/16 04:00:00+00,OP 2023,2023_0027,1902/01/01 05:00:00+00,1902/01/01 05:00:00+00,2023/12/13 22:48:33+00,9180.466891,959538.9465,1143,Office Park,"District for administrative, business and professional offices research and development, and supporting commercial and instibutional uses and facilities; support limited first floor retail.",OP
1144,IP,2023,NV,ZMAP-1984-0007, ,1985/12/02 05:00:00+00,IP 2023,2023_0027,1902/01/01 05:00:00+00,1902/01/01 05:00:00+00,2023/12/13 22:48:33+00,9992.706505,3288526.979,1144,Industrial Park,"District for office, light production, flex space, and warehousing uses.  Support limited first floor retail or other accessory uses that serve predominate uses.",IP
1145,R1,2023,, , ,1900/01/01 05:00:00+00,R1  2023,2012_0003,1902/01/01 05:00:00+00,1902/01/01 05:00:00+00,2023/12/13 22:48:33+00,13064.01427,4687926.309,1145,Single Family Residential-1,"Low-density single family detached development with a maximum density of 1 unit per 40,000 square feet; 1.2 unit per 40,000 square feet with ADU. Served by public water and sewer. Cluster and compact cluster options.",R1
1146,PDH4,2023,, , ,1900/01/01 05:00:00+00,PDH4  2023,2012_0003,1902/01/01 05:00:00+00,1902/01/01 05:00:00+00,2023/12/13 22:48:33+00,4026.536217,336994.2426,1146,Planned Development Housing-4,Mixed use residential communities including single family and multifamily housing products with supportive non-residential uses. Maximum overall residential density of 4 units per acre.,PDH4
1147,R16,2023,28,ZMAP-1992-0004, ,1993/01/06 05:00:00+00,R16  2023,2022_0001,1902/01/01 05:00:00+00,1902/01/01 05:00:00+00,2023/12/13 22:48:33+00,6876.273884,2896819.996,1147,Townhouse/Multifamily Residential-16,Single family attached/detached and multifamily residences at a maximum density of 16 units per acre; 19.2 units per acre with ADU. Served by public water and sewer. In areas designated for infill development. Traditional design option.,R16
1148,A10,2023,,ZMAP-1987-0021,Z2000-0004,1988/07/05 04:00:00+00,A10   2023,2012_0003,1902/01/01 05:00:00+00,1902/01/01 05:00:00+00,2023/12/13 22:48:33+00,10989.52915,7245280.95,1148,Agriculture,Agriculture and low density residential development with a maximum density of one unit per 10 acres. Rural hamlet options.,A10
1149,MRHI,2023,,ZMAP-1999-0004,Z2001-0015,2001/06/04 04:00:00+00,MRHI  2023,2012_0003,1902/01/01 05:00:00+00,1902/01/01 05:00:00+00,2023/12/13 22:48:33+00,6814.170603,2330898.342,1149,Mineral Resource/Heavy Industry,Diabase resource extraction operations (quarries) co-located with compatible heavy industrial uses. Specific use limitations for stone quarry operations. Also recognized for future beneficial uses consistent with the General Plan.,MRHI
1150,RC,2023,, , ,1900/01/01 05:00:00+00,RC  2023,2012_0003,1902/01/01 05:00:00+00,1902/01/01 05:00:00+00,2023/12/13 22:48:33+00,2516.390548,261598.127,1150,Rural Commercial,Commercial properties predominantly located in rural Loudoun. Uses are compatible with scale and character of general open and rural character of Rural North & South Place Types.,RC
1151,GI,2023,, , ,1900/01/01 05:00:00+00,GI 2023,2023_0027,1902/01/01 05:00:00+00,1902/01/01 05:00:00+00,2024/04/16 04:00:00+00,904.2027688,37753.04002,1151,General Industry,District for industrial uses that are incompatible with residential uses due to the prevelance of outdoor storage and emissions of noise and odor. ,GI
1152,A3,2023,, , ,1900/01/01 05:00:00+00,A3   2023,2015_0032,1902/01/01 05:00:00+00,1902/01/01 05:00:00+00,2023/12/13 22:48:33+00,32391.09378,23322128.49,1152,Agricultural/Residential,Agriculture and low density residential development with a maximum density of one unit per 3 acres with a predominantly agricultural character. Rural hamlet options.,A3
1153,MRHI,2023,,ZMAP-1999-0010, ,2000/10/20 04:00:00+00,MRHI  2023,2012_0003,1902/01/01 05:00:00+00,1902/01/01 05:00:00+00,2023/12/13 22:48:33+00,6278.210542,673017.9803,1153,Mineral Resource/Heavy Industry,Diabase resource extraction operations (quarries) co-located with compatible heavy industrial uses. Specific use limitations for stone quarry operations. Also recognized for future beneficial uses consistent with the General Plan.,MRHI
1154,R16,2023,28,ZMAP-1986-0029, ,1988/10/26 04:00:00+00,R16  2023,2012_0003,1902/01/01 05:00:00+00,1902/01/01 05:00:00+00,2023/12/13 22:48:33+00,7305.96019,2701289.949,1154,Townhouse/Multifamily Residential-16,Single family attached/detached and multifamily residences at a maximum density of 16 units per acre; 19.2 units per acre with ADU. Served by public water and sewer. In areas designated for infill development. Traditional design option.,R16
1155,JLMA3,2023,, , ,1900/01/01 05:00:00+00,JLMA3 2023,2012_0003,1902/01/01 05:00:00+00,1902/01/01 05:00:00+00,2023/12/13 22:48:33+00,3887.812814,655104.1272,1155,Joint Land Management Area-3,Appropriate mix of residential & non-residential uses with a variety of dwelling units & lot sizes; 1.0 dwelling unit per 3 acres. or 1.2 dwelling units per 3 acres. with ADU,JLMA3
1156,PDAAAR,2023,,ZMAP-1999-0011,Z2002-0005,2001/01/16 05:00:00+00,PDAAAR2023,2012_0003,1902/01/01 05:00:00+00,1902/01/01 05:00:00+00,2023/12/13 22:48:33+00,2029.416244,239893.3314,1156,Planned Development-Active Adult/Age Restricted,"Planned adult residential communities 55 years or older. Max 30 dwelling units per acre, 36 dwelling units per acre with ADU, public sewer and water, and are served by one or more major arterial or collector roads. Consistent with locations designated for high-density urban residential development.",PDAAAR
1157,PDOP,1972,NV,ZMAP-0000-0330, ,1984/05/03 04:00:00+00,PDOP  1972, ,1902/01/01 05:00:00+00,1902/01/01 05:00:00+00,1900/01/01 05:00:00+00,1921.616032,215541.8993,1157,Planned Development-Office Park,"Office park established primarily for administrative, business, and professional offices designed in a parklike environment and subject to an adopted concept development plan.  This is for 1972 Ordinance only.",PDOP
1158,RC,2023,, , ,1900/01/01 05:00:00+00,RC  2023,2012_0003,1902/01/01 05:00:00+00,1902/01/01 05:00:00+00,2023/12/13 22:48:33+00,1934.31842,141110.7624,1158,Rural Commercial,Commercial properties predominantly located in rural Loudoun. Uses are compatible with scale and character of general open and rural character of Rural North & South Place Types.,RC
1159,MRHI,2023,, , ,1900/01/01 05:00:00+00,MRHI  2023,2020_0017,1902/01/01 05:00:00+00,1902/01/01 05:00:00+00,2023/12/13 22:48:33+00,33698.50865,33606258,1159,Mineral Resource/Heavy Industry,Diabase resource extraction operations (quarries) co-located with compatible heavy industrial uses. Specific use limitations for stone quarry operations. Also recognized for future beneficial uses consistent with the General Plan.,MRHI
1160,A3,2023,, , ,1900/01/01 05:00:00+00,A3   2023,2012_0003,1902/01/01 05:00:00+00,1902/01/01 05:00:00+00,2024/04/16 04:00:00+00,13423.07006,2406654.627,1160,Agricultural/Residential,Agriculture and low density residential development with a maximum density of one unit per 3 acres with a predominantly agricultural character. Rural hamlet options.,A3
1161,PDH3,2023,,ZMAP-1989-0045, ,1994/12/21 05:00:00+00,PDH3  2023,2012_0003,1902/01/01 05:00:00+00,1902/01/01 05:00:00+00,2023/12/13 22:48:33+00,11875.60467,4782353.622,1161,Planned Development Housing-3,Mixed use residential communities including single family and multifamily housing products with supportive non-residential uses. Maximum overall residential density of 3 units per acre.,PDH3
1162,A10,2023,,ZMAP-1987-0008,Z2000-0003,1988/05/21 04:00:00+00,A10   2023,2019_0015,1902/01/01 05:00:00+00,1902/01/01 05:00:00+00,2023/12/13 22:48:33+00,11428.60833,5203812.877,1162,Agriculture,Agriculture and low density residential development with a maximum density of one unit per 10 acres. Rural hamlet options.,A10
1163,PDSA,2023,,ZMAP-1994-0001,Z2001-0001,1995/08/02 04:00:00+00,PDSA  2023,2018_0010,1902/01/01 05:00:00+00,1902/01/01 05:00:00+00,2023/12/13 22:48:33+00,10362.36239,4533571.853,1163,Planned Development-Special Activity,"A district established to accommodate uses which require sizable land area that may require functional separation from normal residential, commercial, or industrial development (e.g. airports, zoos, stadiums, etc.).",PDSA
1164,A10,2023,,ZMAP-1997-0007, ,1997/12/03 05:00:00+00,A10   2023,2012_0003,1902/01/01 05:00:00+00,1902/01/01 05:00:00+00,2023/12/13 22:48:33+00,10023.36752,3682616.378,1164,Agriculture,Agriculture and low density residential development with a maximum density of one unit per 10 acres. Rural hamlet options.,A10
1165,JLMA2,2023,, , ,1900/01/01 05:00:00+00,JLMA2 2023,2012_0003,1902/01/01 05:00:00+00,1902/01/01 05:00:00+00,2023/12/13 22:48:33+00,12396.48329,4535525.321,1165,Joint Land Management Area-2,"Appropriate mix of residential & non-residential uses with a variety of dwelling units & lot sizes; 1.0 dwelling unit per 20,000 square feet or 1.2 dwelling units per 20,000 square feet with ADU",JLMA2
1166,PDH3,2023,,ZMAP-1994-0001,Z2001-0001,1995/08/02 04:00:00+00,PDH3  2023,2012_0003,1902/01/01 05:00:00+00,1902/01/01 05:00:00+00,2023/12/13 22:48:33+00,20063.71526,10041266.01,1166,Planned Development Housing-3,Mixed use residential communities including single family and multifamily housing products with supportive non-residential uses. Maximum overall residential density of 3 units per acre.,PDH3
1167,PDH4,2023,,ZMAP-1992-0001, ,1994/02/02 05:00:00+00,PDH4  2023,2012_0003,1902/01/01 05:00:00+00,1902/01/01 05:00:00+00,2023/12/13 22:48:33+00,21374.0659,14305877.27,1167,Planned Development Housing-4,Mixed use residential communities including single family and multifamily housing products with supportive non-residential uses. Maximum overall residential density of 4 units per acre.,PDH4
1168,R4,2023,,ZMAP-2001-0002, ,2002/07/15 04:00:00+00,R4  2023,2012_0003,1902/01/01 05:00:00+00,1902/01/01 05:00:00+00,2023/12/13 22:48:33+00,2453.988589,384385.6681,1168,Single Family Residential-4,"Moderate density single family detached development with a maximum density of 1 unit per 10,000 square feet, 4.8 units per acre with ADU. Served by public water and sewer. Cluster, suburban, and traditional design and compact cluster options.",R4
1169,OP,2023,,ZMAP-1990-0015,Z2000-0036,1993/02/03 05:00:00+00,OP 2023,2023_0027,1902/01/01 05:00:00+00,1902/01/01 05:00:00+00,2023/12/13 22:48:33+00,21961.52541,4665084.374,1169,Office Park,"District for administrative, business and professional offices research and development, and supporting commercial and instibutional uses and facilities; support limited first floor retail.",OP
1170,CR1,2023,, , ,1900/01/01 05:00:00+00,CR1  2023,2012_0003,1902/01/01 05:00:00+00,1902/01/01 05:00:00+00,2023/12/13 22:48:33+00,668.4628888,21285.50669,1170,Countryside Residential-1,"Residential development with a maximum density of 1 unit per 40,000 square feet with on-site well and wastewater. 1 unit per 40,000 square feet served by public water/sewer in cluster/complact cluster options.",CR1
1171,IP,2023,NV,ZMAP-2008-0002, ,2008/09/08 04:00:00+00,IP 2023,2023_0027,1902/01/01 05:00:00+00,1902/01/01 05:00:00+00,2023/12/13 22:48:33+00,7776.241251,1822724.865,1171,Industrial Park,"District for office, light production, flex space, and warehousing uses.  Support limited first floor retail or other accessory uses that serve predominate uses.",IP
1172,RC,2023,,ZMAP-2019-0012, ,2020/03/11 04:00:00+00,RC  2023,2020_0008,1902/01/01 05:00:00+00,1902/01/01 05:00:00+00,2023/12/13 22:48:33+00,2329.810747,50235.90978,1172,Rural Commercial,Commercial properties predominantly located in rural Loudoun. Uses are compatible with scale and character of general open and rural character of Rural North & South Place Types.,RC
1173,A3,2023,, , ,1900/01/01 05:00:00+00,A3   2023,2012_0003,1902/01/01 05:00:00+00,1902/01/01 05:00:00+00,2023/12/13 22:48:33+00,2766.764445,299961.723,1173,Agricultural/Residential,Agriculture and low density residential development with a maximum density of one unit per 3 acres with a predominantly agricultural character. Rural hamlet options.,A3
1174,CR1,2023,, , ,1900/01/01 05:00:00+00,CR1  2023,2012_0003,1902/01/01 05:00:00+00,1902/01/01 05:00:00+00,2023/12/13 22:48:33+00,9293.621567,2081560.528,1174,Countryside Residential-1,"Residential development with a maximum density of 1 unit per 40,000 square feet with on-site well and wastewater. 1 unit per 40,000 square feet served by public water/sewer in cluster/complact cluster options.",CR1
1175,CCSC,2023,28,ZMAP-1993-0004, ,1995/06/21 04:00:00+00,CCSC 2023,2015_00020,1902/01/01 05:00:00+00,1902/01/01 05:00:00+00,2023/12/13 22:48:33+00,12015.16406,2387539.204,1175,Commercial Center - Small Regional Center,"Small regional centers to meet shopping needs of a communitymore than a 10 minute drive from the center. Minimum of 18 acres, maximum of 60 acres. Controlled access to a major collector.",CCSC
1176,R8,2023,NV,ZMAP-1990-0022,Z2000-0042,1995/05/03 04:00:00+00,R8  2023,2012_0003,1902/01/01 05:00:00+00,1902/01/01 05:00:00+00,2023/12/13 22:48:33+00,291.099095,220.5173694,1176,Single Family Residential-8,"Moderate to medium density single family detached, duplex, townhouse, and single family attached development with a maximum density of 8 units per acre, 9.6 units per acre with ADU. Served by public water and sewer. Traditional and suburban design options.",R8
1177,CR2,2023,, , ,1900/01/01 05:00:00+00,CR2   2023,2012_0003,1902/01/01 05:00:00+00,1902/01/01 05:00:00+00,2023/12/13 22:48:33+00,4177.038328,614020.0819,1177,Countryside Residential-2,"Residential development with a maximum density of 1 unit per 40,000 square feet with on-site well and wastewater. 1 unit per 20,000 square feet served by public water/sewer in cluster/complact cluster options.",CR2
1178,CR1,2023,, , ,1900/01/01 05:00:00+00,CR1  2023,2012_0003,1902/01/01 05:00:00+00,1902/01/01 05:00:00+00,2023/12/13 22:48:33+00,1195.373283,47770.47235,1178,Countryside Residential-1,"Residential development with a maximum density of 1 unit per 40,000 square feet with on-site well and wastewater. 1 unit per 40,000 square feet served by public water/sewer in cluster/complact cluster options.",CR1
1179,RC,2023,, , ,1900/01/01 05:00:00+00,RC  2023,2012_0003,1902/01/01 05:00:00+00,1902/01/01 05:00:00+00,2023/12/13 22:48:33+00,6412.768853,617210.6969,1179,Rural Commercial,Commercial properties predominantly located in rural Loudoun. Uses are compatible with scale and character of general open and rural character of Rural North & South Place Types.,RC
1180,CR2,2023,, , ,1900/01/01 05:00:00+00,CR2   2023,2012_0003,1902/01/01 05:00:00+00,1902/01/01 05:00:00+00,2023/12/13 22:48:33+00,2063.789044,239736.8689,1180,Countryside Residential-2,"Residential development with a maximum density of 1 unit per 40,000 square feet with on-site well and wastewater. 1 unit per 20,000 square feet served by public water/sewer in cluster/complact cluster options.",CR2
1181,RC,2023,, , ,1900/01/01 05:00:00+00,RC  2023,2012_0003,1902/01/01 05:00:00+00,1902/01/01 05:00:00+00,2023/12/13 22:48:33+00,2964.153618,295452.2613,1181,Rural Commercial,Commercial properties predominantly located in rural Loudoun. Uses are compatible with scale and character of general open and rural character of Rural North & South Place Types.,RC
1182,RC,2023,, , ,1900/01/01 05:00:00+00,RC  2023,2012_0003,1902/01/01 05:00:00+00,1902/01/01 05:00:00+00,2023/12/13 22:48:33+00,584.7057753,16447.06114,1182,Rural Commercial,Commercial properties predominantly located in rural Loudoun. Uses are compatible with scale and character of general open and rural character of Rural North & South Place Types.,RC
1183,CR1,2023,, , ,1900/01/01 05:00:00+00,CR1  2023,2012_0003,1902/01/01 05:00:00+00,1902/01/01 05:00:00+00,2023/12/13 22:48:33+00,8252.329214,1816157.426,1183,Countryside Residential-1,"Residential development with a maximum density of 1 unit per 40,000 square feet with on-site well and wastewater. 1 unit per 40,000 square feet served by public water/sewer in cluster/complact cluster options.",CR1
1184,A3,2023,, , ,1900/01/01 05:00:00+00,A3   2023,2012_0003,1902/01/01 05:00:00+00,1902/01/01 05:00:00+00,2023/12/13 22:48:33+00,1770.465594,139934.5844,1184,Agricultural/Residential,Agriculture and low density residential development with a maximum density of one unit per 3 acres with a predominantly agricultural character. Rural hamlet options.,A3
1185,A3,2023,, , ,1900/01/01 05:00:00+00,A3   2023,2012_0003,1902/01/01 05:00:00+00,1902/01/01 05:00:00+00,2023/12/13 22:48:33+00,4869.478086,466867.2093,1185,Agricultural/Residential,Agriculture and low density residential development with a maximum density of one unit per 3 acres with a predominantly agricultural character. Rural hamlet options.,A3
1186,RC,2023,,ZMAP-1992-0006, ,1993/06/16 04:00:00+00,RC  2023,2012_0003,1902/01/01 05:00:00+00,1902/01/01 05:00:00+00,2023/12/13 22:48:33+00,3365.839199,639481.1404,1186,Rural Commercial,Commercial properties predominantly located in rural Loudoun. Uses are compatible with scale and character of general open and rural character of Rural North & South Place Types.,RC
1187,JLMA3,2023,, , ,1900/01/01 05:00:00+00,JLMA3 2023,2012_0003,1902/01/01 05:00:00+00,1902/01/01 05:00:00+00,2023/12/13 22:48:33+00,2490.778692,361741.4696,1187,Joint Land Management Area-3,Appropriate mix of residential & non-residential uses with a variety of dwelling units & lot sizes; 1.0 dwelling unit per 3 acres. or 1.2 dwelling units per 3 acres. with ADU,JLMA3
1188,PDH3,2023,NV,ZMAP-1984-0090, ,1984/11/05 05:00:00+00,PDH3  2023,2012_0003,1902/01/01 05:00:00+00,1902/01/01 05:00:00+00,2023/12/13 22:48:33+00,21.03054985,19.98392014,1188,Planned Development Housing-3,Mixed use residential communities including single family and multifamily housing products with supportive non-residential uses. Maximum overall residential density of 3 units per acre.,PDH3
1189,CR2,2023,, , ,1900/01/01 05:00:00+00,CR2   2023,2012_0003,1902/01/01 05:00:00+00,1902/01/01 05:00:00+00,2023/12/13 22:48:33+00,551.5571821,3352.246793,1189,Countryside Residential-2,"Residential development with a maximum density of 1 unit per 40,000 square feet with on-site well and wastewater. 1 unit per 20,000 square feet served by public water/sewer in cluster/complact cluster options.",CR2
1190,PDH3,2023,,ZMAP-1989-0015, ,1993/05/19 04:00:00+00,PDH3  2023,2012_0003,1902/01/01 05:00:00+00,1902/01/01 05:00:00+00,2023/12/13 22:48:33+00,22684.14559,26499966.66,1190,Planned Development Housing-3,Mixed use residential communities including single family and multifamily housing products with supportive non-residential uses. Maximum overall residential density of 3 units per acre.,PDH3
1191,PDH3,2023,,ZMAP-1996-0011, ,1998/03/18 04:00:00+00,PDH3  2023,2012_0003,1902/01/01 05:00:00+00,1902/01/01 05:00:00+00,2023/12/13 22:48:33+00,10610.85938,7048297.157,1191,Planned Development Housing-3,Mixed use residential communities including single family and multifamily housing products with supportive non-residential uses. Maximum overall residential density of 3 units per acre.,PDH3
1192,A3,2023,,ZMAP-1998-0005, ,1999/05/05 04:00:00+00,A3   2023,2012_0003,1902/01/01 05:00:00+00,1902/01/01 05:00:00+00,2023/12/13 22:48:33+00,636.506099,8584.856643,1192,Agricultural/Residential,Agriculture and low density residential development with a maximum density of one unit per 3 acres with a predominantly agricultural character. Rural hamlet options.,A3
1193,JLMA1,2023,, , ,1900/01/01 05:00:00+00,JLMA1 2023,2012_0003,1902/01/01 05:00:00+00,1902/01/01 05:00:00+00,2023/12/13 22:48:33+00,7835.405559,3083959.876,1193,Joint Land Management Area-1,"Appropriate mix of residential & non-residential uses with a variety of dwelling units & lot sizes; 1.0 dwelling unit per 40,000 square feet or 1.2 dwelling units per 40,000 square feet with ADU",JLMA1
1194,PDH3,2023,,ZMAP-1989-0004,Z2000-0037,1900/01/01 05:00:00+00,PDH3  2023,2015_0005,1902/01/01 05:00:00+00,1902/01/01 05:00:00+00,2023/12/13 22:48:33+00,73228.25746,58189104.23,1194,Planned Development Housing-3,Mixed use residential communities including single family and multifamily housing products with supportive non-residential uses. Maximum overall residential density of 3 units per acre.,PDH3
1195,JLMA1,2023,, , ,1900/01/01 05:00:00+00,JLMA1 2023,2012_0003,1902/01/01 05:00:00+00,1902/01/01 05:00:00+00,2023/12/13 22:48:33+00,1119.002594,75368.43463,1195,Joint Land Management Area-1,"Appropriate mix of residential & non-residential uses with a variety of dwelling units & lot sizes; 1.0 dwelling unit per 40,000 square feet or 1.2 dwelling units per 40,000 square feet with ADU",JLMA1
1196,A3,2023,,ZMAP-1998-0005, ,1999/05/05 04:00:00+00,A3   2023,2012_0003,1902/01/01 05:00:00+00,1902/01/01 05:00:00+00,2023/12/13 22:48:33+00,2036.169716,231862.2151,1196,Agricultural/Residential,Agriculture and low density residential development with a maximum density of one unit per 3 acres with a predominantly agricultural character. Rural hamlet options.,A3
1197,A3,2023,, , ,1900/01/01 05:00:00+00,A3   2023,2012_0003,1902/01/01 05:00:00+00,1902/01/01 05:00:00+00,2023/12/13 22:48:33+00,1590.002924,145603.4768,1197,Agricultural/Residential,Agriculture and low density residential development with a maximum density of one unit per 3 acres with a predominantly agricultural character. Rural hamlet options.,A3
1198,PDH3,2023,,ZMAP-2001-0007, ,2002/03/04 05:00:00+00,PDH3  2023,2022_0024,1902/01/01 05:00:00+00,1902/01/01 05:00:00+00,2023/12/13 22:48:33+00,11206.09139,4411106.226,1198,Planned Development Housing-3,Mixed use residential communities including single family and multifamily housing products with supportive non-residential uses. Maximum overall residential density of 3 units per acre.,PDH3
1199,JLMA3,2023,,, ,1900/01/01 05:00:00+00,JLMA3 2023,2020_0008,1902/01/01 05:00:00+00,1902/01/01 05:00:00+00,2023/12/13 22:48:33+00,23402.9001,13107139.76,1199,Joint Land Management Area-3,Appropriate mix of residential & non-residential uses with a variety of dwelling units & lot sizes; 1.0 dwelling unit per 3 acres. or 1.2 dwelling units per 3 acres. with ADU,JLMA3
1200,JLMA1,2023,, , ,1900/01/01 05:00:00+00,JLMA1 2023,2012_0003,1902/01/01 05:00:00+00,1902/01/01 05:00:00+00,2023/12/13 22:48:33+00,4643.57481,542780.3834,1200,Joint Land Management Area-1,"Appropriate mix of residential & non-residential uses with a variety of dwelling units & lot sizes; 1.0 dwelling unit per 40,000 square feet or 1.2 dwelling units per 40,000 square feet with ADU",JLMA1
1201,JLMA1,2023,, , ,1900/01/01 05:00:00+00,JLMA1 2023,2022_0020,1902/01/01 05:00:00+00,1902/01/01 05:00:00+00,2023/12/13 22:48:33+00,2478.825651,320881.9067,1201,Joint Land Management Area-1,"Appropriate mix of residential & non-residential uses with a variety of dwelling units & lot sizes; 1.0 dwelling unit per 40,000 square feet or 1.2 dwelling units per 40,000 square feet with ADU",JLMA1
1202,JLMA2,2023,, , ,1900/01/01 05:00:00+00,JLMA2 2023,2012_0003,1902/01/01 05:00:00+00,1902/01/01 05:00:00+00,2023/12/13 22:48:33+00,1558.888056,108918.4945,1202,Joint Land Management Area-2,"Appropriate mix of residential & non-residential uses with a variety of dwelling units & lot sizes; 1.0 dwelling unit per 20,000 square feet or 1.2 dwelling units per 20,000 square feet with ADU",JLMA2
1203,CR1,2023,, , ,1900/01/01 05:00:00+00,CR1  2023,2012_0003,1902/01/01 05:00:00+00,1902/01/01 05:00:00+00,2023/12/13 22:48:33+00,15912.32321,4855642.17,1203,Countryside Residential-1,"Residential development with a maximum density of 1 unit per 40,000 square feet with on-site well and wastewater. 1 unit per 40,000 square feet served by public water/sewer in cluster/complact cluster options.",CR1
1204,A10,2023,,ZMAP-1996-0006, ,1997/01/02 05:00:00+00,A10   2023,2012_0003,1902/01/01 05:00:00+00,1902/01/01 05:00:00+00,2023/12/13 22:48:33+00,28601.41038,23734078.73,1204,Agriculture,Agriculture and low density residential development with a maximum density of one unit per 10 acres. Rural hamlet options.,A10
1205,A3,2023,, ,Z2001-0017,1900/01/01 05:00:00+00,A3   2023,2012_0003,1902/01/01 05:00:00+00,1902/01/01 05:00:00+00,2023/12/13 22:48:33+00,9232.624548,4688815.635,1205,Agricultural/Residential,Agriculture and low density residential development with a maximum density of one unit per 3 acres with a predominantly agricultural character. Rural hamlet options.,A3
1206,JLMA3,2023,, , ,1900/01/01 05:00:00+00,JLMA3 2023,2023_0003,1902/01/01 05:00:00+00,1902/01/01 05:00:00+00,2023/12/13 22:48:33+00,26199.41543,19985883.72,1206,Joint Land Management Area-3,Appropriate mix of residential & non-residential uses with a variety of dwelling units & lot sizes; 1.0 dwelling unit per 3 acres. or 1.2 dwelling units per 3 acres. with ADU,JLMA3
1207,JLMA3,2023,, , ,1900/01/01 05:00:00+00,JLMA3 2023,2012_0003,1902/01/01 05:00:00+00,1902/01/01 05:00:00+00,2023/12/13 22:48:33+00,284.0650048,4450.924882,1207,Joint Land Management Area-3,Appropriate mix of residential & non-residential uses with a variety of dwelling units & lot sizes; 1.0 dwelling unit per 3 acres. or 1.2 dwelling units per 3 acres. with ADU,JLMA3
1208,A10,2023,,ZMAP-1998-0002, ,1999/01/20 05:00:00+00,A10   2023,2012_0003,1902/01/01 05:00:00+00,1902/01/01 05:00:00+00,2023/12/13 22:48:33+00,20603.82498,23329196.64,1208,Agriculture,Agriculture and low density residential development with a maximum density of one unit per 10 acres. Rural hamlet options.,A10
1209,RC,2023,, , ,1900/01/01 05:00:00+00,RC  2023,2012_0003,1902/01/01 05:00:00+00,1902/01/01 05:00:00+00,2023/12/13 22:48:33+00,434.7771146,9705.021726,1209,Rural Commercial,Commercial properties predominantly located in rural Loudoun. Uses are compatible with scale and character of general open and rural character of Rural North & South Place Types.,RC
1210,RC,2023,, , ,1900/01/01 05:00:00+00,RC  2023,2020_0026,1902/01/01 05:00:00+00,1902/01/01 05:00:00+00,2023/12/13 22:48:33+00,2991.221609,275181.7988,1210,Rural Commercial,Commercial properties predominantly located in rural Loudoun. Uses are compatible with scale and character of general open and rural character of Rural North & South Place Types.,RC
1211,RC,2023,,ZMAP-1994-0002, ,1994/04/20 04:00:00+00,RC  2023,2012_0003,1902/01/01 05:00:00+00,1902/01/01 05:00:00+00,2023/12/13 22:48:33+00,708.335334,32204.53461,1211,Rural Commercial,Commercial properties predominantly located in rural Loudoun. Uses are compatible with scale and character of general open and rural character of Rural North & South Place Types.,RC
1212,A10,2023,,ZMAP-1987-0037, ,1988/08/01 04:00:00+00,A10   2023,2012_0003,1902/01/01 05:00:00+00,1902/01/01 05:00:00+00,2023/12/13 22:48:33+00,14696.23894,13119722.41,1212,Agriculture,Agriculture and low density residential development with a maximum density of one unit per 10 acres. Rural hamlet options.,A10
1213,RC,2023,, , ,1900/01/01 05:00:00+00,RC  2023,2012_0003,1902/01/01 05:00:00+00,1902/01/01 05:00:00+00,2023/12/13 22:48:33+00,1882.890696,119900.3047,1213,Rural Commercial,Commercial properties predominantly located in rural Loudoun. Uses are compatible with scale and character of general open and rural character of Rural North & South Place Types.,RC
1214,IP,2023,28, , ,1900/01/01 05:00:00+00,IP 2023,2023_0027,1902/01/01 05:00:00+00,1902/01/01 05:00:00+00,2023/12/13 22:48:33+00,12676.99093,938962.5196,1214,Industrial Park,"District for office, light production, flex space, and warehousing uses.  Support limited first floor retail or other accessory uses that serve predominate uses.",IP
1215,A10,2023,,ZMAP-1985-0100, ,1986/04/21 04:00:00+00,A10   2023,2012_0003,1902/01/01 05:00:00+00,1902/01/01 05:00:00+00,2023/12/13 22:48:33+00,15343.05377,9522835.302,1215,Agriculture,Agriculture and low density residential development with a maximum density of one unit per 10 acres. Rural hamlet options.,A10
1216,CR1,2023,, , ,1900/01/01 05:00:00+00,CR1  2023,2021_0005,1902/01/01 05:00:00+00,1902/01/01 05:00:00+00,2023/12/13 22:48:33+00,9696.689274,2012726.442,1216,Countryside Residential-1,"Residential development with a maximum density of 1 unit per 40,000 square feet with on-site well and wastewater. 1 unit per 40,000 square feet served by public water/sewer in cluster/complact cluster options.",CR1
1217,A10,2023,,ZMAP-1987-0025, ,1988/06/20 04:00:00+00,A10   2023,2012_0003,1902/01/01 05:00:00+00,1902/01/01 05:00:00+00,2023/12/13 22:48:33+00,7569.133586,3109151.091,1217,Agriculture,Agriculture and low density residential development with a maximum density of one unit per 10 acres. Rural hamlet options.,A10
1218,A10,2023,,ZMAP-1999-0013,Z2001-0005,2000/12/18 05:00:00+00,A10   2023,2012_0003,1902/01/01 05:00:00+00,1902/01/01 05:00:00+00,2023/12/13 22:48:33+00,8210.09508,2774240.134,1218,Agriculture,Agriculture and low density residential development with a maximum density of one unit per 10 acres. Rural hamlet options.,A10
1219,PDIP,1972,28, , ,1900/01/01 05:00:00+00,PDIP  1972, ,1902/01/01 05:00:00+00,1902/01/01 05:00:00+00,1900/01/01 05:00:00+00,1907.283186,213494.9382,1219,Planned Development-Industrial Park,Light and medium industrial uses with supporting accessory uses and facilities designed with a parklike environment. May be subject to a concept development plan.  It is only under the 1972 Ordinance.,PDIP
1220,CR4,2023,, , ,1900/01/01 05:00:00+00,CR4  2023,2012_0003,1902/01/01 05:00:00+00,1902/01/01 05:00:00+00,2023/12/13 22:48:33+00,10063.45013,2083043.411,1220,Countryside Residential-4,"Residential development with a maximum density of 1 unit per 40,000 square feet with on-site well and wastewater. 1 unit per 15,000 square feet served by either public water or public sewer. 1 unit per 10,000 square feet served by both public water and public sewer. ",CR4
1221,A10,2023,,ZMAP-2000-0004,Z2002-0002,2001/10/15 04:00:00+00,A10   2023,2012_0003,1902/01/01 05:00:00+00,1902/01/01 05:00:00+00,2023/12/13 22:48:33+00,13992.63341,8409871.015,1221,Agriculture,Agriculture and low density residential development with a maximum density of one unit per 10 acres. Rural hamlet options.,A10
1222,RC,2023,, , ,1900/01/01 05:00:00+00,RC  2023,2012_0003,1902/01/01 05:00:00+00,1902/01/01 05:00:00+00,2023/12/13 22:48:33+00,2165.841851,225707.3787,1222,Rural Commercial,Commercial properties predominantly located in rural Loudoun. Uses are compatible with scale and character of general open and rural character of Rural North & South Place Types.,RC
1223,RC,2023,, , ,1900/01/01 05:00:00+00,RC  2023,2012_0003,1902/01/01 05:00:00+00,1902/01/01 05:00:00+00,2023/12/13 22:48:33+00,1477.729395,124686.327,1223,Rural Commercial,Commercial properties predominantly located in rural Loudoun. Uses are compatible with scale and character of general open and rural character of Rural North & South Place Types.,RC
1224,PDIP,1972,28, , ,1900/01/01 05:00:00+00,PDIP  1972, ,1902/01/01 05:00:00+00,1902/01/01 05:00:00+00,1900/01/01 05:00:00+00,7650.456544,2474780.482,1224,Planned Development-Industrial Park,Light and medium industrial uses with supporting accessory uses and facilities designed with a parklike environment. May be subject to a concept development plan.  It is only under the 1972 Ordinance.,PDIP
1225,A10,2023,,ZMAP-1995-0011, ,1996/09/18 04:00:00+00,A10   2023,2015_0032,1902/01/01 05:00:00+00,1902/01/01 05:00:00+00,2023/12/13 22:48:33+00,8483.327959,2743746.605,1225,Agriculture,Agriculture and low density residential development with a maximum density of one unit per 10 acres. Rural hamlet options.,A10
1226,OP,2023,,ZMAP-1990-0002, ,1990/12/04 05:00:00+00,OP 2023,2023_0027,1902/01/01 05:00:00+00,1902/01/01 05:00:00+00,2023/12/13 22:48:33+00,1278.080681,102771.3496,1226,Office Park,"District for administrative, business and professional offices research and development, and supporting commercial and instibutional uses and facilities; support limited first floor retail.",OP
1227,A10,2023,,ZMAP-0000-0293, ,1980/05/19 04:00:00+00,A10   2023,2021_0008,1902/01/01 05:00:00+00,1902/01/01 05:00:00+00,2023/12/13 22:48:33+00,10540.6674,5465350.47,1227,Agriculture,Agriculture and low density residential development with a maximum density of one unit per 10 acres. Rural hamlet options.,A10
1228,R16,2023,,ZMAP-2005-0044,  ,2007/05/15 04:00:00+00,R16  2023,2012_0003,1902/01/01 05:00:00+00,1902/01/01 05:00:00+00,2023/12/13 22:48:33+00,3176.933151,589735.7282,1228,Townhouse/Multifamily Residential-16,Single family attached/detached and multifamily residences at a maximum density of 16 units per acre; 19.2 units per acre with ADU. Served by public water and sewer. In areas designated for infill development. Traditional design option.,R16
1229,PDIP,1972,28,ZMAP-1988-0023, ,1989/05/01 04:00:00+00,PDIP  1972,2021_0026,1902/01/01 05:00:00+00,1902/01/01 05:00:00+00,2021/11/17 05:00:00+00,305.9273921,3556.622114,1229,Planned Development-Industrial Park,Light and medium industrial uses with supporting accessory uses and facilities designed with a parklike environment. May be subject to a concept development plan.  It is only under the 1972 Ordinance.,PDIP
1230,RC,2023,, , ,1900/01/01 05:00:00+00,RC  2023,2012_0003,1902/01/01 05:00:00+00,1902/01/01 05:00:00+00,2023/12/13 22:48:33+00,972.4065275,56572.72132,1230,Rural Commercial,Commercial properties predominantly located in rural Loudoun. Uses are compatible with scale and character of general open and rural character of Rural North & South Place Types.,RC
1231,CR1,2023,,,,1900/01/01 05:00:00+00,CR1  2023,2015_0032,1902/01/01 05:00:00+00,1902/01/01 05:00:00+00,2023/12/13 22:48:33+00,14984.30809,4375126.278,1231,Countryside Residential-1,"Residential development with a maximum density of 1 unit per 40,000 square feet with on-site well and wastewater. 1 unit per 40,000 square feet served by public water/sewer in cluster/complact cluster options.",CR1
1232,JLMA3,2023,, , ,1900/01/01 05:00:00+00,JLMA3 2023,2012_0003,1902/01/01 05:00:00+00,1902/01/01 05:00:00+00,2023/12/13 22:48:33+00,802.2070041,34385.57272,1232,Joint Land Management Area-3,Appropriate mix of residential & non-residential uses with a variety of dwelling units & lot sizes; 1.0 dwelling unit per 3 acres. or 1.2 dwelling units per 3 acres. with ADU,JLMA3
1233,JLMA1,2023,, , ,1900/01/01 05:00:00+00,JLMA1 2023,2022_0020,1902/01/01 05:00:00+00,1902/01/01 05:00:00+00,2023/12/13 22:48:33+00,4624.21479,550428.6062,1233,Joint Land Management Area-1,"Appropriate mix of residential & non-residential uses with a variety of dwelling units & lot sizes; 1.0 dwelling unit per 40,000 square feet or 1.2 dwelling units per 40,000 square feet with ADU",JLMA1
1234,RC,2023,, , ,1900/01/01 05:00:00+00,RC  2023,2012_0003,1902/01/01 05:00:00+00,1902/01/01 05:00:00+00,2023/12/13 22:48:33+00,2151.32814,276392.1069,1234,Rural Commercial,Commercial properties predominantly located in rural Loudoun. Uses are compatible with scale and character of general open and rural character of Rural North & South Place Types.,RC
1235,RC,2023,, , ,1900/01/01 05:00:00+00,RC  2023,2022_0020,1902/01/01 05:00:00+00,1902/01/01 05:00:00+00,2023/12/13 22:48:33+00,5156.715144,806089.4689,1235,Rural Commercial,Commercial properties predominantly located in rural Loudoun. Uses are compatible with scale and character of general open and rural character of Rural North & South Place Types.,RC
1236,PDH4,2023,NV,ZMAP-1986-0013, ,1987/09/21 04:00:00+00,PDH4  2023,2012_0003,1902/01/01 05:00:00+00,1902/01/01 05:00:00+00,2023/12/13 22:48:33+00,41.31614797,22.5565661,1236,Planned Development Housing-4,Mixed use residential communities including single family and multifamily housing products with supportive non-residential uses. Maximum overall residential density of 4 units per acre.,PDH4
1237,CR1,2023,, , ,1900/01/01 05:00:00+00,CR1  2023,2012_0003,1902/01/01 05:00:00+00,1902/01/01 05:00:00+00,2023/12/13 22:48:33+00,465.3915208,4032.077001,1237,Countryside Residential-1,"Residential development with a maximum density of 1 unit per 40,000 square feet with on-site well and wastewater. 1 unit per 40,000 square feet served by public water/sewer in cluster/complact cluster options.",CR1
1238,CR2,2023,, , ,1900/01/01 05:00:00+00,CR2   2023,2015_0032,1902/01/01 05:00:00+00,1902/01/01 05:00:00+00,2023/12/13 22:48:33+00,14559.77169,2056863.863,1238,Countryside Residential-2,"Residential development with a maximum density of 1 unit per 40,000 square feet with on-site well and wastewater. 1 unit per 20,000 square feet served by public water/sewer in cluster/complact cluster options.",CR2
1239,JLMA1,2023,, , ,1900/01/01 05:00:00+00,JLMA1 2023,2012_0003,1902/01/01 05:00:00+00,1902/01/01 05:00:00+00,2023/12/13 22:48:33+00,1373.89056,99066.73257,1239,Joint Land Management Area-1,"Appropriate mix of residential & non-residential uses with a variety of dwelling units & lot sizes; 1.0 dwelling unit per 40,000 square feet or 1.2 dwelling units per 40,000 square feet with ADU",JLMA1
1240,PDIP,1972,28,ZMAP-1986-0002, ,1986/09/15 04:00:00+00,PDIP  1972, ,1902/01/01 05:00:00+00,1902/01/01 05:00:00+00,1900/01/01 05:00:00+00,941.1577566,28262.11396,1240,Planned Development-Industrial Park,Light and medium industrial uses with supporting accessory uses and facilities designed with a parklike environment. May be subject to a concept development plan.  It is only under the 1972 Ordinance.,PDIP
1241,PDIP,1972,28, ,Z2000-0043,1900/01/01 05:00:00+00,PDIP  1972, ,1902/01/01 05:00:00+00,1902/01/01 05:00:00+00,1900/01/01 05:00:00+00,1753.223978,117861.3868,1241,Planned Development-Industrial Park,Light and medium industrial uses with supporting accessory uses and facilities designed with a parklike environment. May be subject to a concept development plan.  It is only under the 1972 Ordinance.,PDIP
1242,IP,2023,28, , ,1900/01/01 05:00:00+00,IP 2023,2023_0027,1902/01/01 05:00:00+00,1902/01/01 05:00:00+00,2023/12/13 22:48:33+00,36058.41043,3553974.416,1242,Industrial Park,"District for office, light production, flex space, and warehousing uses.  Support limited first floor retail or other accessory uses that serve predominate uses.",IP
1243,JLMA1,2023,, , ,1900/01/01 05:00:00+00,JLMA1 2023,2012_0003,1902/01/01 05:00:00+00,1902/01/01 05:00:00+00,2023/12/13 22:48:33+00,11548.66619,3534955.397,1243,Joint Land Management Area-1,"Appropriate mix of residential & non-residential uses with a variety of dwelling units & lot sizes; 1.0 dwelling unit per 40,000 square feet or 1.2 dwelling units per 40,000 square feet with ADU",JLMA1
1244,JLMA2,2023,, , ,1900/01/01 05:00:00+00,JLMA2 2023,2023_0003,1902/01/01 05:00:00+00,1902/01/01 05:00:00+00,2023/12/13 22:48:33+00,9930.999649,2147097.998,1244,Joint Land Management Area-2,"Appropriate mix of residential & non-residential uses with a variety of dwelling units & lot sizes; 1.0 dwelling unit per 20,000 square feet or 1.2 dwelling units per 20,000 square feet with ADU",JLMA2
1245,PDH3,2023,,ZMAP-2004-0001, ,2005/03/15 04:00:00+00,PDH3  2023,2017_0042,1902/01/01 05:00:00+00,1902/01/01 05:00:00+00,2023/12/13 22:48:33+00,7150.432749,2057838.439,1245,Planned Development Housing-3,Mixed use residential communities including single family and multifamily housing products with supportive non-residential uses. Maximum overall residential density of 3 units per acre.,PDH3
1246,JLMA1,2023,, , ,1900/01/01 05:00:00+00,JLMA1 2023,2023_0003,1902/01/01 05:00:00+00,1902/01/01 05:00:00+00,2023/12/13 22:48:33+00,20134.22182,5065723.878,1246,Joint Land Management Area-1,"Appropriate mix of residential & non-residential uses with a variety of dwelling units & lot sizes; 1.0 dwelling unit per 40,000 square feet or 1.2 dwelling units per 40,000 square feet with ADU",JLMA1
1247,R1,2023,NV, , ,1900/01/01 05:00:00+00,R1  2023,2019_0004,1902/01/01 05:00:00+00,1902/01/01 05:00:00+00,2023/12/13 22:48:33+00,41400.33388,29235137.43,1247,Single Family Residential-1,"Low-density single family detached development with a maximum density of 1 unit per 40,000 square feet; 1.2 unit per 40,000 square feet with ADU. Served by public water and sewer. Cluster and compact cluster options.",R1
1248,JLMA2,2023,, , ,1900/01/01 05:00:00+00,JLMA2 2023,2022_0020,1902/01/01 05:00:00+00,1902/01/01 05:00:00+00,2023/12/13 22:48:33+00,9052.98097,2697754.276,1248,Joint Land Management Area-2,"Appropriate mix of residential & non-residential uses with a variety of dwelling units & lot sizes; 1.0 dwelling unit per 20,000 square feet or 1.2 dwelling units per 20,000 square feet with ADU",JLMA2
1249,PDIP,1972,28, , ,1900/01/01 05:00:00+00,PDIP  1972, ,1902/01/01 05:00:00+00,1902/01/01 05:00:00+00,1900/01/01 05:00:00+00,1713.412067,174285.0993,1249,Planned Development-Industrial Park,Light and medium industrial uses with supporting accessory uses and facilities designed with a parklike environment. May be subject to a concept development plan.  It is only under the 1972 Ordinance.,PDIP
1250,JLMA2,2023,, , ,1900/01/01 05:00:00+00,JLMA2 2023,2022_0020,1902/01/01 05:00:00+00,1902/01/01 05:00:00+00,2023/12/13 22:48:33+00,26855.32532,10664397.09,1250,Joint Land Management Area-2,"Appropriate mix of residential & non-residential uses with a variety of dwelling units & lot sizes; 1.0 dwelling unit per 20,000 square feet or 1.2 dwelling units per 20,000 square feet with ADU",JLMA2
1251,JLMA2,2023,, , ,1900/01/01 05:00:00+00,JLMA2 2023,2012_0003,1902/01/01 05:00:00+00,1902/01/01 05:00:00+00,2023/12/13 22:48:33+00,4679.731436,1176628.393,1251,Joint Land Management Area-2,"Appropriate mix of residential & non-residential uses with a variety of dwelling units & lot sizes; 1.0 dwelling unit per 20,000 square feet or 1.2 dwelling units per 20,000 square feet with ADU",JLMA2
1252,CR1,2023,, , ,1900/01/01 05:00:00+00,CR1  2023,2012_0003,1902/01/01 05:00:00+00,1902/01/01 05:00:00+00,2023/12/13 22:48:33+00,5989.522035,2178759.516,1252,Countryside Residential-1,"Residential development with a maximum density of 1 unit per 40,000 square feet with on-site well and wastewater. 1 unit per 40,000 square feet served by public water/sewer in cluster/complact cluster options.",CR1
1253,RC,2023,,ZMAP-1995-0017, ,1995/12/06 05:00:00+00,RC  2023,2016_0027,1902/01/01 05:00:00+00,1902/01/01 05:00:00+00,2023/12/13 22:48:33+00,3507.043142,584633.1564,1253,Rural Commercial,Commercial properties predominantly located in rural Loudoun. Uses are compatible with scale and character of general open and rural character of Rural North & South Place Types.,RC
1254,JLMA3,2023,, , ,1900/01/01 05:00:00+00,JLMA3 2023,2012_0003,1902/01/01 05:00:00+00,1902/01/01 05:00:00+00,2023/12/13 22:48:33+00,1492.591207,138752.0668,1254,Joint Land Management Area-3,Appropriate mix of residential & non-residential uses with a variety of dwelling units & lot sizes; 1.0 dwelling unit per 3 acres. or 1.2 dwelling units per 3 acres. with ADU,JLMA3
1255,RC,2023,, , ,1900/01/01 05:00:00+00,RC  2023,2012_0003,1902/01/01 05:00:00+00,1902/01/01 05:00:00+00,2023/12/13 22:48:33+00,3271.927135,283525.9831,1255,Rural Commercial,Commercial properties predominantly located in rural Loudoun. Uses are compatible with scale and character of general open and rural character of Rural North & South Place Types.,RC
1256,RC,2023,, , ,1900/01/01 05:00:00+00,RC  2023,2012_0003,1902/01/01 05:00:00+00,1902/01/01 05:00:00+00,2023/12/13 22:48:33+00,1799.065654,129611.3147,1256,Rural Commercial,Commercial properties predominantly located in rural Loudoun. Uses are compatible with scale and character of general open and rural character of Rural North & South Place Types.,RC
1257,IP,2023,28,ZRTD-2014-0001,,2014/09/10 04:00:00+00,IP 2023,2023_0027,1902/01/01 05:00:00+00,1902/01/01 05:00:00+00,2023/12/13 22:48:33+00,3250.325795,627631.6334,1257,Industrial Park,"District for office, light production, flex space, and warehousing uses.  Support limited first floor retail or other accessory uses that serve predominate uses.",IP
1258,CR2,2023,, , ,1900/01/01 05:00:00+00,CR2   2023,2012_0003,1902/01/01 05:00:00+00,1902/01/01 05:00:00+00,2023/12/13 22:48:33+00,16056.89727,3336362.134,1258,Countryside Residential-2,"Residential development with a maximum density of 1 unit per 40,000 square feet with on-site well and wastewater. 1 unit per 20,000 square feet served by public water/sewer in cluster/complact cluster options.",CR2
1259,CR1,2023,, , ,1900/01/01 05:00:00+00,CR1  2023,2012_0003,1902/01/01 05:00:00+00,1902/01/01 05:00:00+00,2023/12/13 22:48:33+00,517.4848637,163.1626238,1259,Countryside Residential-1,"Residential development with a maximum density of 1 unit per 40,000 square feet with on-site well and wastewater. 1 unit per 40,000 square feet served by public water/sewer in cluster/complact cluster options.",CR1
1260,R16,2023,NONE,ZMAP-2021-0016,,2024/02/14 05:00:00+00,R16  2023,2024_0001,1902/01/01 05:00:00+00,1902/01/01 05:00:00+00,2024/02/16 05:00:00+00,5596.57082,1126131.567,1260,Townhouse/Multifamily Residential-16,Single family attached/detached and multifamily residences at a maximum density of 16 units per acre; 19.2 units per acre with ADU. Served by public water and sewer. In areas designated for infill development. Traditional design option.,R16
