OBJECTID,SOILS_,SOILS_ID,SO_SOIL,SO_SLOPE,SO_UPD_DATE,SHAPE_Length,SHAPE_Area,SL_SOIL,SL_SOIL_NAME,SL_SLOPE_PERC,SL_FLOOD_POTENTIAL,SL_HGRP_NAME,SL_CWSD_POTENTIAL,SL_CWSD_POTENTIAL_DESC,SL_CWSD_LIMITATIONS,SL_SOIL_DEPTH,SL_STDF_POTENTIAL,SL_STDF_LIMITATIONS,SL_AG_POTENTIAL,SL_USDA_LANDUSE1,SL_USDA_LANDUSE2,SL_ASSOCIATION_NAME,SL_HYDRIC,SL_KARST,SL_LOW_BEARING_STRENGTH,SL_WATER_TABLE,SL_GWR_POTENTIAL,SL_SLIPPAGE_POTENTIAL,SL_LID_INFILTRATION_POTENTIAL,SL_SHRINK_SWELL_POTENTIAL,SL_ONISTE_SEWAGE_DISPOSAL,SL_ERODABILITY,SL_UPD_DATE,agstype,SOIL_CLASS
1,175,118,02A,A,2005/06/16 04:00:00+00,2572.838188,84410.99394,02A,Codorus silt loam,0-2,occasional flooding,Soils with Slow Infiltration Rate,Very Poor Potential,"severe problems, some not correctable, and others requiring extensive and costly engineering solutions which may be unsatisfactory",Flood Plain,depth to hard bedrock is generally greater than 6',Very Poor Potential,flooding potential,Secondary Cropland,3W,,MONGLE-CODORUS-HATBORO,Inclusions,No,Yes,Seasonally High (Apparent),Low To Moderate Infiltration / Recharge,No,Fair,Low,Shallow-placed Drip / Alternative Drainfields,Moderate,2007/07/16 19:55:31+00,02A,II
2,325,233,02A,A,2005/06/16 04:00:00+00,4713.426779,148249.2698,02A,Codorus silt loam,0-2,occasional flooding,Soils with Slow Infiltration Rate,Very Poor Potential,"severe problems, some not correctable, and others requiring extensive and costly engineering solutions which may be unsatisfactory",Flood Plain,depth to hard bedrock is generally greater than 6',Very Poor Potential,flooding potential,Secondary Cropland,3W,,MONGLE-CODORUS-HATBORO,Inclusions,No,Yes,Seasonally High (Apparent),Low To Moderate Infiltration / Recharge,No,Fair,Low,Shallow-placed Drip / Alternative Drainfields,Moderate,2007/07/16 19:55:31+00,02A,II
3,492,400,02A,A,2005/06/16 04:00:00+00,932.7396473,15544.12209,02A,Codorus silt loam,0-2,occasional flooding,Soils with Slow Infiltration Rate,Very Poor Potential,"severe problems, some not correctable, and others requiring extensive and costly engineering solutions which may be unsatisfactory",Flood Plain,depth to hard bedrock is generally greater than 6',Very Poor Potential,flooding potential,Secondary Cropland,3W,,MONGLE-CODORUS-HATBORO,Inclusions,No,Yes,Seasonally High (Apparent),Low To Moderate Infiltration / Recharge,No,Fair,Low,Shallow-placed Drip / Alternative Drainfields,Moderate,2007/07/16 19:55:31+00,02A,II
4,570,478,02A,A,2005/06/16 04:00:00+00,2067.239184,53005.77477,02A,Codorus silt loam,0-2,occasional flooding,Soils with Slow Infiltration Rate,Very Poor Potential,"severe problems, some not correctable, and others requiring extensive and costly engineering solutions which may be unsatisfactory",Flood Plain,depth to hard bedrock is generally greater than 6',Very Poor Potential,flooding potential,Secondary Cropland,3W,,MONGLE-CODORUS-HATBORO,Inclusions,No,Yes,Seasonally High (Apparent),Low To Moderate Infiltration / Recharge,No,Fair,Low,Shallow-placed Drip / Alternative Drainfields,Moderate,2007/07/16 19:55:31+00,02A,II
5,16184,15457,02A,A,2005/06/16 04:00:00+00,2528.253693,124883.4997,02A,Codorus silt loam,0-2,occasional flooding,Soils with Slow Infiltration Rate,Very Poor Potential,"severe problems, some not correctable, and others requiring extensive and costly engineering solutions which may be unsatisfactory",Flood Plain,depth to hard bedrock is generally greater than 6',Very Poor Potential,flooding potential,Secondary Cropland,3W,,MONGLE-CODORUS-HATBORO,Inclusions,No,Yes,Seasonally High (Apparent),Low To Moderate Infiltration / Recharge,No,Fair,Low,Shallow-placed Drip / Alternative Drainfields,Moderate,2007/07/16 19:55:31+00,02A,II
6,16421,15695,02A,A,2005/06/16 04:00:00+00,3375.467575,244204.4735,02A,Codorus silt loam,0-2,occasional flooding,Soils with Slow Infiltration Rate,Very Poor Potential,"severe problems, some not correctable, and others requiring extensive and costly engineering solutions which may be unsatisfactory",Flood Plain,depth to hard bedrock is generally greater than 6',Very Poor Potential,flooding potential,Secondary Cropland,3W,,MONGLE-CODORUS-HATBORO,Inclusions,No,Yes,Seasonally High (Apparent),Low To Moderate Infiltration / Recharge,No,Fair,Low,Shallow-placed Drip / Alternative Drainfields,Moderate,2007/07/16 19:55:31+00,02A,II
7,1496,1400,02A,A,2005/06/16 04:00:00+00,25054.19876,1675629.489,02A,Codorus silt loam,0-2,occasional flooding,Soils with Slow Infiltration Rate,Very Poor Potential,"severe problems, some not correctable, and others requiring extensive and costly engineering solutions which may be unsatisfactory",Flood Plain,depth to hard bedrock is generally greater than 6',Very Poor Potential,flooding potential,Secondary Cropland,3W,,MONGLE-CODORUS-HATBORO,Inclusions,No,Yes,Seasonally High (Apparent),Low To Moderate Infiltration / Recharge,No,Fair,Low,Shallow-placed Drip / Alternative Drainfields,Moderate,2007/07/16 19:55:31+00,02A,II
8,1654,27636,02A,A,2005/06/16 04:00:00+00,7778.127886,594434.5725,02A,Codorus silt loam,0-2,occasional flooding,Soils with Slow Infiltration Rate,Very Poor Potential,"severe problems, some not correctable, and others requiring extensive and costly engineering solutions which may be unsatisfactory",Flood Plain,depth to hard bedrock is generally greater than 6',Very Poor Potential,flooding potential,Secondary Cropland,3W,,MONGLE-CODORUS-HATBORO,Inclusions,No,Yes,Seasonally High (Apparent),Low To Moderate Infiltration / Recharge,No,Fair,Low,Shallow-placed Drip / Alternative Drainfields,Moderate,2007/07/16 19:55:31+00,02A,II
9,2407,2267,02A,A,2005/06/16 04:00:00+00,2631.157036,167430.3643,02A,Codorus silt loam,0-2,occasional flooding,Soils with Slow Infiltration Rate,Very Poor Potential,"severe problems, some not correctable, and others requiring extensive and costly engineering solutions which may be unsatisfactory",Flood Plain,depth to hard bedrock is generally greater than 6',Very Poor Potential,flooding potential,Secondary Cropland,3W,,MONGLE-CODORUS-HATBORO,Inclusions,No,Yes,Seasonally High (Apparent),Low To Moderate Infiltration / Recharge,No,Fair,Low,Shallow-placed Drip / Alternative Drainfields,Moderate,2007/07/16 19:55:31+00,02A,II
10,2779,2620,02A,A,2005/06/16 04:00:00+00,5586.905537,256958.7595,02A,Codorus silt loam,0-2,occasional flooding,Soils with Slow Infiltration Rate,Very Poor Potential,"severe problems, some not correctable, and others requiring extensive and costly engineering solutions which may be unsatisfactory",Flood Plain,depth to hard bedrock is generally greater than 6',Very Poor Potential,flooding potential,Secondary Cropland,3W,,MONGLE-CODORUS-HATBORO,Inclusions,No,Yes,Seasonally High (Apparent),Low To Moderate Infiltration / Recharge,No,Fair,Low,Shallow-placed Drip / Alternative Drainfields,Moderate,2007/07/16 19:55:31+00,02A,II
11,2828,2669,02A,A,2005/06/16 04:00:00+00,3574.314959,191972.2371,02A,Codorus silt loam,0-2,occasional flooding,Soils with Slow Infiltration Rate,Very Poor Potential,"severe problems, some not correctable, and others requiring extensive and costly engineering solutions which may be unsatisfactory",Flood Plain,depth to hard bedrock is generally greater than 6',Very Poor Potential,flooding potential,Secondary Cropland,3W,,MONGLE-CODORUS-HATBORO,Inclusions,No,Yes,Seasonally High (Apparent),Low To Moderate Infiltration / Recharge,No,Fair,Low,Shallow-placed Drip / Alternative Drainfields,Moderate,2007/07/16 19:55:31+00,02A,II
12,2842,2683,02A,A,2005/06/16 04:00:00+00,1727.158181,75826.65569,02A,Codorus silt loam,0-2,occasional flooding,Soils with Slow Infiltration Rate,Very Poor Potential,"severe problems, some not correctable, and others requiring extensive and costly engineering solutions which may be unsatisfactory",Flood Plain,depth to hard bedrock is generally greater than 6',Very Poor Potential,flooding potential,Secondary Cropland,3W,,MONGLE-CODORUS-HATBORO,Inclusions,No,Yes,Seasonally High (Apparent),Low To Moderate Infiltration / Recharge,No,Fair,Low,Shallow-placed Drip / Alternative Drainfields,Moderate,2007/07/16 19:55:31+00,02A,II
13,2880,2722,02A,A,2005/06/16 04:00:00+00,1228.095036,49700.5781,02A,Codorus silt loam,0-2,occasional flooding,Soils with Slow Infiltration Rate,Very Poor Potential,"severe problems, some not correctable, and others requiring extensive and costly engineering solutions which may be unsatisfactory",Flood Plain,depth to hard bedrock is generally greater than 6',Very Poor Potential,flooding potential,Secondary Cropland,3W,,MONGLE-CODORUS-HATBORO,Inclusions,No,Yes,Seasonally High (Apparent),Low To Moderate Infiltration / Recharge,No,Fair,Low,Shallow-placed Drip / Alternative Drainfields,Moderate,2007/07/16 19:55:31+00,02A,II
14,2881,2723,02A,A,2005/06/16 04:00:00+00,1718.633231,121604.1781,02A,Codorus silt loam,0-2,occasional flooding,Soils with Slow Infiltration Rate,Very Poor Potential,"severe problems, some not correctable, and others requiring extensive and costly engineering solutions which may be unsatisfactory",Flood Plain,depth to hard bedrock is generally greater than 6',Very Poor Potential,flooding potential,Secondary Cropland,3W,,MONGLE-CODORUS-HATBORO,Inclusions,No,Yes,Seasonally High (Apparent),Low To Moderate Infiltration / Recharge,No,Fair,Low,Shallow-placed Drip / Alternative Drainfields,Moderate,2007/07/16 19:55:31+00,02A,II
15,2907,2750,02A,A,2005/06/16 04:00:00+00,2860.478726,156117.1274,02A,Codorus silt loam,0-2,occasional flooding,Soils with Slow Infiltration Rate,Very Poor Potential,"severe problems, some not correctable, and others requiring extensive and costly engineering solutions which may be unsatisfactory",Flood Plain,depth to hard bedrock is generally greater than 6',Very Poor Potential,flooding potential,Secondary Cropland,3W,,MONGLE-CODORUS-HATBORO,Inclusions,No,Yes,Seasonally High (Apparent),Low To Moderate Infiltration / Recharge,No,Fair,Low,Shallow-placed Drip / Alternative Drainfields,Moderate,2007/07/16 19:55:31+00,02A,II
16,2986,2830,02A,A,2005/06/16 04:00:00+00,1430.197087,55280.74704,02A,Codorus silt loam,0-2,occasional flooding,Soils with Slow Infiltration Rate,Very Poor Potential,"severe problems, some not correctable, and others requiring extensive and costly engineering solutions which may be unsatisfactory",Flood Plain,depth to hard bedrock is generally greater than 6',Very Poor Potential,flooding potential,Secondary Cropland,3W,,MONGLE-CODORUS-HATBORO,Inclusions,No,Yes,Seasonally High (Apparent),Low To Moderate Infiltration / Recharge,No,Fair,Low,Shallow-placed Drip / Alternative Drainfields,Moderate,2007/07/16 19:55:31+00,02A,II
17,2994,2838,02A,A,2005/06/16 04:00:00+00,2991.7805,279290.096,02A,Codorus silt loam,0-2,occasional flooding,Soils with Slow Infiltration Rate,Very Poor Potential,"severe problems, some not correctable, and others requiring extensive and costly engineering solutions which may be unsatisfactory",Flood Plain,depth to hard bedrock is generally greater than 6',Very Poor Potential,flooding potential,Secondary Cropland,3W,,MONGLE-CODORUS-HATBORO,Inclusions,No,Yes,Seasonally High (Apparent),Low To Moderate Infiltration / Recharge,No,Fair,Low,Shallow-placed Drip / Alternative Drainfields,Moderate,2007/07/16 19:55:31+00,02A,II
18,3115,2967,02A,A,2005/06/16 04:00:00+00,1491.517023,63039.11299,02A,Codorus silt loam,0-2,occasional flooding,Soils with Slow Infiltration Rate,Very Poor Potential,"severe problems, some not correctable, and others requiring extensive and costly engineering solutions which may be unsatisfactory",Flood Plain,depth to hard bedrock is generally greater than 6',Very Poor Potential,flooding potential,Secondary Cropland,3W,,MONGLE-CODORUS-HATBORO,Inclusions,No,Yes,Seasonally High (Apparent),Low To Moderate Infiltration / Recharge,No,Fair,Low,Shallow-placed Drip / Alternative Drainfields,Moderate,2007/07/16 19:55:31+00,02A,II
19,3135,2986,02A,A,2005/06/16 04:00:00+00,1388.872146,32341.60483,02A,Codorus silt loam,0-2,occasional flooding,Soils with Slow Infiltration Rate,Very Poor Potential,"severe problems, some not correctable, and others requiring extensive and costly engineering solutions which may be unsatisfactory",Flood Plain,depth to hard bedrock is generally greater than 6',Very Poor Potential,flooding potential,Secondary Cropland,3W,,MONGLE-CODORUS-HATBORO,Inclusions,No,Yes,Seasonally High (Apparent),Low To Moderate Infiltration / Recharge,No,Fair,Low,Shallow-placed Drip / Alternative Drainfields,Moderate,2007/07/16 19:55:31+00,02A,II
20,3244,3099,02A,A,2005/06/16 04:00:00+00,22378.79392,1818104.486,02A,Codorus silt loam,0-2,occasional flooding,Soils with Slow Infiltration Rate,Very Poor Potential,"severe problems, some not correctable, and others requiring extensive and costly engineering solutions which may be unsatisfactory",Flood Plain,depth to hard bedrock is generally greater than 6',Very Poor Potential,flooding potential,Secondary Cropland,3W,,MONGLE-CODORUS-HATBORO,Inclusions,No,Yes,Seasonally High (Apparent),Low To Moderate Infiltration / Recharge,No,Fair,Low,Shallow-placed Drip / Alternative Drainfields,Moderate,2007/07/16 19:55:31+00,02A,II
21,3482,3344,02A,A,2005/06/16 04:00:00+00,3816.547496,367894.0324,02A,Codorus silt loam,0-2,occasional flooding,Soils with Slow Infiltration Rate,Very Poor Potential,"severe problems, some not correctable, and others requiring extensive and costly engineering solutions which may be unsatisfactory",Flood Plain,depth to hard bedrock is generally greater than 6',Very Poor Potential,flooding potential,Secondary Cropland,3W,,MONGLE-CODORUS-HATBORO,Inclusions,No,Yes,Seasonally High (Apparent),Low To Moderate Infiltration / Recharge,No,Fair,Low,Shallow-placed Drip / Alternative Drainfields,Moderate,2007/07/16 19:55:31+00,02A,II
22,3559,3425,02A,A,2005/06/16 04:00:00+00,2085.601521,139232.9014,02A,Codorus silt loam,0-2,occasional flooding,Soils with Slow Infiltration Rate,Very Poor Potential,"severe problems, some not correctable, and others requiring extensive and costly engineering solutions which may be unsatisfactory",Flood Plain,depth to hard bedrock is generally greater than 6',Very Poor Potential,flooding potential,Secondary Cropland,3W,,MONGLE-CODORUS-HATBORO,Inclusions,No,Yes,Seasonally High (Apparent),Low To Moderate Infiltration / Recharge,No,Fair,Low,Shallow-placed Drip / Alternative Drainfields,Moderate,2007/07/16 19:55:31+00,02A,II
23,3593,3459,02A,A,2005/06/16 04:00:00+00,5563.345836,458667.9343,02A,Codorus silt loam,0-2,occasional flooding,Soils with Slow Infiltration Rate,Very Poor Potential,"severe problems, some not correctable, and others requiring extensive and costly engineering solutions which may be unsatisfactory",Flood Plain,depth to hard bedrock is generally greater than 6',Very Poor Potential,flooding potential,Secondary Cropland,3W,,MONGLE-CODORUS-HATBORO,Inclusions,No,Yes,Seasonally High (Apparent),Low To Moderate Infiltration / Recharge,No,Fair,Low,Shallow-placed Drip / Alternative Drainfields,Moderate,2007/07/16 19:55:31+00,02A,II
24,3723,3588,02A,A,2005/06/16 04:00:00+00,3624.306724,146920.2009,02A,Codorus silt loam,0-2,occasional flooding,Soils with Slow Infiltration Rate,Very Poor Potential,"severe problems, some not correctable, and others requiring extensive and costly engineering solutions which may be unsatisfactory",Flood Plain,depth to hard bedrock is generally greater than 6',Very Poor Potential,flooding potential,Secondary Cropland,3W,,MONGLE-CODORUS-HATBORO,Inclusions,No,Yes,Seasonally High (Apparent),Low To Moderate Infiltration / Recharge,No,Fair,Low,Shallow-placed Drip / Alternative Drainfields,Moderate,2007/07/16 19:55:31+00,02A,II
25,3765,3628,02A,A,2005/06/16 04:00:00+00,5208.434411,337453.7556,02A,Codorus silt loam,0-2,occasional flooding,Soils with Slow Infiltration Rate,Very Poor Potential,"severe problems, some not correctable, and others requiring extensive and costly engineering solutions which may be unsatisfactory",Flood Plain,depth to hard bedrock is generally greater than 6',Very Poor Potential,flooding potential,Secondary Cropland,3W,,MONGLE-CODORUS-HATBORO,Inclusions,No,Yes,Seasonally High (Apparent),Low To Moderate Infiltration / Recharge,No,Fair,Low,Shallow-placed Drip / Alternative Drainfields,Moderate,2007/07/16 19:55:31+00,02A,II
26,4002,3854,02A,A,2005/06/16 04:00:00+00,4151.938979,303539.9393,02A,Codorus silt loam,0-2,occasional flooding,Soils with Slow Infiltration Rate,Very Poor Potential,"severe problems, some not correctable, and others requiring extensive and costly engineering solutions which may be unsatisfactory",Flood Plain,depth to hard bedrock is generally greater than 6',Very Poor Potential,flooding potential,Secondary Cropland,3W,,MONGLE-CODORUS-HATBORO,Inclusions,No,Yes,Seasonally High (Apparent),Low To Moderate Infiltration / Recharge,No,Fair,Low,Shallow-placed Drip / Alternative Drainfields,Moderate,2007/07/16 19:55:31+00,02A,II
27,4072,3916,02A,A,2005/06/16 04:00:00+00,3990.818705,225299.3509,02A,Codorus silt loam,0-2,occasional flooding,Soils with Slow Infiltration Rate,Very Poor Potential,"severe problems, some not correctable, and others requiring extensive and costly engineering solutions which may be unsatisfactory",Flood Plain,depth to hard bedrock is generally greater than 6',Very Poor Potential,flooding potential,Secondary Cropland,3W,,MONGLE-CODORUS-HATBORO,Inclusions,No,Yes,Seasonally High (Apparent),Low To Moderate Infiltration / Recharge,No,Fair,Low,Shallow-placed Drip / Alternative Drainfields,Moderate,2007/07/16 19:55:31+00,02A,II
28,4087,3929,02A,A,2005/06/16 04:00:00+00,11901.28174,918614.3129,02A,Codorus silt loam,0-2,occasional flooding,Soils with Slow Infiltration Rate,Very Poor Potential,"severe problems, some not correctable, and others requiring extensive and costly engineering solutions which may be unsatisfactory",Flood Plain,depth to hard bedrock is generally greater than 6',Very Poor Potential,flooding potential,Secondary Cropland,3W,,MONGLE-CODORUS-HATBORO,Inclusions,No,Yes,Seasonally High (Apparent),Low To Moderate Infiltration / Recharge,No,Fair,Low,Shallow-placed Drip / Alternative Drainfields,Moderate,2007/07/16 19:55:31+00,02A,II
29,4231,4062,02A,A,2005/06/16 04:00:00+00,4086.114237,182181.7042,02A,Codorus silt loam,0-2,occasional flooding,Soils with Slow Infiltration Rate,Very Poor Potential,"severe problems, some not correctable, and others requiring extensive and costly engineering solutions which may be unsatisfactory",Flood Plain,depth to hard bedrock is generally greater than 6',Very Poor Potential,flooding potential,Secondary Cropland,3W,,MONGLE-CODORUS-HATBORO,Inclusions,No,Yes,Seasonally High (Apparent),Low To Moderate Infiltration / Recharge,No,Fair,Low,Shallow-placed Drip / Alternative Drainfields,Moderate,2007/07/16 19:55:31+00,02A,II
30,4235,4066,02A,A,2005/06/16 04:00:00+00,5161.865303,546823.2221,02A,Codorus silt loam,0-2,occasional flooding,Soils with Slow Infiltration Rate,Very Poor Potential,"severe problems, some not correctable, and others requiring extensive and costly engineering solutions which may be unsatisfactory",Flood Plain,depth to hard bedrock is generally greater than 6',Very Poor Potential,flooding potential,Secondary Cropland,3W,,MONGLE-CODORUS-HATBORO,Inclusions,No,Yes,Seasonally High (Apparent),Low To Moderate Infiltration / Recharge,No,Fair,Low,Shallow-placed Drip / Alternative Drainfields,Moderate,2007/07/16 19:55:31+00,02A,II
31,4317,4144,02A,A,2005/06/16 04:00:00+00,2685.98569,91312.32472,02A,Codorus silt loam,0-2,occasional flooding,Soils with Slow Infiltration Rate,Very Poor Potential,"severe problems, some not correctable, and others requiring extensive and costly engineering solutions which may be unsatisfactory",Flood Plain,depth to hard bedrock is generally greater than 6',Very Poor Potential,flooding potential,Secondary Cropland,3W,,MONGLE-CODORUS-HATBORO,Inclusions,No,Yes,Seasonally High (Apparent),Low To Moderate Infiltration / Recharge,No,Fair,Low,Shallow-placed Drip / Alternative Drainfields,Moderate,2007/07/16 19:55:31+00,02A,II
32,4324,4151,02A,A,2005/06/16 04:00:00+00,2671.86897,136353.2503,02A,Codorus silt loam,0-2,occasional flooding,Soils with Slow Infiltration Rate,Very Poor Potential,"severe problems, some not correctable, and others requiring extensive and costly engineering solutions which may be unsatisfactory",Flood Plain,depth to hard bedrock is generally greater than 6',Very Poor Potential,flooding potential,Secondary Cropland,3W,,MONGLE-CODORUS-HATBORO,Inclusions,No,Yes,Seasonally High (Apparent),Low To Moderate Infiltration / Recharge,No,Fair,Low,Shallow-placed Drip / Alternative Drainfields,Moderate,2007/07/16 19:55:31+00,02A,II
33,4332,4158,02A,A,2005/06/16 04:00:00+00,1389.71777,52678.5799,02A,Codorus silt loam,0-2,occasional flooding,Soils with Slow Infiltration Rate,Very Poor Potential,"severe problems, some not correctable, and others requiring extensive and costly engineering solutions which may be unsatisfactory",Flood Plain,depth to hard bedrock is generally greater than 6',Very Poor Potential,flooding potential,Secondary Cropland,3W,,MONGLE-CODORUS-HATBORO,Inclusions,No,Yes,Seasonally High (Apparent),Low To Moderate Infiltration / Recharge,No,Fair,Low,Shallow-placed Drip / Alternative Drainfields,Moderate,2007/07/16 19:55:31+00,02A,II
34,4338,4164,02A,A,2005/06/16 04:00:00+00,4837.300647,302920.048,02A,Codorus silt loam,0-2,occasional flooding,Soils with Slow Infiltration Rate,Very Poor Potential,"severe problems, some not correctable, and others requiring extensive and costly engineering solutions which may be unsatisfactory",Flood Plain,depth to hard bedrock is generally greater than 6',Very Poor Potential,flooding potential,Secondary Cropland,3W,,MONGLE-CODORUS-HATBORO,Inclusions,No,Yes,Seasonally High (Apparent),Low To Moderate Infiltration / Recharge,No,Fair,Low,Shallow-placed Drip / Alternative Drainfields,Moderate,2007/07/16 19:55:31+00,02A,II
35,4341,4167,02A,A,2005/06/16 04:00:00+00,6064.77031,370815.5378,02A,Codorus silt loam,0-2,occasional flooding,Soils with Slow Infiltration Rate,Very Poor Potential,"severe problems, some not correctable, and others requiring extensive and costly engineering solutions which may be unsatisfactory",Flood Plain,depth to hard bedrock is generally greater than 6',Very Poor Potential,flooding potential,Secondary Cropland,3W,,MONGLE-CODORUS-HATBORO,Inclusions,No,Yes,Seasonally High (Apparent),Low To Moderate Infiltration / Recharge,No,Fair,Low,Shallow-placed Drip / Alternative Drainfields,Moderate,2007/07/16 19:55:31+00,02A,II
36,4405,4222,02A,A,2005/06/16 04:00:00+00,4780.624008,348442.7801,02A,Codorus silt loam,0-2,occasional flooding,Soils with Slow Infiltration Rate,Very Poor Potential,"severe problems, some not correctable, and others requiring extensive and costly engineering solutions which may be unsatisfactory",Flood Plain,depth to hard bedrock is generally greater than 6',Very Poor Potential,flooding potential,Secondary Cropland,3W,,MONGLE-CODORUS-HATBORO,Inclusions,No,Yes,Seasonally High (Apparent),Low To Moderate Infiltration / Recharge,No,Fair,Low,Shallow-placed Drip / Alternative Drainfields,Moderate,2007/07/16 19:55:31+00,02A,II
37,4522,4322,02A,A,2005/06/16 04:00:00+00,1347.423563,67519.41975,02A,Codorus silt loam,0-2,occasional flooding,Soils with Slow Infiltration Rate,Very Poor Potential,"severe problems, some not correctable, and others requiring extensive and costly engineering solutions which may be unsatisfactory",Flood Plain,depth to hard bedrock is generally greater than 6',Very Poor Potential,flooding potential,Secondary Cropland,3W,,MONGLE-CODORUS-HATBORO,Inclusions,No,Yes,Seasonally High (Apparent),Low To Moderate Infiltration / Recharge,No,Fair,Low,Shallow-placed Drip / Alternative Drainfields,Moderate,2007/07/16 19:55:31+00,02A,II
38,4689,4478,02A,A,2005/06/16 04:00:00+00,1566.830934,77763.69243,02A,Codorus silt loam,0-2,occasional flooding,Soils with Slow Infiltration Rate,Very Poor Potential,"severe problems, some not correctable, and others requiring extensive and costly engineering solutions which may be unsatisfactory",Flood Plain,depth to hard bedrock is generally greater than 6',Very Poor Potential,flooding potential,Secondary Cropland,3W,,MONGLE-CODORUS-HATBORO,Inclusions,No,Yes,Seasonally High (Apparent),Low To Moderate Infiltration / Recharge,No,Fair,Low,Shallow-placed Drip / Alternative Drainfields,Moderate,2007/07/16 19:55:31+00,02A,II
39,4691,4480,02A,A,2005/06/16 04:00:00+00,7082.645445,504259.7329,02A,Codorus silt loam,0-2,occasional flooding,Soils with Slow Infiltration Rate,Very Poor Potential,"severe problems, some not correctable, and others requiring extensive and costly engineering solutions which may be unsatisfactory",Flood Plain,depth to hard bedrock is generally greater than 6',Very Poor Potential,flooding potential,Secondary Cropland,3W,,MONGLE-CODORUS-HATBORO,Inclusions,No,Yes,Seasonally High (Apparent),Low To Moderate Infiltration / Recharge,No,Fair,Low,Shallow-placed Drip / Alternative Drainfields,Moderate,2007/07/16 19:55:31+00,02A,II
40,4796,4578,02A,A,2005/06/16 04:00:00+00,4003.564944,339505.0536,02A,Codorus silt loam,0-2,occasional flooding,Soils with Slow Infiltration Rate,Very Poor Potential,"severe problems, some not correctable, and others requiring extensive and costly engineering solutions which may be unsatisfactory",Flood Plain,depth to hard bedrock is generally greater than 6',Very Poor Potential,flooding potential,Secondary Cropland,3W,,MONGLE-CODORUS-HATBORO,Inclusions,No,Yes,Seasonally High (Apparent),Low To Moderate Infiltration / Recharge,No,Fair,Low,Shallow-placed Drip / Alternative Drainfields,Moderate,2007/07/16 19:55:31+00,02A,II
41,4895,4671,02A,A,2005/06/16 04:00:00+00,7785.357303,491978.278,02A,Codorus silt loam,0-2,occasional flooding,Soils with Slow Infiltration Rate,Very Poor Potential,"severe problems, some not correctable, and others requiring extensive and costly engineering solutions which may be unsatisfactory",Flood Plain,depth to hard bedrock is generally greater than 6',Very Poor Potential,flooding potential,Secondary Cropland,3W,,MONGLE-CODORUS-HATBORO,Inclusions,No,Yes,Seasonally High (Apparent),Low To Moderate Infiltration / Recharge,No,Fair,Low,Shallow-placed Drip / Alternative Drainfields,Moderate,2007/07/16 19:55:31+00,02A,II
42,4981,4754,02A,A,2005/06/16 04:00:00+00,2938.131176,156927.5704,02A,Codorus silt loam,0-2,occasional flooding,Soils with Slow Infiltration Rate,Very Poor Potential,"severe problems, some not correctable, and others requiring extensive and costly engineering solutions which may be unsatisfactory",Flood Plain,depth to hard bedrock is generally greater than 6',Very Poor Potential,flooding potential,Secondary Cropland,3W,,MONGLE-CODORUS-HATBORO,Inclusions,No,Yes,Seasonally High (Apparent),Low To Moderate Infiltration / Recharge,No,Fair,Low,Shallow-placed Drip / Alternative Drainfields,Moderate,2007/07/16 19:55:31+00,02A,II
43,5076,4844,02A,A,2005/06/16 04:00:00+00,5362.207347,256044.3206,02A,Codorus silt loam,0-2,occasional flooding,Soils with Slow Infiltration Rate,Very Poor Potential,"severe problems, some not correctable, and others requiring extensive and costly engineering solutions which may be unsatisfactory",Flood Plain,depth to hard bedrock is generally greater than 6',Very Poor Potential,flooding potential,Secondary Cropland,3W,,MONGLE-CODORUS-HATBORO,Inclusions,No,Yes,Seasonally High (Apparent),Low To Moderate Infiltration / Recharge,No,Fair,Low,Shallow-placed Drip / Alternative Drainfields,Moderate,2007/07/16 19:55:31+00,02A,II
44,5077,4845,02A,A,2005/06/16 04:00:00+00,8964.442799,1062356.93,02A,Codorus silt loam,0-2,occasional flooding,Soils with Slow Infiltration Rate,Very Poor Potential,"severe problems, some not correctable, and others requiring extensive and costly engineering solutions which may be unsatisfactory",Flood Plain,depth to hard bedrock is generally greater than 6',Very Poor Potential,flooding potential,Secondary Cropland,3W,,MONGLE-CODORUS-HATBORO,Inclusions,No,Yes,Seasonally High (Apparent),Low To Moderate Infiltration / Recharge,No,Fair,Low,Shallow-placed Drip / Alternative Drainfields,Moderate,2007/07/16 19:55:31+00,02A,II
45,5195,4956,02A,A,2005/06/16 04:00:00+00,2271.97758,107944.952,02A,Codorus silt loam,0-2,occasional flooding,Soils with Slow Infiltration Rate,Very Poor Potential,"severe problems, some not correctable, and others requiring extensive and costly engineering solutions which may be unsatisfactory",Flood Plain,depth to hard bedrock is generally greater than 6',Very Poor Potential,flooding potential,Secondary Cropland,3W,,MONGLE-CODORUS-HATBORO,Inclusions,No,Yes,Seasonally High (Apparent),Low To Moderate Infiltration / Recharge,No,Fair,Low,Shallow-placed Drip / Alternative Drainfields,Moderate,2007/07/16 19:55:31+00,02A,II
46,5487,5237,02A,A,2005/06/16 04:00:00+00,2582.668186,215115.2628,02A,Codorus silt loam,0-2,occasional flooding,Soils with Slow Infiltration Rate,Very Poor Potential,"severe problems, some not correctable, and others requiring extensive and costly engineering solutions which may be unsatisfactory",Flood Plain,depth to hard bedrock is generally greater than 6',Very Poor Potential,flooding potential,Secondary Cropland,3W,,MONGLE-CODORUS-HATBORO,Inclusions,No,Yes,Seasonally High (Apparent),Low To Moderate Infiltration / Recharge,No,Fair,Low,Shallow-placed Drip / Alternative Drainfields,Moderate,2007/07/16 19:55:31+00,02A,II
47,5506,5256,02A,A,2005/06/16 04:00:00+00,5532.907238,351937.4661,02A,Codorus silt loam,0-2,occasional flooding,Soils with Slow Infiltration Rate,Very Poor Potential,"severe problems, some not correctable, and others requiring extensive and costly engineering solutions which may be unsatisfactory",Flood Plain,depth to hard bedrock is generally greater than 6',Very Poor Potential,flooding potential,Secondary Cropland,3W,,MONGLE-CODORUS-HATBORO,Inclusions,No,Yes,Seasonally High (Apparent),Low To Moderate Infiltration / Recharge,No,Fair,Low,Shallow-placed Drip / Alternative Drainfields,Moderate,2007/07/16 19:55:31+00,02A,II
48,5510,5260,02A,A,2005/06/16 04:00:00+00,4332.507991,246344.4292,02A,Codorus silt loam,0-2,occasional flooding,Soils with Slow Infiltration Rate,Very Poor Potential,"severe problems, some not correctable, and others requiring extensive and costly engineering solutions which may be unsatisfactory",Flood Plain,depth to hard bedrock is generally greater than 6',Very Poor Potential,flooding potential,Secondary Cropland,3W,,MONGLE-CODORUS-HATBORO,Inclusions,No,Yes,Seasonally High (Apparent),Low To Moderate Infiltration / Recharge,No,Fair,Low,Shallow-placed Drip / Alternative Drainfields,Moderate,2007/07/16 19:55:31+00,02A,II
49,5513,5263,02A,A,2005/06/16 04:00:00+00,980.8733871,25218.27269,02A,Codorus silt loam,0-2,occasional flooding,Soils with Slow Infiltration Rate,Very Poor Potential,"severe problems, some not correctable, and others requiring extensive and costly engineering solutions which may be unsatisfactory",Flood Plain,depth to hard bedrock is generally greater than 6',Very Poor Potential,flooding potential,Secondary Cropland,3W,,MONGLE-CODORUS-HATBORO,Inclusions,No,Yes,Seasonally High (Apparent),Low To Moderate Infiltration / Recharge,No,Fair,Low,Shallow-placed Drip / Alternative Drainfields,Moderate,2007/07/16 19:55:31+00,02A,II
50,5521,5271,02A,A,2005/06/16 04:00:00+00,16291.33646,1074823.034,02A,Codorus silt loam,0-2,occasional flooding,Soils with Slow Infiltration Rate,Very Poor Potential,"severe problems, some not correctable, and others requiring extensive and costly engineering solutions which may be unsatisfactory",Flood Plain,depth to hard bedrock is generally greater than 6',Very Poor Potential,flooding potential,Secondary Cropland,3W,,MONGLE-CODORUS-HATBORO,Inclusions,No,Yes,Seasonally High (Apparent),Low To Moderate Infiltration / Recharge,No,Fair,Low,Shallow-placed Drip / Alternative Drainfields,Moderate,2007/07/16 19:55:31+00,02A,II
51,5528,5278,02A,A,2005/06/16 04:00:00+00,3884.17429,219522.669,02A,Codorus silt loam,0-2,occasional flooding,Soils with Slow Infiltration Rate,Very Poor Potential,"severe problems, some not correctable, and others requiring extensive and costly engineering solutions which may be unsatisfactory",Flood Plain,depth to hard bedrock is generally greater than 6',Very Poor Potential,flooding potential,Secondary Cropland,3W,,MONGLE-CODORUS-HATBORO,Inclusions,No,Yes,Seasonally High (Apparent),Low To Moderate Infiltration / Recharge,No,Fair,Low,Shallow-placed Drip / Alternative Drainfields,Moderate,2007/07/16 19:55:31+00,02A,II
52,5807,5557,02A,A,2005/06/16 04:00:00+00,4681.500743,423332.3222,02A,Codorus silt loam,0-2,occasional flooding,Soils with Slow Infiltration Rate,Very Poor Potential,"severe problems, some not correctable, and others requiring extensive and costly engineering solutions which may be unsatisfactory",Flood Plain,depth to hard bedrock is generally greater than 6',Very Poor Potential,flooding potential,Secondary Cropland,3W,,MONGLE-CODORUS-HATBORO,Inclusions,No,Yes,Seasonally High (Apparent),Low To Moderate Infiltration / Recharge,No,Fair,Low,Shallow-placed Drip / Alternative Drainfields,Moderate,2007/07/16 19:55:31+00,02A,II
53,5883,5638,02A,A,2005/06/16 04:00:00+00,1045.710738,36202.36663,02A,Codorus silt loam,0-2,occasional flooding,Soils with Slow Infiltration Rate,Very Poor Potential,"severe problems, some not correctable, and others requiring extensive and costly engineering solutions which may be unsatisfactory",Flood Plain,depth to hard bedrock is generally greater than 6',Very Poor Potential,flooding potential,Secondary Cropland,3W,,MONGLE-CODORUS-HATBORO,Inclusions,No,Yes,Seasonally High (Apparent),Low To Moderate Infiltration / Recharge,No,Fair,Low,Shallow-placed Drip / Alternative Drainfields,Moderate,2007/07/16 19:55:31+00,02A,II
54,6114,5861,02A,A,2005/06/16 04:00:00+00,2274.454955,75847.76106,02A,Codorus silt loam,0-2,occasional flooding,Soils with Slow Infiltration Rate,Very Poor Potential,"severe problems, some not correctable, and others requiring extensive and costly engineering solutions which may be unsatisfactory",Flood Plain,depth to hard bedrock is generally greater than 6',Very Poor Potential,flooding potential,Secondary Cropland,3W,,MONGLE-CODORUS-HATBORO,Inclusions,No,Yes,Seasonally High (Apparent),Low To Moderate Infiltration / Recharge,No,Fair,Low,Shallow-placed Drip / Alternative Drainfields,Moderate,2007/07/16 19:55:31+00,02A,II
55,6227,5963,02A,A,2005/06/16 04:00:00+00,3373.289845,198350.3628,02A,Codorus silt loam,0-2,occasional flooding,Soils with Slow Infiltration Rate,Very Poor Potential,"severe problems, some not correctable, and others requiring extensive and costly engineering solutions which may be unsatisfactory",Flood Plain,depth to hard bedrock is generally greater than 6',Very Poor Potential,flooding potential,Secondary Cropland,3W,,MONGLE-CODORUS-HATBORO,Inclusions,No,Yes,Seasonally High (Apparent),Low To Moderate Infiltration / Recharge,No,Fair,Low,Shallow-placed Drip / Alternative Drainfields,Moderate,2007/07/16 19:55:31+00,02A,II
56,6687,6355,02A,A,2005/06/16 04:00:00+00,3691.747777,358601.3672,02A,Codorus silt loam,0-2,occasional flooding,Soils with Slow Infiltration Rate,Very Poor Potential,"severe problems, some not correctable, and others requiring extensive and costly engineering solutions which may be unsatisfactory",Flood Plain,depth to hard bedrock is generally greater than 6',Very Poor Potential,flooding potential,Secondary Cropland,3W,,MONGLE-CODORUS-HATBORO,Inclusions,No,Yes,Seasonally High (Apparent),Low To Moderate Infiltration / Recharge,No,Fair,Low,Shallow-placed Drip / Alternative Drainfields,Moderate,2007/07/16 19:55:31+00,02A,II
57,6689,6357,02A,A,2005/06/16 04:00:00+00,10562.22611,675581.2592,02A,Codorus silt loam,0-2,occasional flooding,Soils with Slow Infiltration Rate,Very Poor Potential,"severe problems, some not correctable, and others requiring extensive and costly engineering solutions which may be unsatisfactory",Flood Plain,depth to hard bedrock is generally greater than 6',Very Poor Potential,flooding potential,Secondary Cropland,3W,,MONGLE-CODORUS-HATBORO,Inclusions,No,Yes,Seasonally High (Apparent),Low To Moderate Infiltration / Recharge,No,Fair,Low,Shallow-placed Drip / Alternative Drainfields,Moderate,2007/07/16 19:55:31+00,02A,II
58,6957,6618,02A,A,2005/06/16 04:00:00+00,3550.24036,265034.2715,02A,Codorus silt loam,0-2,occasional flooding,Soils with Slow Infiltration Rate,Very Poor Potential,"severe problems, some not correctable, and others requiring extensive and costly engineering solutions which may be unsatisfactory",Flood Plain,depth to hard bedrock is generally greater than 6',Very Poor Potential,flooding potential,Secondary Cropland,3W,,MONGLE-CODORUS-HATBORO,Inclusions,No,Yes,Seasonally High (Apparent),Low To Moderate Infiltration / Recharge,No,Fair,Low,Shallow-placed Drip / Alternative Drainfields,Moderate,2007/07/16 19:55:31+00,02A,II
59,7133,6797,02A,A,2005/06/16 04:00:00+00,13948.79636,1042548.023,02A,Codorus silt loam,0-2,occasional flooding,Soils with Slow Infiltration Rate,Very Poor Potential,"severe problems, some not correctable, and others requiring extensive and costly engineering solutions which may be unsatisfactory",Flood Plain,depth to hard bedrock is generally greater than 6',Very Poor Potential,flooding potential,Secondary Cropland,3W,,MONGLE-CODORUS-HATBORO,Inclusions,No,Yes,Seasonally High (Apparent),Low To Moderate Infiltration / Recharge,No,Fair,Low,Shallow-placed Drip / Alternative Drainfields,Moderate,2007/07/16 19:55:31+00,02A,II
60,7414,7067,02A,A,2005/06/16 04:00:00+00,1979.849856,121816.4099,02A,Codorus silt loam,0-2,occasional flooding,Soils with Slow Infiltration Rate,Very Poor Potential,"severe problems, some not correctable, and others requiring extensive and costly engineering solutions which may be unsatisfactory",Flood Plain,depth to hard bedrock is generally greater than 6',Very Poor Potential,flooding potential,Secondary Cropland,3W,,MONGLE-CODORUS-HATBORO,Inclusions,No,Yes,Seasonally High (Apparent),Low To Moderate Infiltration / Recharge,No,Fair,Low,Shallow-placed Drip / Alternative Drainfields,Moderate,2007/07/16 19:55:31+00,02A,II
61,8213,7927,02A,A,2005/06/16 04:00:00+00,8346.946944,409057.0295,02A,Codorus silt loam,0-2,occasional flooding,Soils with Slow Infiltration Rate,Very Poor Potential,"severe problems, some not correctable, and others requiring extensive and costly engineering solutions which may be unsatisfactory",Flood Plain,depth to hard bedrock is generally greater than 6',Very Poor Potential,flooding potential,Secondary Cropland,3W,,MONGLE-CODORUS-HATBORO,Inclusions,No,Yes,Seasonally High (Apparent),Low To Moderate Infiltration / Recharge,No,Fair,Low,Shallow-placed Drip / Alternative Drainfields,Moderate,2007/07/16 19:55:31+00,02A,II
62,8228,7942,02A,A,2005/06/16 04:00:00+00,1389.824901,94794.32511,02A,Codorus silt loam,0-2,occasional flooding,Soils with Slow Infiltration Rate,Very Poor Potential,"severe problems, some not correctable, and others requiring extensive and costly engineering solutions which may be unsatisfactory",Flood Plain,depth to hard bedrock is generally greater than 6',Very Poor Potential,flooding potential,Secondary Cropland,3W,,MONGLE-CODORUS-HATBORO,Inclusions,No,Yes,Seasonally High (Apparent),Low To Moderate Infiltration / Recharge,No,Fair,Low,Shallow-placed Drip / Alternative Drainfields,Moderate,2007/07/16 19:55:31+00,02A,II
63,9005,26239,02A,A,2005/06/16 04:00:00+00,2721.070981,139165.8817,02A,Codorus silt loam,0-2,occasional flooding,Soils with Slow Infiltration Rate,Very Poor Potential,"severe problems, some not correctable, and others requiring extensive and costly engineering solutions which may be unsatisfactory",Flood Plain,depth to hard bedrock is generally greater than 6',Very Poor Potential,flooding potential,Secondary Cropland,3W,,MONGLE-CODORUS-HATBORO,Inclusions,No,Yes,Seasonally High (Apparent),Low To Moderate Infiltration / Recharge,No,Fair,Low,Shallow-placed Drip / Alternative Drainfields,Moderate,2007/07/16 19:55:31+00,02A,II
64,9041,26243,02A,A,2005/06/16 04:00:00+00,1392.957172,41152.24188,02A,Codorus silt loam,0-2,occasional flooding,Soils with Slow Infiltration Rate,Very Poor Potential,"severe problems, some not correctable, and others requiring extensive and costly engineering solutions which may be unsatisfactory",Flood Plain,depth to hard bedrock is generally greater than 6',Very Poor Potential,flooding potential,Secondary Cropland,3W,,MONGLE-CODORUS-HATBORO,Inclusions,No,Yes,Seasonally High (Apparent),Low To Moderate Infiltration / Recharge,No,Fair,Low,Shallow-placed Drip / Alternative Drainfields,Moderate,2007/07/16 19:55:31+00,02A,II
65,9426,9098,02A,A,2005/06/16 04:00:00+00,2910.31046,131570.6365,02A,Codorus silt loam,0-2,occasional flooding,Soils with Slow Infiltration Rate,Very Poor Potential,"severe problems, some not correctable, and others requiring extensive and costly engineering solutions which may be unsatisfactory",Flood Plain,depth to hard bedrock is generally greater than 6',Very Poor Potential,flooding potential,Secondary Cropland,3W,,MONGLE-CODORUS-HATBORO,Inclusions,No,Yes,Seasonally High (Apparent),Low To Moderate Infiltration / Recharge,No,Fair,Low,Shallow-placed Drip / Alternative Drainfields,Moderate,2007/07/16 19:55:31+00,02A,II
66,9427,9099,02A,A,2005/06/16 04:00:00+00,421.8630511,3878.170685,02A,Codorus silt loam,0-2,occasional flooding,Soils with Slow Infiltration Rate,Very Poor Potential,"severe problems, some not correctable, and others requiring extensive and costly engineering solutions which may be unsatisfactory",Flood Plain,depth to hard bedrock is generally greater than 6',Very Poor Potential,flooding potential,Secondary Cropland,3W,,MONGLE-CODORUS-HATBORO,Inclusions,No,Yes,Seasonally High (Apparent),Low To Moderate Infiltration / Recharge,No,Fair,Low,Shallow-placed Drip / Alternative Drainfields,Moderate,2007/07/16 19:55:31+00,02A,II
67,9452,9125,02A,A,2005/06/16 04:00:00+00,2186.594354,72756.15669,02A,Codorus silt loam,0-2,occasional flooding,Soils with Slow Infiltration Rate,Very Poor Potential,"severe problems, some not correctable, and others requiring extensive and costly engineering solutions which may be unsatisfactory",Flood Plain,depth to hard bedrock is generally greater than 6',Very Poor Potential,flooding potential,Secondary Cropland,3W,,MONGLE-CODORUS-HATBORO,Inclusions,No,Yes,Seasonally High (Apparent),Low To Moderate Infiltration / Recharge,No,Fair,Low,Shallow-placed Drip / Alternative Drainfields,Moderate,2007/07/16 19:55:31+00,02A,II
68,9475,9148,02A,A,2005/06/16 04:00:00+00,4627.283998,295371.0486,02A,Codorus silt loam,0-2,occasional flooding,Soils with Slow Infiltration Rate,Very Poor Potential,"severe problems, some not correctable, and others requiring extensive and costly engineering solutions which may be unsatisfactory",Flood Plain,depth to hard bedrock is generally greater than 6',Very Poor Potential,flooding potential,Secondary Cropland,3W,,MONGLE-CODORUS-HATBORO,Inclusions,No,Yes,Seasonally High (Apparent),Low To Moderate Infiltration / Recharge,No,Fair,Low,Shallow-placed Drip / Alternative Drainfields,Moderate,2007/07/16 19:55:31+00,02A,II
69,9602,9269,02A,A,2005/06/16 04:00:00+00,739.5664782,17962.02794,02A,Codorus silt loam,0-2,occasional flooding,Soils with Slow Infiltration Rate,Very Poor Potential,"severe problems, some not correctable, and others requiring extensive and costly engineering solutions which may be unsatisfactory",Flood Plain,depth to hard bedrock is generally greater than 6',Very Poor Potential,flooding potential,Secondary Cropland,3W,,MONGLE-CODORUS-HATBORO,Inclusions,No,Yes,Seasonally High (Apparent),Low To Moderate Infiltration / Recharge,No,Fair,Low,Shallow-placed Drip / Alternative Drainfields,Moderate,2007/07/16 19:55:31+00,02A,II
70,9799,9454,02A,A,2005/06/16 04:00:00+00,4805.387297,210396.166,02A,Codorus silt loam,0-2,occasional flooding,Soils with Slow Infiltration Rate,Very Poor Potential,"severe problems, some not correctable, and others requiring extensive and costly engineering solutions which may be unsatisfactory",Flood Plain,depth to hard bedrock is generally greater than 6',Very Poor Potential,flooding potential,Secondary Cropland,3W,,MONGLE-CODORUS-HATBORO,Inclusions,No,Yes,Seasonally High (Apparent),Low To Moderate Infiltration / Recharge,No,Fair,Low,Shallow-placed Drip / Alternative Drainfields,Moderate,2007/07/16 19:55:31+00,02A,II
71,9802,9457,02A,A,2005/06/16 04:00:00+00,2332.265046,71763.76932,02A,Codorus silt loam,0-2,occasional flooding,Soils with Slow Infiltration Rate,Very Poor Potential,"severe problems, some not correctable, and others requiring extensive and costly engineering solutions which may be unsatisfactory",Flood Plain,depth to hard bedrock is generally greater than 6',Very Poor Potential,flooding potential,Secondary Cropland,3W,,MONGLE-CODORUS-HATBORO,Inclusions,No,Yes,Seasonally High (Apparent),Low To Moderate Infiltration / Recharge,No,Fair,Low,Shallow-placed Drip / Alternative Drainfields,Moderate,2007/07/16 19:55:31+00,02A,II
72,9968,9616,02A,A,2005/06/16 04:00:00+00,2673.101233,128866.5468,02A,Codorus silt loam,0-2,occasional flooding,Soils with Slow Infiltration Rate,Very Poor Potential,"severe problems, some not correctable, and others requiring extensive and costly engineering solutions which may be unsatisfactory",Flood Plain,depth to hard bedrock is generally greater than 6',Very Poor Potential,flooding potential,Secondary Cropland,3W,,MONGLE-CODORUS-HATBORO,Inclusions,No,Yes,Seasonally High (Apparent),Low To Moderate Infiltration / Recharge,No,Fair,Low,Shallow-placed Drip / Alternative Drainfields,Moderate,2007/07/16 19:55:31+00,02A,II
73,9976,9624,02A,A,2005/06/16 04:00:00+00,1517.200231,44359.58884,02A,Codorus silt loam,0-2,occasional flooding,Soils with Slow Infiltration Rate,Very Poor Potential,"severe problems, some not correctable, and others requiring extensive and costly engineering solutions which may be unsatisfactory",Flood Plain,depth to hard bedrock is generally greater than 6',Very Poor Potential,flooding potential,Secondary Cropland,3W,,MONGLE-CODORUS-HATBORO,Inclusions,No,Yes,Seasonally High (Apparent),Low To Moderate Infiltration / Recharge,No,Fair,Low,Shallow-placed Drip / Alternative Drainfields,Moderate,2007/07/16 19:55:31+00,02A,II
74,10580,31814,02A,A,2005/06/16 04:00:00+00,7333.135762,345445.0778,02A,Codorus silt loam,0-2,occasional flooding,Soils with Slow Infiltration Rate,Very Poor Potential,"severe problems, some not correctable, and others requiring extensive and costly engineering solutions which may be unsatisfactory",Flood Plain,depth to hard bedrock is generally greater than 6',Very Poor Potential,flooding potential,Secondary Cropland,3W,,MONGLE-CODORUS-HATBORO,Inclusions,No,Yes,Seasonally High (Apparent),Low To Moderate Infiltration / Recharge,No,Fair,Low,Shallow-placed Drip / Alternative Drainfields,Moderate,2007/07/16 19:55:31+00,02A,II
75,10588,10221,02A,A,2005/06/16 04:00:00+00,1511.605803,80493.31848,02A,Codorus silt loam,0-2,occasional flooding,Soils with Slow Infiltration Rate,Very Poor Potential,"severe problems, some not correctable, and others requiring extensive and costly engineering solutions which may be unsatisfactory",Flood Plain,depth to hard bedrock is generally greater than 6',Very Poor Potential,flooding potential,Secondary Cropland,3W,,MONGLE-CODORUS-HATBORO,Inclusions,No,Yes,Seasonally High (Apparent),Low To Moderate Infiltration / Recharge,No,Fair,Low,Shallow-placed Drip / Alternative Drainfields,Moderate,2007/07/16 19:55:31+00,02A,II
76,10772,31950,02A,A,2005/06/16 04:00:00+00,7539.527831,387451.5773,02A,Codorus silt loam,0-2,occasional flooding,Soils with Slow Infiltration Rate,Very Poor Potential,"severe problems, some not correctable, and others requiring extensive and costly engineering solutions which may be unsatisfactory",Flood Plain,depth to hard bedrock is generally greater than 6',Very Poor Potential,flooding potential,Secondary Cropland,3W,,MONGLE-CODORUS-HATBORO,Inclusions,No,Yes,Seasonally High (Apparent),Low To Moderate Infiltration / Recharge,No,Fair,Low,Shallow-placed Drip / Alternative Drainfields,Moderate,2007/07/16 19:55:31+00,02A,II
77,10901,10505,02A,A,2005/06/16 04:00:00+00,1302.221001,45246.25297,02A,Codorus silt loam,0-2,occasional flooding,Soils with Slow Infiltration Rate,Very Poor Potential,"severe problems, some not correctable, and others requiring extensive and costly engineering solutions which may be unsatisfactory",Flood Plain,depth to hard bedrock is generally greater than 6',Very Poor Potential,flooding potential,Secondary Cropland,3W,,MONGLE-CODORUS-HATBORO,Inclusions,No,Yes,Seasonally High (Apparent),Low To Moderate Infiltration / Recharge,No,Fair,Low,Shallow-placed Drip / Alternative Drainfields,Moderate,2007/07/16 19:55:31+00,02A,II
78,11013,10601,02A,A,2005/06/16 04:00:00+00,1350.482355,43545.10419,02A,Codorus silt loam,0-2,occasional flooding,Soils with Slow Infiltration Rate,Very Poor Potential,"severe problems, some not correctable, and others requiring extensive and costly engineering solutions which may be unsatisfactory",Flood Plain,depth to hard bedrock is generally greater than 6',Very Poor Potential,flooding potential,Secondary Cropland,3W,,MONGLE-CODORUS-HATBORO,Inclusions,No,Yes,Seasonally High (Apparent),Low To Moderate Infiltration / Recharge,No,Fair,Low,Shallow-placed Drip / Alternative Drainfields,Moderate,2007/07/16 19:55:31+00,02A,II
79,11185,10755,02A,A,2005/06/16 04:00:00+00,5701.437379,687187.1376,02A,Codorus silt loam,0-2,occasional flooding,Soils with Slow Infiltration Rate,Very Poor Potential,"severe problems, some not correctable, and others requiring extensive and costly engineering solutions which may be unsatisfactory",Flood Plain,depth to hard bedrock is generally greater than 6',Very Poor Potential,flooding potential,Secondary Cropland,3W,,MONGLE-CODORUS-HATBORO,Inclusions,No,Yes,Seasonally High (Apparent),Low To Moderate Infiltration / Recharge,No,Fair,Low,Shallow-placed Drip / Alternative Drainfields,Moderate,2007/07/16 19:55:31+00,02A,II
80,11249,32301,02A,A,2005/06/16 04:00:00+00,13015.09043,690410.8774,02A,Codorus silt loam,0-2,occasional flooding,Soils with Slow Infiltration Rate,Very Poor Potential,"severe problems, some not correctable, and others requiring extensive and costly engineering solutions which may be unsatisfactory",Flood Plain,depth to hard bedrock is generally greater than 6',Very Poor Potential,flooding potential,Secondary Cropland,3W,,MONGLE-CODORUS-HATBORO,Inclusions,No,Yes,Seasonally High (Apparent),Low To Moderate Infiltration / Recharge,No,Fair,Low,Shallow-placed Drip / Alternative Drainfields,Moderate,2007/07/16 19:55:31+00,02A,II
81,11641,11155,02A,A,2005/06/16 04:00:00+00,5091.750985,268113.7778,02A,Codorus silt loam,0-2,occasional flooding,Soils with Slow Infiltration Rate,Very Poor Potential,"severe problems, some not correctable, and others requiring extensive and costly engineering solutions which may be unsatisfactory",Flood Plain,depth to hard bedrock is generally greater than 6',Very Poor Potential,flooding potential,Secondary Cropland,3W,,MONGLE-CODORUS-HATBORO,Inclusions,No,Yes,Seasonally High (Apparent),Low To Moderate Infiltration / Recharge,No,Fair,Low,Shallow-placed Drip / Alternative Drainfields,Moderate,2007/07/16 19:55:31+00,02A,II
82,12177,11631,02A,A,,2804.745313,174982.1529,02A,Codorus silt loam,0-2,occasional flooding,Soils with Slow Infiltration Rate,Very Poor Potential,"severe problems, some not correctable, and others requiring extensive and costly engineering solutions which may be unsatisfactory",Flood Plain,depth to hard bedrock is generally greater than 6',Very Poor Potential,flooding potential,Secondary Cropland,3W,,MONGLE-CODORUS-HATBORO,Inclusions,No,Yes,Seasonally High (Apparent),Low To Moderate Infiltration / Recharge,No,Fair,Low,Shallow-placed Drip / Alternative Drainfields,Moderate,2007/07/16 19:55:31+00,02A,II
83,12209,33067,02A,A,2005/06/16 04:00:00+00,3799.945268,281972.4687,02A,Codorus silt loam,0-2,occasional flooding,Soils with Slow Infiltration Rate,Very Poor Potential,"severe problems, some not correctable, and others requiring extensive and costly engineering solutions which may be unsatisfactory",Flood Plain,depth to hard bedrock is generally greater than 6',Very Poor Potential,flooding potential,Secondary Cropland,3W,,MONGLE-CODORUS-HATBORO,Inclusions,No,Yes,Seasonally High (Apparent),Low To Moderate Infiltration / Recharge,No,Fair,Low,Shallow-placed Drip / Alternative Drainfields,Moderate,2007/07/16 19:55:31+00,02A,II
84,12275,33092,02A,A,2005/06/16 04:00:00+00,9993.174779,574494.4406,02A,Codorus silt loam,0-2,occasional flooding,Soils with Slow Infiltration Rate,Very Poor Potential,"severe problems, some not correctable, and others requiring extensive and costly engineering solutions which may be unsatisfactory",Flood Plain,depth to hard bedrock is generally greater than 6',Very Poor Potential,flooding potential,Secondary Cropland,3W,,MONGLE-CODORUS-HATBORO,Inclusions,No,Yes,Seasonally High (Apparent),Low To Moderate Infiltration / Recharge,No,Fair,Low,Shallow-placed Drip / Alternative Drainfields,Moderate,2007/07/16 19:55:31+00,02A,II
85,12318,11760,02A,A,2005/06/16 04:00:00+00,5686.543521,249730.3799,02A,Codorus silt loam,0-2,occasional flooding,Soils with Slow Infiltration Rate,Very Poor Potential,"severe problems, some not correctable, and others requiring extensive and costly engineering solutions which may be unsatisfactory",Flood Plain,depth to hard bedrock is generally greater than 6',Very Poor Potential,flooding potential,Secondary Cropland,3W,,MONGLE-CODORUS-HATBORO,Inclusions,No,Yes,Seasonally High (Apparent),Low To Moderate Infiltration / Recharge,No,Fair,Low,Shallow-placed Drip / Alternative Drainfields,Moderate,2007/07/16 19:55:31+00,02A,II
86,12320,33106,02A,A,2005/06/16 04:00:00+00,7910.822619,329775.6887,02A,Codorus silt loam,0-2,occasional flooding,Soils with Slow Infiltration Rate,Very Poor Potential,"severe problems, some not correctable, and others requiring extensive and costly engineering solutions which may be unsatisfactory",Flood Plain,depth to hard bedrock is generally greater than 6',Very Poor Potential,flooding potential,Secondary Cropland,3W,,MONGLE-CODORUS-HATBORO,Inclusions,No,Yes,Seasonally High (Apparent),Low To Moderate Infiltration / Recharge,No,Fair,Low,Shallow-placed Drip / Alternative Drainfields,Moderate,2007/07/16 19:55:31+00,02A,II
87,12335,11776,02A,A,2005/06/16 04:00:00+00,9575.901893,824311.339,02A,Codorus silt loam,0-2,occasional flooding,Soils with Slow Infiltration Rate,Very Poor Potential,"severe problems, some not correctable, and others requiring extensive and costly engineering solutions which may be unsatisfactory",Flood Plain,depth to hard bedrock is generally greater than 6',Very Poor Potential,flooding potential,Secondary Cropland,3W,,MONGLE-CODORUS-HATBORO,Inclusions,No,Yes,Seasonally High (Apparent),Low To Moderate Infiltration / Recharge,No,Fair,Low,Shallow-placed Drip / Alternative Drainfields,Moderate,2007/07/16 19:55:31+00,02A,II
88,12476,11907,02A,A,2005/06/16 04:00:00+00,2241.809404,77652.95421,02A,Codorus silt loam,0-2,occasional flooding,Soils with Slow Infiltration Rate,Very Poor Potential,"severe problems, some not correctable, and others requiring extensive and costly engineering solutions which may be unsatisfactory",Flood Plain,depth to hard bedrock is generally greater than 6',Very Poor Potential,flooding potential,Secondary Cropland,3W,,MONGLE-CODORUS-HATBORO,Inclusions,No,Yes,Seasonally High (Apparent),Low To Moderate Infiltration / Recharge,No,Fair,Low,Shallow-placed Drip / Alternative Drainfields,Moderate,2007/07/16 19:55:31+00,02A,II
89,12851,12275,02A,A,2005/06/16 04:00:00+00,5032.963461,274737.91,02A,Codorus silt loam,0-2,occasional flooding,Soils with Slow Infiltration Rate,Very Poor Potential,"severe problems, some not correctable, and others requiring extensive and costly engineering solutions which may be unsatisfactory",Flood Plain,depth to hard bedrock is generally greater than 6',Very Poor Potential,flooding potential,Secondary Cropland,3W,,MONGLE-CODORUS-HATBORO,Inclusions,No,Yes,Seasonally High (Apparent),Low To Moderate Infiltration / Recharge,No,Fair,Low,Shallow-placed Drip / Alternative Drainfields,Moderate,2007/07/16 19:55:31+00,02A,II
90,13025,12431,02A,A,2005/06/16 04:00:00+00,2305.219435,89739.77474,02A,Codorus silt loam,0-2,occasional flooding,Soils with Slow Infiltration Rate,Very Poor Potential,"severe problems, some not correctable, and others requiring extensive and costly engineering solutions which may be unsatisfactory",Flood Plain,depth to hard bedrock is generally greater than 6',Very Poor Potential,flooding potential,Secondary Cropland,3W,,MONGLE-CODORUS-HATBORO,Inclusions,No,Yes,Seasonally High (Apparent),Low To Moderate Infiltration / Recharge,No,Fair,Low,Shallow-placed Drip / Alternative Drainfields,Moderate,2007/07/16 19:55:31+00,02A,II
91,13043,12446,02A,A,2005/06/16 04:00:00+00,3416.525307,405886.5509,02A,Codorus silt loam,0-2,occasional flooding,Soils with Slow Infiltration Rate,Very Poor Potential,"severe problems, some not correctable, and others requiring extensive and costly engineering solutions which may be unsatisfactory",Flood Plain,depth to hard bedrock is generally greater than 6',Very Poor Potential,flooding potential,Secondary Cropland,3W,,MONGLE-CODORUS-HATBORO,Inclusions,No,Yes,Seasonally High (Apparent),Low To Moderate Infiltration / Recharge,No,Fair,Low,Shallow-placed Drip / Alternative Drainfields,Moderate,2007/07/16 19:55:31+00,02A,II
92,14527,13829,02A,A,2005/06/16 04:00:00+00,5036.33707,335245.3666,02A,Codorus silt loam,0-2,occasional flooding,Soils with Slow Infiltration Rate,Very Poor Potential,"severe problems, some not correctable, and others requiring extensive and costly engineering solutions which may be unsatisfactory",Flood Plain,depth to hard bedrock is generally greater than 6',Very Poor Potential,flooding potential,Secondary Cropland,3W,,MONGLE-CODORUS-HATBORO,Inclusions,No,Yes,Seasonally High (Apparent),Low To Moderate Infiltration / Recharge,No,Fair,Low,Shallow-placed Drip / Alternative Drainfields,Moderate,2007/07/16 19:55:31+00,02A,II
93,14646,13947,02A,A,2005/06/16 04:00:00+00,2486.593784,119884.9834,02A,Codorus silt loam,0-2,occasional flooding,Soils with Slow Infiltration Rate,Very Poor Potential,"severe problems, some not correctable, and others requiring extensive and costly engineering solutions which may be unsatisfactory",Flood Plain,depth to hard bedrock is generally greater than 6',Very Poor Potential,flooding potential,Secondary Cropland,3W,,MONGLE-CODORUS-HATBORO,Inclusions,No,Yes,Seasonally High (Apparent),Low To Moderate Infiltration / Recharge,No,Fair,Low,Shallow-placed Drip / Alternative Drainfields,Moderate,2007/07/16 19:55:31+00,02A,II
94,14950,14237,02A,A,2005/06/16 04:00:00+00,5698.436948,300750.1981,02A,Codorus silt loam,0-2,occasional flooding,Soils with Slow Infiltration Rate,Very Poor Potential,"severe problems, some not correctable, and others requiring extensive and costly engineering solutions which may be unsatisfactory",Flood Plain,depth to hard bedrock is generally greater than 6',Very Poor Potential,flooding potential,Secondary Cropland,3W,,MONGLE-CODORUS-HATBORO,Inclusions,No,Yes,Seasonally High (Apparent),Low To Moderate Infiltration / Recharge,No,Fair,Low,Shallow-placed Drip / Alternative Drainfields,Moderate,2007/07/16 19:55:31+00,02A,II
95,15142,14414,02A,A,2005/06/16 04:00:00+00,5547.529697,468676.0423,02A,Codorus silt loam,0-2,occasional flooding,Soils with Slow Infiltration Rate,Very Poor Potential,"severe problems, some not correctable, and others requiring extensive and costly engineering solutions which may be unsatisfactory",Flood Plain,depth to hard bedrock is generally greater than 6',Very Poor Potential,flooding potential,Secondary Cropland,3W,,MONGLE-CODORUS-HATBORO,Inclusions,No,Yes,Seasonally High (Apparent),Low To Moderate Infiltration / Recharge,No,Fair,Low,Shallow-placed Drip / Alternative Drainfields,Moderate,2007/07/16 19:55:31+00,02A,II
96,15150,14423,02A,A,2005/06/16 04:00:00+00,7473.412333,428987.7713,02A,Codorus silt loam,0-2,occasional flooding,Soils with Slow Infiltration Rate,Very Poor Potential,"severe problems, some not correctable, and others requiring extensive and costly engineering solutions which may be unsatisfactory",Flood Plain,depth to hard bedrock is generally greater than 6',Very Poor Potential,flooding potential,Secondary Cropland,3W,,MONGLE-CODORUS-HATBORO,Inclusions,No,Yes,Seasonally High (Apparent),Low To Moderate Infiltration / Recharge,No,Fair,Low,Shallow-placed Drip / Alternative Drainfields,Moderate,2007/07/16 19:55:31+00,02A,II
97,15239,14517,02A,A,2005/06/16 04:00:00+00,2530.278774,187709.7847,02A,Codorus silt loam,0-2,occasional flooding,Soils with Slow Infiltration Rate,Very Poor Potential,"severe problems, some not correctable, and others requiring extensive and costly engineering solutions which may be unsatisfactory",Flood Plain,depth to hard bedrock is generally greater than 6',Very Poor Potential,flooding potential,Secondary Cropland,3W,,MONGLE-CODORUS-HATBORO,Inclusions,No,Yes,Seasonally High (Apparent),Low To Moderate Infiltration / Recharge,No,Fair,Low,Shallow-placed Drip / Alternative Drainfields,Moderate,2007/07/16 19:55:31+00,02A,II
98,15316,14596,02A,A,2005/06/16 04:00:00+00,5499.037767,320448.31,02A,Codorus silt loam,0-2,occasional flooding,Soils with Slow Infiltration Rate,Very Poor Potential,"severe problems, some not correctable, and others requiring extensive and costly engineering solutions which may be unsatisfactory",Flood Plain,depth to hard bedrock is generally greater than 6',Very Poor Potential,flooding potential,Secondary Cropland,3W,,MONGLE-CODORUS-HATBORO,Inclusions,No,Yes,Seasonally High (Apparent),Low To Moderate Infiltration / Recharge,No,Fair,Low,Shallow-placed Drip / Alternative Drainfields,Moderate,2007/07/16 19:55:31+00,02A,II
99,15332,14612,02A,A,2005/06/16 04:00:00+00,2019.842421,143365.2052,02A,Codorus silt loam,0-2,occasional flooding,Soils with Slow Infiltration Rate,Very Poor Potential,"severe problems, some not correctable, and others requiring extensive and costly engineering solutions which may be unsatisfactory",Flood Plain,depth to hard bedrock is generally greater than 6',Very Poor Potential,flooding potential,Secondary Cropland,3W,,MONGLE-CODORUS-HATBORO,Inclusions,No,Yes,Seasonally High (Apparent),Low To Moderate Infiltration / Recharge,No,Fair,Low,Shallow-placed Drip / Alternative Drainfields,Moderate,2007/07/16 19:55:31+00,02A,II
100,15370,14650,02A,A,2005/06/16 04:00:00+00,2799.843612,196166.632,02A,Codorus silt loam,0-2,occasional flooding,Soils with Slow Infiltration Rate,Very Poor Potential,"severe problems, some not correctable, and others requiring extensive and costly engineering solutions which may be unsatisfactory",Flood Plain,depth to hard bedrock is generally greater than 6',Very Poor Potential,flooding potential,Secondary Cropland,3W,,MONGLE-CODORUS-HATBORO,Inclusions,No,Yes,Seasonally High (Apparent),Low To Moderate Infiltration / Recharge,No,Fair,Low,Shallow-placed Drip / Alternative Drainfields,Moderate,2007/07/16 19:55:31+00,02A,II
101,15372,14652,02A,A,2005/06/16 04:00:00+00,2958.775723,170318.0375,02A,Codorus silt loam,0-2,occasional flooding,Soils with Slow Infiltration Rate,Very Poor Potential,"severe problems, some not correctable, and others requiring extensive and costly engineering solutions which may be unsatisfactory",Flood Plain,depth to hard bedrock is generally greater than 6',Very Poor Potential,flooding potential,Secondary Cropland,3W,,MONGLE-CODORUS-HATBORO,Inclusions,No,Yes,Seasonally High (Apparent),Low To Moderate Infiltration / Recharge,No,Fair,Low,Shallow-placed Drip / Alternative Drainfields,Moderate,2007/07/16 19:55:31+00,02A,II
102,15425,14708,02A,A,2005/06/16 04:00:00+00,3544.30719,204711.051,02A,Codorus silt loam,0-2,occasional flooding,Soils with Slow Infiltration Rate,Very Poor Potential,"severe problems, some not correctable, and others requiring extensive and costly engineering solutions which may be unsatisfactory",Flood Plain,depth to hard bedrock is generally greater than 6',Very Poor Potential,flooding potential,Secondary Cropland,3W,,MONGLE-CODORUS-HATBORO,Inclusions,No,Yes,Seasonally High (Apparent),Low To Moderate Infiltration / Recharge,No,Fair,Low,Shallow-placed Drip / Alternative Drainfields,Moderate,2007/07/16 19:55:31+00,02A,II
103,15444,14728,02A,A,2005/06/16 04:00:00+00,12344.30616,657550.2792,02A,Codorus silt loam,0-2,occasional flooding,Soils with Slow Infiltration Rate,Very Poor Potential,"severe problems, some not correctable, and others requiring extensive and costly engineering solutions which may be unsatisfactory",Flood Plain,depth to hard bedrock is generally greater than 6',Very Poor Potential,flooding potential,Secondary Cropland,3W,,MONGLE-CODORUS-HATBORO,Inclusions,No,Yes,Seasonally High (Apparent),Low To Moderate Infiltration / Recharge,No,Fair,Low,Shallow-placed Drip / Alternative Drainfields,Moderate,2007/07/16 19:55:31+00,02A,II
104,15507,14789,02A,A,2005/06/16 04:00:00+00,4109.426268,218355.6386,02A,Codorus silt loam,0-2,occasional flooding,Soils with Slow Infiltration Rate,Very Poor Potential,"severe problems, some not correctable, and others requiring extensive and costly engineering solutions which may be unsatisfactory",Flood Plain,depth to hard bedrock is generally greater than 6',Very Poor Potential,flooding potential,Secondary Cropland,3W,,MONGLE-CODORUS-HATBORO,Inclusions,No,Yes,Seasonally High (Apparent),Low To Moderate Infiltration / Recharge,No,Fair,Low,Shallow-placed Drip / Alternative Drainfields,Moderate,2007/07/16 19:55:31+00,02A,II
105,15547,14826,02A,A,2005/06/16 04:00:00+00,3672.853701,96674.83211,02A,Codorus silt loam,0-2,occasional flooding,Soils with Slow Infiltration Rate,Very Poor Potential,"severe problems, some not correctable, and others requiring extensive and costly engineering solutions which may be unsatisfactory",Flood Plain,depth to hard bedrock is generally greater than 6',Very Poor Potential,flooding potential,Secondary Cropland,3W,,MONGLE-CODORUS-HATBORO,Inclusions,No,Yes,Seasonally High (Apparent),Low To Moderate Infiltration / Recharge,No,Fair,Low,Shallow-placed Drip / Alternative Drainfields,Moderate,2007/07/16 19:55:31+00,02A,II
106,15585,14865,02A,A,2005/06/16 04:00:00+00,1862.798586,122933.6107,02A,Codorus silt loam,0-2,occasional flooding,Soils with Slow Infiltration Rate,Very Poor Potential,"severe problems, some not correctable, and others requiring extensive and costly engineering solutions which may be unsatisfactory",Flood Plain,depth to hard bedrock is generally greater than 6',Very Poor Potential,flooding potential,Secondary Cropland,3W,,MONGLE-CODORUS-HATBORO,Inclusions,No,Yes,Seasonally High (Apparent),Low To Moderate Infiltration / Recharge,No,Fair,Low,Shallow-placed Drip / Alternative Drainfields,Moderate,2007/07/16 19:55:31+00,02A,II
107,15598,14877,02A,A,2005/06/16 04:00:00+00,4412.347232,312365.6374,02A,Codorus silt loam,0-2,occasional flooding,Soils with Slow Infiltration Rate,Very Poor Potential,"severe problems, some not correctable, and others requiring extensive and costly engineering solutions which may be unsatisfactory",Flood Plain,depth to hard bedrock is generally greater than 6',Very Poor Potential,flooding potential,Secondary Cropland,3W,,MONGLE-CODORUS-HATBORO,Inclusions,No,Yes,Seasonally High (Apparent),Low To Moderate Infiltration / Recharge,No,Fair,Low,Shallow-placed Drip / Alternative Drainfields,Moderate,2007/07/16 19:55:31+00,02A,II
108,15616,14894,02A,A,2005/06/16 04:00:00+00,1315.703562,53371.6709,02A,Codorus silt loam,0-2,occasional flooding,Soils with Slow Infiltration Rate,Very Poor Potential,"severe problems, some not correctable, and others requiring extensive and costly engineering solutions which may be unsatisfactory",Flood Plain,depth to hard bedrock is generally greater than 6',Very Poor Potential,flooding potential,Secondary Cropland,3W,,MONGLE-CODORUS-HATBORO,Inclusions,No,Yes,Seasonally High (Apparent),Low To Moderate Infiltration / Recharge,No,Fair,Low,Shallow-placed Drip / Alternative Drainfields,Moderate,2007/07/16 19:55:31+00,02A,II
109,15699,14975,02A,A,2005/06/16 04:00:00+00,3754.835678,332517.6022,02A,Codorus silt loam,0-2,occasional flooding,Soils with Slow Infiltration Rate,Very Poor Potential,"severe problems, some not correctable, and others requiring extensive and costly engineering solutions which may be unsatisfactory",Flood Plain,depth to hard bedrock is generally greater than 6',Very Poor Potential,flooding potential,Secondary Cropland,3W,,MONGLE-CODORUS-HATBORO,Inclusions,No,Yes,Seasonally High (Apparent),Low To Moderate Infiltration / Recharge,No,Fair,Low,Shallow-placed Drip / Alternative Drainfields,Moderate,2007/07/16 19:55:31+00,02A,II
110,15720,14997,02A,A,2005/06/16 04:00:00+00,2410.958863,82968.70974,02A,Codorus silt loam,0-2,occasional flooding,Soils with Slow Infiltration Rate,Very Poor Potential,"severe problems, some not correctable, and others requiring extensive and costly engineering solutions which may be unsatisfactory",Flood Plain,depth to hard bedrock is generally greater than 6',Very Poor Potential,flooding potential,Secondary Cropland,3W,,MONGLE-CODORUS-HATBORO,Inclusions,No,Yes,Seasonally High (Apparent),Low To Moderate Infiltration / Recharge,No,Fair,Low,Shallow-placed Drip / Alternative Drainfields,Moderate,2007/07/16 19:55:31+00,02A,II
111,15765,15039,02A,A,2005/06/16 04:00:00+00,1175.615873,47495.8304,02A,Codorus silt loam,0-2,occasional flooding,Soils with Slow Infiltration Rate,Very Poor Potential,"severe problems, some not correctable, and others requiring extensive and costly engineering solutions which may be unsatisfactory",Flood Plain,depth to hard bedrock is generally greater than 6',Very Poor Potential,flooding potential,Secondary Cropland,3W,,MONGLE-CODORUS-HATBORO,Inclusions,No,Yes,Seasonally High (Apparent),Low To Moderate Infiltration / Recharge,No,Fair,Low,Shallow-placed Drip / Alternative Drainfields,Moderate,2007/07/16 19:55:31+00,02A,II
112,15822,15098,02A,A,2005/06/16 04:00:00+00,3744.649849,260390.9944,02A,Codorus silt loam,0-2,occasional flooding,Soils with Slow Infiltration Rate,Very Poor Potential,"severe problems, some not correctable, and others requiring extensive and costly engineering solutions which may be unsatisfactory",Flood Plain,depth to hard bedrock is generally greater than 6',Very Poor Potential,flooding potential,Secondary Cropland,3W,,MONGLE-CODORUS-HATBORO,Inclusions,No,Yes,Seasonally High (Apparent),Low To Moderate Infiltration / Recharge,No,Fair,Low,Shallow-placed Drip / Alternative Drainfields,Moderate,2007/07/16 19:55:31+00,02A,II
113,15839,15116,02A,A,2005/06/16 04:00:00+00,2859.258088,210662.1988,02A,Codorus silt loam,0-2,occasional flooding,Soils with Slow Infiltration Rate,Very Poor Potential,"severe problems, some not correctable, and others requiring extensive and costly engineering solutions which may be unsatisfactory",Flood Plain,depth to hard bedrock is generally greater than 6',Very Poor Potential,flooding potential,Secondary Cropland,3W,,MONGLE-CODORUS-HATBORO,Inclusions,No,Yes,Seasonally High (Apparent),Low To Moderate Infiltration / Recharge,No,Fair,Low,Shallow-placed Drip / Alternative Drainfields,Moderate,2007/07/16 19:55:31+00,02A,II
114,15869,15147,02A,A,2005/06/16 04:00:00+00,1324.920316,38296.08463,02A,Codorus silt loam,0-2,occasional flooding,Soils with Slow Infiltration Rate,Very Poor Potential,"severe problems, some not correctable, and others requiring extensive and costly engineering solutions which may be unsatisfactory",Flood Plain,depth to hard bedrock is generally greater than 6',Very Poor Potential,flooding potential,Secondary Cropland,3W,,MONGLE-CODORUS-HATBORO,Inclusions,No,Yes,Seasonally High (Apparent),Low To Moderate Infiltration / Recharge,No,Fair,Low,Shallow-placed Drip / Alternative Drainfields,Moderate,2007/07/16 19:55:31+00,02A,II
115,15874,15151,02A,A,2005/06/16 04:00:00+00,4183.147148,298676.3214,02A,Codorus silt loam,0-2,occasional flooding,Soils with Slow Infiltration Rate,Very Poor Potential,"severe problems, some not correctable, and others requiring extensive and costly engineering solutions which may be unsatisfactory",Flood Plain,depth to hard bedrock is generally greater than 6',Very Poor Potential,flooding potential,Secondary Cropland,3W,,MONGLE-CODORUS-HATBORO,Inclusions,No,Yes,Seasonally High (Apparent),Low To Moderate Infiltration / Recharge,No,Fair,Low,Shallow-placed Drip / Alternative Drainfields,Moderate,2007/07/16 19:55:31+00,02A,II
116,16006,15282,02A,A,2005/06/16 04:00:00+00,963.6861581,43562.29133,02A,Codorus silt loam,0-2,occasional flooding,Soils with Slow Infiltration Rate,Very Poor Potential,"severe problems, some not correctable, and others requiring extensive and costly engineering solutions which may be unsatisfactory",Flood Plain,depth to hard bedrock is generally greater than 6',Very Poor Potential,flooding potential,Secondary Cropland,3W,,MONGLE-CODORUS-HATBORO,Inclusions,No,Yes,Seasonally High (Apparent),Low To Moderate Infiltration / Recharge,No,Fair,Low,Shallow-placed Drip / Alternative Drainfields,Moderate,2007/07/16 19:55:31+00,02A,II
117,16015,15291,02A,A,2005/06/16 04:00:00+00,6281.457605,529984.5697,02A,Codorus silt loam,0-2,occasional flooding,Soils with Slow Infiltration Rate,Very Poor Potential,"severe problems, some not correctable, and others requiring extensive and costly engineering solutions which may be unsatisfactory",Flood Plain,depth to hard bedrock is generally greater than 6',Very Poor Potential,flooding potential,Secondary Cropland,3W,,MONGLE-CODORUS-HATBORO,Inclusions,No,Yes,Seasonally High (Apparent),Low To Moderate Infiltration / Recharge,No,Fair,Low,Shallow-placed Drip / Alternative Drainfields,Moderate,2007/07/16 19:55:31+00,02A,II
118,16049,15323,02A,A,2005/06/16 04:00:00+00,10318.2606,883725.2885,02A,Codorus silt loam,0-2,occasional flooding,Soils with Slow Infiltration Rate,Very Poor Potential,"severe problems, some not correctable, and others requiring extensive and costly engineering solutions which may be unsatisfactory",Flood Plain,depth to hard bedrock is generally greater than 6',Very Poor Potential,flooding potential,Secondary Cropland,3W,,MONGLE-CODORUS-HATBORO,Inclusions,No,Yes,Seasonally High (Apparent),Low To Moderate Infiltration / Recharge,No,Fair,Low,Shallow-placed Drip / Alternative Drainfields,Moderate,2007/07/16 19:55:31+00,02A,II
119,16098,15371,02A,A,2005/06/16 04:00:00+00,2413.66191,123013.0567,02A,Codorus silt loam,0-2,occasional flooding,Soils with Slow Infiltration Rate,Very Poor Potential,"severe problems, some not correctable, and others requiring extensive and costly engineering solutions which may be unsatisfactory",Flood Plain,depth to hard bedrock is generally greater than 6',Very Poor Potential,flooding potential,Secondary Cropland,3W,,MONGLE-CODORUS-HATBORO,Inclusions,No,Yes,Seasonally High (Apparent),Low To Moderate Infiltration / Recharge,No,Fair,Low,Shallow-placed Drip / Alternative Drainfields,Moderate,2007/07/16 19:55:31+00,02A,II
120,16102,15375,02A,A,2005/06/16 04:00:00+00,2518.51179,78990.64982,02A,Codorus silt loam,0-2,occasional flooding,Soils with Slow Infiltration Rate,Very Poor Potential,"severe problems, some not correctable, and others requiring extensive and costly engineering solutions which may be unsatisfactory",Flood Plain,depth to hard bedrock is generally greater than 6',Very Poor Potential,flooding potential,Secondary Cropland,3W,,MONGLE-CODORUS-HATBORO,Inclusions,No,Yes,Seasonally High (Apparent),Low To Moderate Infiltration / Recharge,No,Fair,Low,Shallow-placed Drip / Alternative Drainfields,Moderate,2007/07/16 19:55:31+00,02A,II
121,16105,15378,02A,A,2005/06/16 04:00:00+00,1537.909139,86508.10277,02A,Codorus silt loam,0-2,occasional flooding,Soils with Slow Infiltration Rate,Very Poor Potential,"severe problems, some not correctable, and others requiring extensive and costly engineering solutions which may be unsatisfactory",Flood Plain,depth to hard bedrock is generally greater than 6',Very Poor Potential,flooding potential,Secondary Cropland,3W,,MONGLE-CODORUS-HATBORO,Inclusions,No,Yes,Seasonally High (Apparent),Low To Moderate Infiltration / Recharge,No,Fair,Low,Shallow-placed Drip / Alternative Drainfields,Moderate,2007/07/16 19:55:31+00,02A,II
122,16277,15549,02A,A,2005/06/16 04:00:00+00,2241.781295,124596.2119,02A,Codorus silt loam,0-2,occasional flooding,Soils with Slow Infiltration Rate,Very Poor Potential,"severe problems, some not correctable, and others requiring extensive and costly engineering solutions which may be unsatisfactory",Flood Plain,depth to hard bedrock is generally greater than 6',Very Poor Potential,flooding potential,Secondary Cropland,3W,,MONGLE-CODORUS-HATBORO,Inclusions,No,Yes,Seasonally High (Apparent),Low To Moderate Infiltration / Recharge,No,Fair,Low,Shallow-placed Drip / Alternative Drainfields,Moderate,2007/07/16 19:55:31+00,02A,II
123,16280,15552,02A,A,2005/06/16 04:00:00+00,1418.226189,53372.50644,02A,Codorus silt loam,0-2,occasional flooding,Soils with Slow Infiltration Rate,Very Poor Potential,"severe problems, some not correctable, and others requiring extensive and costly engineering solutions which may be unsatisfactory",Flood Plain,depth to hard bedrock is generally greater than 6',Very Poor Potential,flooding potential,Secondary Cropland,3W,,MONGLE-CODORUS-HATBORO,Inclusions,No,Yes,Seasonally High (Apparent),Low To Moderate Infiltration / Recharge,No,Fair,Low,Shallow-placed Drip / Alternative Drainfields,Moderate,2007/07/16 19:55:31+00,02A,II
124,16318,15592,02A,A,2005/06/16 04:00:00+00,11663.35012,1617049.407,02A,Codorus silt loam,0-2,occasional flooding,Soils with Slow Infiltration Rate,Very Poor Potential,"severe problems, some not correctable, and others requiring extensive and costly engineering solutions which may be unsatisfactory",Flood Plain,depth to hard bedrock is generally greater than 6',Very Poor Potential,flooding potential,Secondary Cropland,3W,,MONGLE-CODORUS-HATBORO,Inclusions,No,Yes,Seasonally High (Apparent),Low To Moderate Infiltration / Recharge,No,Fair,Low,Shallow-placed Drip / Alternative Drainfields,Moderate,2007/07/16 19:55:31+00,02A,II
125,16328,15602,02A,A,2005/06/16 04:00:00+00,1877.5526,84355.90437,02A,Codorus silt loam,0-2,occasional flooding,Soils with Slow Infiltration Rate,Very Poor Potential,"severe problems, some not correctable, and others requiring extensive and costly engineering solutions which may be unsatisfactory",Flood Plain,depth to hard bedrock is generally greater than 6',Very Poor Potential,flooding potential,Secondary Cropland,3W,,MONGLE-CODORUS-HATBORO,Inclusions,No,Yes,Seasonally High (Apparent),Low To Moderate Infiltration / Recharge,No,Fair,Low,Shallow-placed Drip / Alternative Drainfields,Moderate,2007/07/16 19:55:31+00,02A,II
126,16384,15657,02A,A,2005/06/16 04:00:00+00,1566.052892,61449.19232,02A,Codorus silt loam,0-2,occasional flooding,Soils with Slow Infiltration Rate,Very Poor Potential,"severe problems, some not correctable, and others requiring extensive and costly engineering solutions which may be unsatisfactory",Flood Plain,depth to hard bedrock is generally greater than 6',Very Poor Potential,flooding potential,Secondary Cropland,3W,,MONGLE-CODORUS-HATBORO,Inclusions,No,Yes,Seasonally High (Apparent),Low To Moderate Infiltration / Recharge,No,Fair,Low,Shallow-placed Drip / Alternative Drainfields,Moderate,2007/07/16 19:55:31+00,02A,II
127,16525,15798,02A,A,2005/06/16 04:00:00+00,1960.337085,68444.4481,02A,Codorus silt loam,0-2,occasional flooding,Soils with Slow Infiltration Rate,Very Poor Potential,"severe problems, some not correctable, and others requiring extensive and costly engineering solutions which may be unsatisfactory",Flood Plain,depth to hard bedrock is generally greater than 6',Very Poor Potential,flooding potential,Secondary Cropland,3W,,MONGLE-CODORUS-HATBORO,Inclusions,No,Yes,Seasonally High (Apparent),Low To Moderate Infiltration / Recharge,No,Fair,Low,Shallow-placed Drip / Alternative Drainfields,Moderate,2007/07/16 19:55:31+00,02A,II
128,16531,15804,02A,A,2005/06/16 04:00:00+00,2787.007707,81583.75961,02A,Codorus silt loam,0-2,occasional flooding,Soils with Slow Infiltration Rate,Very Poor Potential,"severe problems, some not correctable, and others requiring extensive and costly engineering solutions which may be unsatisfactory",Flood Plain,depth to hard bedrock is generally greater than 6',Very Poor Potential,flooding potential,Secondary Cropland,3W,,MONGLE-CODORUS-HATBORO,Inclusions,No,Yes,Seasonally High (Apparent),Low To Moderate Infiltration / Recharge,No,Fair,Low,Shallow-placed Drip / Alternative Drainfields,Moderate,2007/07/16 19:55:31+00,02A,II
129,16644,15917,02A,A,2005/06/16 04:00:00+00,2682.091087,119682.0579,02A,Codorus silt loam,0-2,occasional flooding,Soils with Slow Infiltration Rate,Very Poor Potential,"severe problems, some not correctable, and others requiring extensive and costly engineering solutions which may be unsatisfactory",Flood Plain,depth to hard bedrock is generally greater than 6',Very Poor Potential,flooding potential,Secondary Cropland,3W,,MONGLE-CODORUS-HATBORO,Inclusions,No,Yes,Seasonally High (Apparent),Low To Moderate Infiltration / Recharge,No,Fair,Low,Shallow-placed Drip / Alternative Drainfields,Moderate,2007/07/16 19:55:31+00,02A,II
130,16758,16030,02A,A,2005/06/16 04:00:00+00,7594.063311,946625.2047,02A,Codorus silt loam,0-2,occasional flooding,Soils with Slow Infiltration Rate,Very Poor Potential,"severe problems, some not correctable, and others requiring extensive and costly engineering solutions which may be unsatisfactory",Flood Plain,depth to hard bedrock is generally greater than 6',Very Poor Potential,flooding potential,Secondary Cropland,3W,,MONGLE-CODORUS-HATBORO,Inclusions,No,Yes,Seasonally High (Apparent),Low To Moderate Infiltration / Recharge,No,Fair,Low,Shallow-placed Drip / Alternative Drainfields,Moderate,2007/07/16 19:55:31+00,02A,II
131,16865,16133,02A,A,2005/06/16 04:00:00+00,1751.377258,44528.0851,02A,Codorus silt loam,0-2,occasional flooding,Soils with Slow Infiltration Rate,Very Poor Potential,"severe problems, some not correctable, and others requiring extensive and costly engineering solutions which may be unsatisfactory",Flood Plain,depth to hard bedrock is generally greater than 6',Very Poor Potential,flooding potential,Secondary Cropland,3W,,MONGLE-CODORUS-HATBORO,Inclusions,No,Yes,Seasonally High (Apparent),Low To Moderate Infiltration / Recharge,No,Fair,Low,Shallow-placed Drip / Alternative Drainfields,Moderate,2007/07/16 19:55:31+00,02A,II
132,16928,16195,02A,A,2005/06/16 04:00:00+00,5518.122663,240222.0773,02A,Codorus silt loam,0-2,occasional flooding,Soils with Slow Infiltration Rate,Very Poor Potential,"severe problems, some not correctable, and others requiring extensive and costly engineering solutions which may be unsatisfactory",Flood Plain,depth to hard bedrock is generally greater than 6',Very Poor Potential,flooding potential,Secondary Cropland,3W,,MONGLE-CODORUS-HATBORO,Inclusions,No,Yes,Seasonally High (Apparent),Low To Moderate Infiltration / Recharge,No,Fair,Low,Shallow-placed Drip / Alternative Drainfields,Moderate,2007/07/16 19:55:31+00,02A,II
133,17068,16336,02A,A,2005/06/16 04:00:00+00,10916.97513,553519.5428,02A,Codorus silt loam,0-2,occasional flooding,Soils with Slow Infiltration Rate,Very Poor Potential,"severe problems, some not correctable, and others requiring extensive and costly engineering solutions which may be unsatisfactory",Flood Plain,depth to hard bedrock is generally greater than 6',Very Poor Potential,flooding potential,Secondary Cropland,3W,,MONGLE-CODORUS-HATBORO,Inclusions,No,Yes,Seasonally High (Apparent),Low To Moderate Infiltration / Recharge,No,Fair,Low,Shallow-placed Drip / Alternative Drainfields,Moderate,2007/07/16 19:55:31+00,02A,II
134,17093,16361,02A,A,2005/06/16 04:00:00+00,2629.932954,185131.3545,02A,Codorus silt loam,0-2,occasional flooding,Soils with Slow Infiltration Rate,Very Poor Potential,"severe problems, some not correctable, and others requiring extensive and costly engineering solutions which may be unsatisfactory",Flood Plain,depth to hard bedrock is generally greater than 6',Very Poor Potential,flooding potential,Secondary Cropland,3W,,MONGLE-CODORUS-HATBORO,Inclusions,No,Yes,Seasonally High (Apparent),Low To Moderate Infiltration / Recharge,No,Fair,Low,Shallow-placed Drip / Alternative Drainfields,Moderate,2007/07/16 19:55:31+00,02A,II
135,18222,17472,02A,A,2005/06/16 04:00:00+00,2752.873003,202852.2066,02A,Codorus silt loam,0-2,occasional flooding,Soils with Slow Infiltration Rate,Very Poor Potential,"severe problems, some not correctable, and others requiring extensive and costly engineering solutions which may be unsatisfactory",Flood Plain,depth to hard bedrock is generally greater than 6',Very Poor Potential,flooding potential,Secondary Cropland,3W,,MONGLE-CODORUS-HATBORO,Inclusions,No,Yes,Seasonally High (Apparent),Low To Moderate Infiltration / Recharge,No,Fair,Low,Shallow-placed Drip / Alternative Drainfields,Moderate,2007/07/16 19:55:31+00,02A,II
136,24564,23543,02A,A,2005/06/16 04:00:00+00,1789.151583,105734.8453,02A,Codorus silt loam,0-2,occasional flooding,Soils with Slow Infiltration Rate,Very Poor Potential,"severe problems, some not correctable, and others requiring extensive and costly engineering solutions which may be unsatisfactory",Flood Plain,depth to hard bedrock is generally greater than 6',Very Poor Potential,flooding potential,Secondary Cropland,3W,,MONGLE-CODORUS-HATBORO,Inclusions,No,Yes,Seasonally High (Apparent),Low To Moderate Infiltration / Recharge,No,Fair,Low,Shallow-placed Drip / Alternative Drainfields,Moderate,2007/07/16 19:55:31+00,02A,II
137,24577,23555,02A,A,2005/06/16 04:00:00+00,922.7200181,37775.98007,02A,Codorus silt loam,0-2,occasional flooding,Soils with Slow Infiltration Rate,Very Poor Potential,"severe problems, some not correctable, and others requiring extensive and costly engineering solutions which may be unsatisfactory",Flood Plain,depth to hard bedrock is generally greater than 6',Very Poor Potential,flooding potential,Secondary Cropland,3W,,MONGLE-CODORUS-HATBORO,Inclusions,No,Yes,Seasonally High (Apparent),Low To Moderate Infiltration / Recharge,No,Fair,Low,Shallow-placed Drip / Alternative Drainfields,Moderate,2007/07/16 19:55:31+00,02A,II
138,24587,23565,02A,A,2005/06/16 04:00:00+00,1419.684971,79852.51526,02A,Codorus silt loam,0-2,occasional flooding,Soils with Slow Infiltration Rate,Very Poor Potential,"severe problems, some not correctable, and others requiring extensive and costly engineering solutions which may be unsatisfactory",Flood Plain,depth to hard bedrock is generally greater than 6',Very Poor Potential,flooding potential,Secondary Cropland,3W,,MONGLE-CODORUS-HATBORO,Inclusions,No,Yes,Seasonally High (Apparent),Low To Moderate Infiltration / Recharge,No,Fair,Low,Shallow-placed Drip / Alternative Drainfields,Moderate,2007/07/16 19:55:31+00,02A,II
139,17299,16568,02A,A,2005/06/16 04:00:00+00,10267.25699,521142.8042,02A,Codorus silt loam,0-2,occasional flooding,Soils with Slow Infiltration Rate,Very Poor Potential,"severe problems, some not correctable, and others requiring extensive and costly engineering solutions which may be unsatisfactory",Flood Plain,depth to hard bedrock is generally greater than 6',Very Poor Potential,flooding potential,Secondary Cropland,3W,,MONGLE-CODORUS-HATBORO,Inclusions,No,Yes,Seasonally High (Apparent),Low To Moderate Infiltration / Recharge,No,Fair,Low,Shallow-placed Drip / Alternative Drainfields,Moderate,2007/07/16 19:55:31+00,02A,II
140,17319,16588,02A,A,2005/06/16 04:00:00+00,3393.636349,220519.6173,02A,Codorus silt loam,0-2,occasional flooding,Soils with Slow Infiltration Rate,Very Poor Potential,"severe problems, some not correctable, and others requiring extensive and costly engineering solutions which may be unsatisfactory",Flood Plain,depth to hard bedrock is generally greater than 6',Very Poor Potential,flooding potential,Secondary Cropland,3W,,MONGLE-CODORUS-HATBORO,Inclusions,No,Yes,Seasonally High (Apparent),Low To Moderate Infiltration / Recharge,No,Fair,Low,Shallow-placed Drip / Alternative Drainfields,Moderate,2007/07/16 19:55:31+00,02A,II
141,17481,16747,02A,A,2005/06/16 04:00:00+00,5906.152766,329329.0338,02A,Codorus silt loam,0-2,occasional flooding,Soils with Slow Infiltration Rate,Very Poor Potential,"severe problems, some not correctable, and others requiring extensive and costly engineering solutions which may be unsatisfactory",Flood Plain,depth to hard bedrock is generally greater than 6',Very Poor Potential,flooding potential,Secondary Cropland,3W,,MONGLE-CODORUS-HATBORO,Inclusions,No,Yes,Seasonally High (Apparent),Low To Moderate Infiltration / Recharge,No,Fair,Low,Shallow-placed Drip / Alternative Drainfields,Moderate,2007/07/16 19:55:31+00,02A,II
142,17540,16807,02A,A,2005/06/16 04:00:00+00,1738.474748,118226.9291,02A,Codorus silt loam,0-2,occasional flooding,Soils with Slow Infiltration Rate,Very Poor Potential,"severe problems, some not correctable, and others requiring extensive and costly engineering solutions which may be unsatisfactory",Flood Plain,depth to hard bedrock is generally greater than 6',Very Poor Potential,flooding potential,Secondary Cropland,3W,,MONGLE-CODORUS-HATBORO,Inclusions,No,Yes,Seasonally High (Apparent),Low To Moderate Infiltration / Recharge,No,Fair,Low,Shallow-placed Drip / Alternative Drainfields,Moderate,2007/07/16 19:55:31+00,02A,II
143,17631,16897,02A,A,2005/06/16 04:00:00+00,1702.662566,36606.56732,02A,Codorus silt loam,0-2,occasional flooding,Soils with Slow Infiltration Rate,Very Poor Potential,"severe problems, some not correctable, and others requiring extensive and costly engineering solutions which may be unsatisfactory",Flood Plain,depth to hard bedrock is generally greater than 6',Very Poor Potential,flooding potential,Secondary Cropland,3W,,MONGLE-CODORUS-HATBORO,Inclusions,No,Yes,Seasonally High (Apparent),Low To Moderate Infiltration / Recharge,No,Fair,Low,Shallow-placed Drip / Alternative Drainfields,Moderate,2007/07/16 19:55:31+00,02A,II
144,17704,16968,02A,A,2005/06/16 04:00:00+00,3376.965443,175270.3252,02A,Codorus silt loam,0-2,occasional flooding,Soils with Slow Infiltration Rate,Very Poor Potential,"severe problems, some not correctable, and others requiring extensive and costly engineering solutions which may be unsatisfactory",Flood Plain,depth to hard bedrock is generally greater than 6',Very Poor Potential,flooding potential,Secondary Cropland,3W,,MONGLE-CODORUS-HATBORO,Inclusions,No,Yes,Seasonally High (Apparent),Low To Moderate Infiltration / Recharge,No,Fair,Low,Shallow-placed Drip / Alternative Drainfields,Moderate,2007/07/16 19:55:31+00,02A,II
145,17973,17232,02A,A,2005/06/16 04:00:00+00,7277.035783,647839.5814,02A,Codorus silt loam,0-2,occasional flooding,Soils with Slow Infiltration Rate,Very Poor Potential,"severe problems, some not correctable, and others requiring extensive and costly engineering solutions which may be unsatisfactory",Flood Plain,depth to hard bedrock is generally greater than 6',Very Poor Potential,flooding potential,Secondary Cropland,3W,,MONGLE-CODORUS-HATBORO,Inclusions,No,Yes,Seasonally High (Apparent),Low To Moderate Infiltration / Recharge,No,Fair,Low,Shallow-placed Drip / Alternative Drainfields,Moderate,2007/07/16 19:55:31+00,02A,II
146,17977,17236,02A,A,2005/06/16 04:00:00+00,1408.172797,45944.24368,02A,Codorus silt loam,0-2,occasional flooding,Soils with Slow Infiltration Rate,Very Poor Potential,"severe problems, some not correctable, and others requiring extensive and costly engineering solutions which may be unsatisfactory",Flood Plain,depth to hard bedrock is generally greater than 6',Very Poor Potential,flooding potential,Secondary Cropland,3W,,MONGLE-CODORUS-HATBORO,Inclusions,No,Yes,Seasonally High (Apparent),Low To Moderate Infiltration / Recharge,No,Fair,Low,Shallow-placed Drip / Alternative Drainfields,Moderate,2007/07/16 19:55:31+00,02A,II
147,18123,17378,02A,A,2005/06/16 04:00:00+00,965.517073,42282.64623,02A,Codorus silt loam,0-2,occasional flooding,Soils with Slow Infiltration Rate,Very Poor Potential,"severe problems, some not correctable, and others requiring extensive and costly engineering solutions which may be unsatisfactory",Flood Plain,depth to hard bedrock is generally greater than 6',Very Poor Potential,flooding potential,Secondary Cropland,3W,,MONGLE-CODORUS-HATBORO,Inclusions,No,Yes,Seasonally High (Apparent),Low To Moderate Infiltration / Recharge,No,Fair,Low,Shallow-placed Drip / Alternative Drainfields,Moderate,2007/07/16 19:55:31+00,02A,II
148,18145,17399,02A,A,2005/06/16 04:00:00+00,4881.727603,274234.0988,02A,Codorus silt loam,0-2,occasional flooding,Soils with Slow Infiltration Rate,Very Poor Potential,"severe problems, some not correctable, and others requiring extensive and costly engineering solutions which may be unsatisfactory",Flood Plain,depth to hard bedrock is generally greater than 6',Very Poor Potential,flooding potential,Secondary Cropland,3W,,MONGLE-CODORUS-HATBORO,Inclusions,No,Yes,Seasonally High (Apparent),Low To Moderate Infiltration / Recharge,No,Fair,Low,Shallow-placed Drip / Alternative Drainfields,Moderate,2007/07/16 19:55:31+00,02A,II
149,18282,17529,02A,A,2005/06/16 04:00:00+00,4256.751422,435586.9788,02A,Codorus silt loam,0-2,occasional flooding,Soils with Slow Infiltration Rate,Very Poor Potential,"severe problems, some not correctable, and others requiring extensive and costly engineering solutions which may be unsatisfactory",Flood Plain,depth to hard bedrock is generally greater than 6',Very Poor Potential,flooding potential,Secondary Cropland,3W,,MONGLE-CODORUS-HATBORO,Inclusions,No,Yes,Seasonally High (Apparent),Low To Moderate Infiltration / Recharge,No,Fair,Low,Shallow-placed Drip / Alternative Drainfields,Moderate,2007/07/16 19:55:31+00,02A,II
150,18292,17539,02A,A,2005/06/16 04:00:00+00,2205.111713,98356.27108,02A,Codorus silt loam,0-2,occasional flooding,Soils with Slow Infiltration Rate,Very Poor Potential,"severe problems, some not correctable, and others requiring extensive and costly engineering solutions which may be unsatisfactory",Flood Plain,depth to hard bedrock is generally greater than 6',Very Poor Potential,flooding potential,Secondary Cropland,3W,,MONGLE-CODORUS-HATBORO,Inclusions,No,Yes,Seasonally High (Apparent),Low To Moderate Infiltration / Recharge,No,Fair,Low,Shallow-placed Drip / Alternative Drainfields,Moderate,2007/07/16 19:55:31+00,02A,II
151,18295,17542,02A,A,2005/06/16 04:00:00+00,2592.531909,125650.1584,02A,Codorus silt loam,0-2,occasional flooding,Soils with Slow Infiltration Rate,Very Poor Potential,"severe problems, some not correctable, and others requiring extensive and costly engineering solutions which may be unsatisfactory",Flood Plain,depth to hard bedrock is generally greater than 6',Very Poor Potential,flooding potential,Secondary Cropland,3W,,MONGLE-CODORUS-HATBORO,Inclusions,No,Yes,Seasonally High (Apparent),Low To Moderate Infiltration / Recharge,No,Fair,Low,Shallow-placed Drip / Alternative Drainfields,Moderate,2007/07/16 19:55:31+00,02A,II
152,18336,17582,02A,A,2005/06/16 04:00:00+00,2837.398262,169898.8152,02A,Codorus silt loam,0-2,occasional flooding,Soils with Slow Infiltration Rate,Very Poor Potential,"severe problems, some not correctable, and others requiring extensive and costly engineering solutions which may be unsatisfactory",Flood Plain,depth to hard bedrock is generally greater than 6',Very Poor Potential,flooding potential,Secondary Cropland,3W,,MONGLE-CODORUS-HATBORO,Inclusions,No,Yes,Seasonally High (Apparent),Low To Moderate Infiltration / Recharge,No,Fair,Low,Shallow-placed Drip / Alternative Drainfields,Moderate,2007/07/16 19:55:31+00,02A,II
153,18514,17756,02A,A,2005/06/16 04:00:00+00,6245.739098,438115.9437,02A,Codorus silt loam,0-2,occasional flooding,Soils with Slow Infiltration Rate,Very Poor Potential,"severe problems, some not correctable, and others requiring extensive and costly engineering solutions which may be unsatisfactory",Flood Plain,depth to hard bedrock is generally greater than 6',Very Poor Potential,flooding potential,Secondary Cropland,3W,,MONGLE-CODORUS-HATBORO,Inclusions,No,Yes,Seasonally High (Apparent),Low To Moderate Infiltration / Recharge,No,Fair,Low,Shallow-placed Drip / Alternative Drainfields,Moderate,2007/07/16 19:55:31+00,02A,II
154,18588,17827,02A,A,2005/06/16 04:00:00+00,3402.370572,162292.0648,02A,Codorus silt loam,0-2,occasional flooding,Soils with Slow Infiltration Rate,Very Poor Potential,"severe problems, some not correctable, and others requiring extensive and costly engineering solutions which may be unsatisfactory",Flood Plain,depth to hard bedrock is generally greater than 6',Very Poor Potential,flooding potential,Secondary Cropland,3W,,MONGLE-CODORUS-HATBORO,Inclusions,No,Yes,Seasonally High (Apparent),Low To Moderate Infiltration / Recharge,No,Fair,Low,Shallow-placed Drip / Alternative Drainfields,Moderate,2007/07/16 19:55:31+00,02A,II
155,18619,17857,02A,A,2005/06/16 04:00:00+00,1025.305515,71319.04655,02A,Codorus silt loam,0-2,occasional flooding,Soils with Slow Infiltration Rate,Very Poor Potential,"severe problems, some not correctable, and others requiring extensive and costly engineering solutions which may be unsatisfactory",Flood Plain,depth to hard bedrock is generally greater than 6',Very Poor Potential,flooding potential,Secondary Cropland,3W,,MONGLE-CODORUS-HATBORO,Inclusions,No,Yes,Seasonally High (Apparent),Low To Moderate Infiltration / Recharge,No,Fair,Low,Shallow-placed Drip / Alternative Drainfields,Moderate,2007/07/16 19:55:31+00,02A,II
156,18646,17882,02A,A,2005/06/16 04:00:00+00,1616.409821,75842.83937,02A,Codorus silt loam,0-2,occasional flooding,Soils with Slow Infiltration Rate,Very Poor Potential,"severe problems, some not correctable, and others requiring extensive and costly engineering solutions which may be unsatisfactory",Flood Plain,depth to hard bedrock is generally greater than 6',Very Poor Potential,flooding potential,Secondary Cropland,3W,,MONGLE-CODORUS-HATBORO,Inclusions,No,Yes,Seasonally High (Apparent),Low To Moderate Infiltration / Recharge,No,Fair,Low,Shallow-placed Drip / Alternative Drainfields,Moderate,2007/07/16 19:55:31+00,02A,II
157,18650,17886,02A,A,2005/06/16 04:00:00+00,4449.403332,226597.2935,02A,Codorus silt loam,0-2,occasional flooding,Soils with Slow Infiltration Rate,Very Poor Potential,"severe problems, some not correctable, and others requiring extensive and costly engineering solutions which may be unsatisfactory",Flood Plain,depth to hard bedrock is generally greater than 6',Very Poor Potential,flooding potential,Secondary Cropland,3W,,MONGLE-CODORUS-HATBORO,Inclusions,No,Yes,Seasonally High (Apparent),Low To Moderate Infiltration / Recharge,No,Fair,Low,Shallow-placed Drip / Alternative Drainfields,Moderate,2007/07/16 19:55:31+00,02A,II
158,18755,17989,02A,A,2005/06/16 04:00:00+00,2300.302402,139077.1215,02A,Codorus silt loam,0-2,occasional flooding,Soils with Slow Infiltration Rate,Very Poor Potential,"severe problems, some not correctable, and others requiring extensive and costly engineering solutions which may be unsatisfactory",Flood Plain,depth to hard bedrock is generally greater than 6',Very Poor Potential,flooding potential,Secondary Cropland,3W,,MONGLE-CODORUS-HATBORO,Inclusions,No,Yes,Seasonally High (Apparent),Low To Moderate Infiltration / Recharge,No,Fair,Low,Shallow-placed Drip / Alternative Drainfields,Moderate,2007/07/16 19:55:31+00,02A,II
159,18962,18192,02A,A,2005/06/16 04:00:00+00,2287.77211,91615.34731,02A,Codorus silt loam,0-2,occasional flooding,Soils with Slow Infiltration Rate,Very Poor Potential,"severe problems, some not correctable, and others requiring extensive and costly engineering solutions which may be unsatisfactory",Flood Plain,depth to hard bedrock is generally greater than 6',Very Poor Potential,flooding potential,Secondary Cropland,3W,,MONGLE-CODORUS-HATBORO,Inclusions,No,Yes,Seasonally High (Apparent),Low To Moderate Infiltration / Recharge,No,Fair,Low,Shallow-placed Drip / Alternative Drainfields,Moderate,2007/07/16 19:55:31+00,02A,II
160,18988,18216,02A,A,2005/06/16 04:00:00+00,2458.251279,110815.9233,02A,Codorus silt loam,0-2,occasional flooding,Soils with Slow Infiltration Rate,Very Poor Potential,"severe problems, some not correctable, and others requiring extensive and costly engineering solutions which may be unsatisfactory",Flood Plain,depth to hard bedrock is generally greater than 6',Very Poor Potential,flooding potential,Secondary Cropland,3W,,MONGLE-CODORUS-HATBORO,Inclusions,No,Yes,Seasonally High (Apparent),Low To Moderate Infiltration / Recharge,No,Fair,Low,Shallow-placed Drip / Alternative Drainfields,Moderate,2007/07/16 19:55:31+00,02A,II
161,19038,18264,02A,A,2005/06/16 04:00:00+00,2425.519182,141872.3689,02A,Codorus silt loam,0-2,occasional flooding,Soils with Slow Infiltration Rate,Very Poor Potential,"severe problems, some not correctable, and others requiring extensive and costly engineering solutions which may be unsatisfactory",Flood Plain,depth to hard bedrock is generally greater than 6',Very Poor Potential,flooding potential,Secondary Cropland,3W,,MONGLE-CODORUS-HATBORO,Inclusions,No,Yes,Seasonally High (Apparent),Low To Moderate Infiltration / Recharge,No,Fair,Low,Shallow-placed Drip / Alternative Drainfields,Moderate,2007/07/16 19:55:31+00,02A,II
162,19101,18323,02A,A,2005/06/16 04:00:00+00,7930.003332,602897.9734,02A,Codorus silt loam,0-2,occasional flooding,Soils with Slow Infiltration Rate,Very Poor Potential,"severe problems, some not correctable, and others requiring extensive and costly engineering solutions which may be unsatisfactory",Flood Plain,depth to hard bedrock is generally greater than 6',Very Poor Potential,flooding potential,Secondary Cropland,3W,,MONGLE-CODORUS-HATBORO,Inclusions,No,Yes,Seasonally High (Apparent),Low To Moderate Infiltration / Recharge,No,Fair,Low,Shallow-placed Drip / Alternative Drainfields,Moderate,2007/07/16 19:55:31+00,02A,II
163,19133,18355,02A,A,2005/06/16 04:00:00+00,3836.914643,472725.1613,02A,Codorus silt loam,0-2,occasional flooding,Soils with Slow Infiltration Rate,Very Poor Potential,"severe problems, some not correctable, and others requiring extensive and costly engineering solutions which may be unsatisfactory",Flood Plain,depth to hard bedrock is generally greater than 6',Very Poor Potential,flooding potential,Secondary Cropland,3W,,MONGLE-CODORUS-HATBORO,Inclusions,No,Yes,Seasonally High (Apparent),Low To Moderate Infiltration / Recharge,No,Fair,Low,Shallow-placed Drip / Alternative Drainfields,Moderate,2007/07/16 19:55:31+00,02A,II
164,19154,18374,02A,A,2005/06/16 04:00:00+00,2578.403782,156920.5596,02A,Codorus silt loam,0-2,occasional flooding,Soils with Slow Infiltration Rate,Very Poor Potential,"severe problems, some not correctable, and others requiring extensive and costly engineering solutions which may be unsatisfactory",Flood Plain,depth to hard bedrock is generally greater than 6',Very Poor Potential,flooding potential,Secondary Cropland,3W,,MONGLE-CODORUS-HATBORO,Inclusions,No,Yes,Seasonally High (Apparent),Low To Moderate Infiltration / Recharge,No,Fair,Low,Shallow-placed Drip / Alternative Drainfields,Moderate,2007/07/16 19:55:31+00,02A,II
165,19334,18545,02A,A,2005/06/16 04:00:00+00,2829.711104,141701.6282,02A,Codorus silt loam,0-2,occasional flooding,Soils with Slow Infiltration Rate,Very Poor Potential,"severe problems, some not correctable, and others requiring extensive and costly engineering solutions which may be unsatisfactory",Flood Plain,depth to hard bedrock is generally greater than 6',Very Poor Potential,flooding potential,Secondary Cropland,3W,,MONGLE-CODORUS-HATBORO,Inclusions,No,Yes,Seasonally High (Apparent),Low To Moderate Infiltration / Recharge,No,Fair,Low,Shallow-placed Drip / Alternative Drainfields,Moderate,2007/07/16 19:55:31+00,02A,II
166,19810,19017,02A,A,2005/06/16 04:00:00+00,1352.950933,32539.8725,02A,Codorus silt loam,0-2,occasional flooding,Soils with Slow Infiltration Rate,Very Poor Potential,"severe problems, some not correctable, and others requiring extensive and costly engineering solutions which may be unsatisfactory",Flood Plain,depth to hard bedrock is generally greater than 6',Very Poor Potential,flooding potential,Secondary Cropland,3W,,MONGLE-CODORUS-HATBORO,Inclusions,No,Yes,Seasonally High (Apparent),Low To Moderate Infiltration / Recharge,No,Fair,Low,Shallow-placed Drip / Alternative Drainfields,Moderate,2007/07/16 19:55:31+00,02A,II
167,19957,19166,02A,A,2005/06/16 04:00:00+00,5781.140278,478742.2732,02A,Codorus silt loam,0-2,occasional flooding,Soils with Slow Infiltration Rate,Very Poor Potential,"severe problems, some not correctable, and others requiring extensive and costly engineering solutions which may be unsatisfactory",Flood Plain,depth to hard bedrock is generally greater than 6',Very Poor Potential,flooding potential,Secondary Cropland,3W,,MONGLE-CODORUS-HATBORO,Inclusions,No,Yes,Seasonally High (Apparent),Low To Moderate Infiltration / Recharge,No,Fair,Low,Shallow-placed Drip / Alternative Drainfields,Moderate,2007/07/16 19:55:31+00,02A,II
168,20046,19256,02A,A,2005/06/16 04:00:00+00,5077.639565,357221.9838,02A,Codorus silt loam,0-2,occasional flooding,Soils with Slow Infiltration Rate,Very Poor Potential,"severe problems, some not correctable, and others requiring extensive and costly engineering solutions which may be unsatisfactory",Flood Plain,depth to hard bedrock is generally greater than 6',Very Poor Potential,flooding potential,Secondary Cropland,3W,,MONGLE-CODORUS-HATBORO,Inclusions,No,Yes,Seasonally High (Apparent),Low To Moderate Infiltration / Recharge,No,Fair,Low,Shallow-placed Drip / Alternative Drainfields,Moderate,2007/07/16 19:55:31+00,02A,II
169,20060,19271,02A,A,2005/06/16 04:00:00+00,1656.485966,42174.46745,02A,Codorus silt loam,0-2,occasional flooding,Soils with Slow Infiltration Rate,Very Poor Potential,"severe problems, some not correctable, and others requiring extensive and costly engineering solutions which may be unsatisfactory",Flood Plain,depth to hard bedrock is generally greater than 6',Very Poor Potential,flooding potential,Secondary Cropland,3W,,MONGLE-CODORUS-HATBORO,Inclusions,No,Yes,Seasonally High (Apparent),Low To Moderate Infiltration / Recharge,No,Fair,Low,Shallow-placed Drip / Alternative Drainfields,Moderate,2007/07/16 19:55:31+00,02A,II
170,20348,19563,02A,A,2005/06/16 04:00:00+00,4072.573384,565046.5963,02A,Codorus silt loam,0-2,occasional flooding,Soils with Slow Infiltration Rate,Very Poor Potential,"severe problems, some not correctable, and others requiring extensive and costly engineering solutions which may be unsatisfactory",Flood Plain,depth to hard bedrock is generally greater than 6',Very Poor Potential,flooding potential,Secondary Cropland,3W,,MONGLE-CODORUS-HATBORO,Inclusions,No,Yes,Seasonally High (Apparent),Low To Moderate Infiltration / Recharge,No,Fair,Low,Shallow-placed Drip / Alternative Drainfields,Moderate,2007/07/16 19:55:31+00,02A,II
171,20443,19658,02A,A,2005/06/16 04:00:00+00,7786.321863,373700.5824,02A,Codorus silt loam,0-2,occasional flooding,Soils with Slow Infiltration Rate,Very Poor Potential,"severe problems, some not correctable, and others requiring extensive and costly engineering solutions which may be unsatisfactory",Flood Plain,depth to hard bedrock is generally greater than 6',Very Poor Potential,flooding potential,Secondary Cropland,3W,,MONGLE-CODORUS-HATBORO,Inclusions,No,Yes,Seasonally High (Apparent),Low To Moderate Infiltration / Recharge,No,Fair,Low,Shallow-placed Drip / Alternative Drainfields,Moderate,2007/07/16 19:55:31+00,02A,II
172,20464,19679,02A,A,2005/06/16 04:00:00+00,4678.340093,313908.5353,02A,Codorus silt loam,0-2,occasional flooding,Soils with Slow Infiltration Rate,Very Poor Potential,"severe problems, some not correctable, and others requiring extensive and costly engineering solutions which may be unsatisfactory",Flood Plain,depth to hard bedrock is generally greater than 6',Very Poor Potential,flooding potential,Secondary Cropland,3W,,MONGLE-CODORUS-HATBORO,Inclusions,No,Yes,Seasonally High (Apparent),Low To Moderate Infiltration / Recharge,No,Fair,Low,Shallow-placed Drip / Alternative Drainfields,Moderate,2007/07/16 19:55:31+00,02A,II
173,20756,19966,02A,A,2005/06/16 04:00:00+00,997.6894417,39140.56238,02A,Codorus silt loam,0-2,occasional flooding,Soils with Slow Infiltration Rate,Very Poor Potential,"severe problems, some not correctable, and others requiring extensive and costly engineering solutions which may be unsatisfactory",Flood Plain,depth to hard bedrock is generally greater than 6',Very Poor Potential,flooding potential,Secondary Cropland,3W,,MONGLE-CODORUS-HATBORO,Inclusions,No,Yes,Seasonally High (Apparent),Low To Moderate Infiltration / Recharge,No,Fair,Low,Shallow-placed Drip / Alternative Drainfields,Moderate,2007/07/16 19:55:31+00,02A,II
174,20943,20150,02A,A,2005/06/16 04:00:00+00,7694.215354,628191.9515,02A,Codorus silt loam,0-2,occasional flooding,Soils with Slow Infiltration Rate,Very Poor Potential,"severe problems, some not correctable, and others requiring extensive and costly engineering solutions which may be unsatisfactory",Flood Plain,depth to hard bedrock is generally greater than 6',Very Poor Potential,flooding potential,Secondary Cropland,3W,,MONGLE-CODORUS-HATBORO,Inclusions,No,Yes,Seasonally High (Apparent),Low To Moderate Infiltration / Recharge,No,Fair,Low,Shallow-placed Drip / Alternative Drainfields,Moderate,2007/07/16 19:55:31+00,02A,II
175,20971,20177,02A,A,2005/06/16 04:00:00+00,8576.269945,468715.9077,02A,Codorus silt loam,0-2,occasional flooding,Soils with Slow Infiltration Rate,Very Poor Potential,"severe problems, some not correctable, and others requiring extensive and costly engineering solutions which may be unsatisfactory",Flood Plain,depth to hard bedrock is generally greater than 6',Very Poor Potential,flooding potential,Secondary Cropland,3W,,MONGLE-CODORUS-HATBORO,Inclusions,No,Yes,Seasonally High (Apparent),Low To Moderate Infiltration / Recharge,No,Fair,Low,Shallow-placed Drip / Alternative Drainfields,Moderate,2007/07/16 19:55:31+00,02A,II
176,21017,20220,02A,A,2005/06/16 04:00:00+00,3164.333875,149361.341,02A,Codorus silt loam,0-2,occasional flooding,Soils with Slow Infiltration Rate,Very Poor Potential,"severe problems, some not correctable, and others requiring extensive and costly engineering solutions which may be unsatisfactory",Flood Plain,depth to hard bedrock is generally greater than 6',Very Poor Potential,flooding potential,Secondary Cropland,3W,,MONGLE-CODORUS-HATBORO,Inclusions,No,Yes,Seasonally High (Apparent),Low To Moderate Infiltration / Recharge,No,Fair,Low,Shallow-placed Drip / Alternative Drainfields,Moderate,2007/07/16 19:55:31+00,02A,II
177,21062,20265,02A,A,2005/06/16 04:00:00+00,2638.766364,89561.71595,02A,Codorus silt loam,0-2,occasional flooding,Soils with Slow Infiltration Rate,Very Poor Potential,"severe problems, some not correctable, and others requiring extensive and costly engineering solutions which may be unsatisfactory",Flood Plain,depth to hard bedrock is generally greater than 6',Very Poor Potential,flooding potential,Secondary Cropland,3W,,MONGLE-CODORUS-HATBORO,Inclusions,No,Yes,Seasonally High (Apparent),Low To Moderate Infiltration / Recharge,No,Fair,Low,Shallow-placed Drip / Alternative Drainfields,Moderate,2007/07/16 19:55:31+00,02A,II
178,21064,20267,02A,A,2005/06/16 04:00:00+00,5435.398431,346902.1599,02A,Codorus silt loam,0-2,occasional flooding,Soils with Slow Infiltration Rate,Very Poor Potential,"severe problems, some not correctable, and others requiring extensive and costly engineering solutions which may be unsatisfactory",Flood Plain,depth to hard bedrock is generally greater than 6',Very Poor Potential,flooding potential,Secondary Cropland,3W,,MONGLE-CODORUS-HATBORO,Inclusions,No,Yes,Seasonally High (Apparent),Low To Moderate Infiltration / Recharge,No,Fair,Low,Shallow-placed Drip / Alternative Drainfields,Moderate,2007/07/16 19:55:31+00,02A,II
179,21448,20641,02A,A,2005/06/16 04:00:00+00,10984.44836,613092.4051,02A,Codorus silt loam,0-2,occasional flooding,Soils with Slow Infiltration Rate,Very Poor Potential,"severe problems, some not correctable, and others requiring extensive and costly engineering solutions which may be unsatisfactory",Flood Plain,depth to hard bedrock is generally greater than 6',Very Poor Potential,flooding potential,Secondary Cropland,3W,,MONGLE-CODORUS-HATBORO,Inclusions,No,Yes,Seasonally High (Apparent),Low To Moderate Infiltration / Recharge,No,Fair,Low,Shallow-placed Drip / Alternative Drainfields,Moderate,2007/07/16 19:55:31+00,02A,II
180,22208,21368,02A,A,2005/06/16 04:00:00+00,2164.934667,213418.8414,02A,Codorus silt loam,0-2,occasional flooding,Soils with Slow Infiltration Rate,Very Poor Potential,"severe problems, some not correctable, and others requiring extensive and costly engineering solutions which may be unsatisfactory",Flood Plain,depth to hard bedrock is generally greater than 6',Very Poor Potential,flooding potential,Secondary Cropland,3W,,MONGLE-CODORUS-HATBORO,Inclusions,No,Yes,Seasonally High (Apparent),Low To Moderate Infiltration / Recharge,No,Fair,Low,Shallow-placed Drip / Alternative Drainfields,Moderate,2007/07/16 19:55:31+00,02A,II
181,22347,21499,02A,A,2005/06/16 04:00:00+00,2297.631605,197566.1913,02A,Codorus silt loam,0-2,occasional flooding,Soils with Slow Infiltration Rate,Very Poor Potential,"severe problems, some not correctable, and others requiring extensive and costly engineering solutions which may be unsatisfactory",Flood Plain,depth to hard bedrock is generally greater than 6',Very Poor Potential,flooding potential,Secondary Cropland,3W,,MONGLE-CODORUS-HATBORO,Inclusions,No,Yes,Seasonally High (Apparent),Low To Moderate Infiltration / Recharge,No,Fair,Low,Shallow-placed Drip / Alternative Drainfields,Moderate,2007/07/16 19:55:31+00,02A,II
182,22364,21516,02A,A,2005/06/16 04:00:00+00,2230.049267,144914.6344,02A,Codorus silt loam,0-2,occasional flooding,Soils with Slow Infiltration Rate,Very Poor Potential,"severe problems, some not correctable, and others requiring extensive and costly engineering solutions which may be unsatisfactory",Flood Plain,depth to hard bedrock is generally greater than 6',Very Poor Potential,flooding potential,Secondary Cropland,3W,,MONGLE-CODORUS-HATBORO,Inclusions,No,Yes,Seasonally High (Apparent),Low To Moderate Infiltration / Recharge,No,Fair,Low,Shallow-placed Drip / Alternative Drainfields,Moderate,2007/07/16 19:55:31+00,02A,II
183,22427,21577,02A,A,2005/06/16 04:00:00+00,2576.990222,157204.9205,02A,Codorus silt loam,0-2,occasional flooding,Soils with Slow Infiltration Rate,Very Poor Potential,"severe problems, some not correctable, and others requiring extensive and costly engineering solutions which may be unsatisfactory",Flood Plain,depth to hard bedrock is generally greater than 6',Very Poor Potential,flooding potential,Secondary Cropland,3W,,MONGLE-CODORUS-HATBORO,Inclusions,No,Yes,Seasonally High (Apparent),Low To Moderate Infiltration / Recharge,No,Fair,Low,Shallow-placed Drip / Alternative Drainfields,Moderate,2007/07/16 19:55:31+00,02A,II
184,22473,21620,02A,A,2005/06/16 04:00:00+00,5367.119118,367076.9138,02A,Codorus silt loam,0-2,occasional flooding,Soils with Slow Infiltration Rate,Very Poor Potential,"severe problems, some not correctable, and others requiring extensive and costly engineering solutions which may be unsatisfactory",Flood Plain,depth to hard bedrock is generally greater than 6',Very Poor Potential,flooding potential,Secondary Cropland,3W,,MONGLE-CODORUS-HATBORO,Inclusions,No,Yes,Seasonally High (Apparent),Low To Moderate Infiltration / Recharge,No,Fair,Low,Shallow-placed Drip / Alternative Drainfields,Moderate,2007/07/16 19:55:31+00,02A,II
185,22520,21661,02A,A,2005/06/16 04:00:00+00,3077.623263,203491.4974,02A,Codorus silt loam,0-2,occasional flooding,Soils with Slow Infiltration Rate,Very Poor Potential,"severe problems, some not correctable, and others requiring extensive and costly engineering solutions which may be unsatisfactory",Flood Plain,depth to hard bedrock is generally greater than 6',Very Poor Potential,flooding potential,Secondary Cropland,3W,,MONGLE-CODORUS-HATBORO,Inclusions,No,Yes,Seasonally High (Apparent),Low To Moderate Infiltration / Recharge,No,Fair,Low,Shallow-placed Drip / Alternative Drainfields,Moderate,2007/07/16 19:55:31+00,02A,II
186,22560,21699,02A,A,2005/06/16 04:00:00+00,8203.998781,479553.8891,02A,Codorus silt loam,0-2,occasional flooding,Soils with Slow Infiltration Rate,Very Poor Potential,"severe problems, some not correctable, and others requiring extensive and costly engineering solutions which may be unsatisfactory",Flood Plain,depth to hard bedrock is generally greater than 6',Very Poor Potential,flooding potential,Secondary Cropland,3W,,MONGLE-CODORUS-HATBORO,Inclusions,No,Yes,Seasonally High (Apparent),Low To Moderate Infiltration / Recharge,No,Fair,Low,Shallow-placed Drip / Alternative Drainfields,Moderate,2007/07/16 19:55:31+00,02A,II
187,22630,21767,02A,A,2005/06/16 04:00:00+00,12549.86671,827843.4301,02A,Codorus silt loam,0-2,occasional flooding,Soils with Slow Infiltration Rate,Very Poor Potential,"severe problems, some not correctable, and others requiring extensive and costly engineering solutions which may be unsatisfactory",Flood Plain,depth to hard bedrock is generally greater than 6',Very Poor Potential,flooding potential,Secondary Cropland,3W,,MONGLE-CODORUS-HATBORO,Inclusions,No,Yes,Seasonally High (Apparent),Low To Moderate Infiltration / Recharge,No,Fair,Low,Shallow-placed Drip / Alternative Drainfields,Moderate,2007/07/16 19:55:31+00,02A,II
188,22747,21877,02A,A,2005/06/16 04:00:00+00,6097.792391,561174.181,02A,Codorus silt loam,0-2,occasional flooding,Soils with Slow Infiltration Rate,Very Poor Potential,"severe problems, some not correctable, and others requiring extensive and costly engineering solutions which may be unsatisfactory",Flood Plain,depth to hard bedrock is generally greater than 6',Very Poor Potential,flooding potential,Secondary Cropland,3W,,MONGLE-CODORUS-HATBORO,Inclusions,No,Yes,Seasonally High (Apparent),Low To Moderate Infiltration / Recharge,No,Fair,Low,Shallow-placed Drip / Alternative Drainfields,Moderate,2007/07/16 19:55:31+00,02A,II
189,23022,22128,02A,A,2005/06/16 04:00:00+00,1635.406402,74339.16853,02A,Codorus silt loam,0-2,occasional flooding,Soils with Slow Infiltration Rate,Very Poor Potential,"severe problems, some not correctable, and others requiring extensive and costly engineering solutions which may be unsatisfactory",Flood Plain,depth to hard bedrock is generally greater than 6',Very Poor Potential,flooding potential,Secondary Cropland,3W,,MONGLE-CODORUS-HATBORO,Inclusions,No,Yes,Seasonally High (Apparent),Low To Moderate Infiltration / Recharge,No,Fair,Low,Shallow-placed Drip / Alternative Drainfields,Moderate,2007/07/16 19:55:31+00,02A,II
190,23200,22297,02A,A,2005/06/16 04:00:00+00,5265.220056,568316.0511,02A,Codorus silt loam,0-2,occasional flooding,Soils with Slow Infiltration Rate,Very Poor Potential,"severe problems, some not correctable, and others requiring extensive and costly engineering solutions which may be unsatisfactory",Flood Plain,depth to hard bedrock is generally greater than 6',Very Poor Potential,flooding potential,Secondary Cropland,3W,,MONGLE-CODORUS-HATBORO,Inclusions,No,Yes,Seasonally High (Apparent),Low To Moderate Infiltration / Recharge,No,Fair,Low,Shallow-placed Drip / Alternative Drainfields,Moderate,2007/07/16 19:55:31+00,02A,II
191,23236,22332,02A,A,2005/06/16 04:00:00+00,1880.82053,82961.92796,02A,Codorus silt loam,0-2,occasional flooding,Soils with Slow Infiltration Rate,Very Poor Potential,"severe problems, some not correctable, and others requiring extensive and costly engineering solutions which may be unsatisfactory",Flood Plain,depth to hard bedrock is generally greater than 6',Very Poor Potential,flooding potential,Secondary Cropland,3W,,MONGLE-CODORUS-HATBORO,Inclusions,No,Yes,Seasonally High (Apparent),Low To Moderate Infiltration / Recharge,No,Fair,Low,Shallow-placed Drip / Alternative Drainfields,Moderate,2007/07/16 19:55:31+00,02A,II
192,23252,22348,02A,A,2005/06/16 04:00:00+00,1450.242809,44814.22715,02A,Codorus silt loam,0-2,occasional flooding,Soils with Slow Infiltration Rate,Very Poor Potential,"severe problems, some not correctable, and others requiring extensive and costly engineering solutions which may be unsatisfactory",Flood Plain,depth to hard bedrock is generally greater than 6',Very Poor Potential,flooding potential,Secondary Cropland,3W,,MONGLE-CODORUS-HATBORO,Inclusions,No,Yes,Seasonally High (Apparent),Low To Moderate Infiltration / Recharge,No,Fair,Low,Shallow-placed Drip / Alternative Drainfields,Moderate,2007/07/16 19:55:31+00,02A,II
193,23333,22426,02A,A,2005/06/16 04:00:00+00,2122.044762,95266.52962,02A,Codorus silt loam,0-2,occasional flooding,Soils with Slow Infiltration Rate,Very Poor Potential,"severe problems, some not correctable, and others requiring extensive and costly engineering solutions which may be unsatisfactory",Flood Plain,depth to hard bedrock is generally greater than 6',Very Poor Potential,flooding potential,Secondary Cropland,3W,,MONGLE-CODORUS-HATBORO,Inclusions,No,Yes,Seasonally High (Apparent),Low To Moderate Infiltration / Recharge,No,Fair,Low,Shallow-placed Drip / Alternative Drainfields,Moderate,2007/07/16 19:55:31+00,02A,II
194,23461,22544,02A,A,2005/06/16 04:00:00+00,873.1316556,26049.17509,02A,Codorus silt loam,0-2,occasional flooding,Soils with Slow Infiltration Rate,Very Poor Potential,"severe problems, some not correctable, and others requiring extensive and costly engineering solutions which may be unsatisfactory",Flood Plain,depth to hard bedrock is generally greater than 6',Very Poor Potential,flooding potential,Secondary Cropland,3W,,MONGLE-CODORUS-HATBORO,Inclusions,No,Yes,Seasonally High (Apparent),Low To Moderate Infiltration / Recharge,No,Fair,Low,Shallow-placed Drip / Alternative Drainfields,Moderate,2007/07/16 19:55:31+00,02A,II
195,23575,22651,02A,A,2005/06/16 04:00:00+00,1126.028789,42336.17717,02A,Codorus silt loam,0-2,occasional flooding,Soils with Slow Infiltration Rate,Very Poor Potential,"severe problems, some not correctable, and others requiring extensive and costly engineering solutions which may be unsatisfactory",Flood Plain,depth to hard bedrock is generally greater than 6',Very Poor Potential,flooding potential,Secondary Cropland,3W,,MONGLE-CODORUS-HATBORO,Inclusions,No,Yes,Seasonally High (Apparent),Low To Moderate Infiltration / Recharge,No,Fair,Low,Shallow-placed Drip / Alternative Drainfields,Moderate,2007/07/16 19:55:31+00,02A,II
196,23678,22749,02A,A,2005/06/16 04:00:00+00,1390.448672,45872.31834,02A,Codorus silt loam,0-2,occasional flooding,Soils with Slow Infiltration Rate,Very Poor Potential,"severe problems, some not correctable, and others requiring extensive and costly engineering solutions which may be unsatisfactory",Flood Plain,depth to hard bedrock is generally greater than 6',Very Poor Potential,flooding potential,Secondary Cropland,3W,,MONGLE-CODORUS-HATBORO,Inclusions,No,Yes,Seasonally High (Apparent),Low To Moderate Infiltration / Recharge,No,Fair,Low,Shallow-placed Drip / Alternative Drainfields,Moderate,2007/07/16 19:55:31+00,02A,II
197,23711,22782,02A,A,2005/06/16 04:00:00+00,1830.319017,139062.6483,02A,Codorus silt loam,0-2,occasional flooding,Soils with Slow Infiltration Rate,Very Poor Potential,"severe problems, some not correctable, and others requiring extensive and costly engineering solutions which may be unsatisfactory",Flood Plain,depth to hard bedrock is generally greater than 6',Very Poor Potential,flooding potential,Secondary Cropland,3W,,MONGLE-CODORUS-HATBORO,Inclusions,No,Yes,Seasonally High (Apparent),Low To Moderate Infiltration / Recharge,No,Fair,Low,Shallow-placed Drip / Alternative Drainfields,Moderate,2007/07/16 19:55:31+00,02A,II
198,23814,22874,02A,A,2005/06/16 04:00:00+00,1055.284381,59309.37631,02A,Codorus silt loam,0-2,occasional flooding,Soils with Slow Infiltration Rate,Very Poor Potential,"severe problems, some not correctable, and others requiring extensive and costly engineering solutions which may be unsatisfactory",Flood Plain,depth to hard bedrock is generally greater than 6',Very Poor Potential,flooding potential,Secondary Cropland,3W,,MONGLE-CODORUS-HATBORO,Inclusions,No,Yes,Seasonally High (Apparent),Low To Moderate Infiltration / Recharge,No,Fair,Low,Shallow-placed Drip / Alternative Drainfields,Moderate,2007/07/16 19:55:31+00,02A,II
199,24485,23474,02A,A,2005/06/16 04:00:00+00,1775.919258,80849.34154,02A,Codorus silt loam,0-2,occasional flooding,Soils with Slow Infiltration Rate,Very Poor Potential,"severe problems, some not correctable, and others requiring extensive and costly engineering solutions which may be unsatisfactory",Flood Plain,depth to hard bedrock is generally greater than 6',Very Poor Potential,flooding potential,Secondary Cropland,3W,,MONGLE-CODORUS-HATBORO,Inclusions,No,Yes,Seasonally High (Apparent),Low To Moderate Infiltration / Recharge,No,Fair,Low,Shallow-placed Drip / Alternative Drainfields,Moderate,2007/07/16 19:55:31+00,02A,II
